probability,angleinvcdf
0.0,0.0
0.00010001000100010001,0.0029885275454499967
0.00020002000200020003,0.004236668394085331
0.00030003000300030005,0.00519447035881116
0.00040004000400040005,0.006001986322787334
0.0005000500050005,0.006713465144750597
0.0006000600060006001,0.007356730363222813
0.0007000700070007,0.007948309364256943
0.0008000800080008001,0.008498970015104286
0.0009000900090009002,0.00901619219493872
0.001000100010001,0.009505421820420325
0.0011001100110011,0.009970769896687366
0.0012001200120012002,0.010415430119851193
0.0013001300130013002,0.01084194208944568
0.0014001400140014,0.011252364754821345
0.0015001500150015003,0.011648394957947984
0.0016001600160016002,0.012031450687088942
0.0017001700170017002,0.012402731293303644
0.0018001800180018003,0.012763262042282746
0.0019001900190019003,0.013113927508713263
0.002000200020002,0.013455498235291057
0.0021002100210021,0.013788650082936992
0.0022002200220022,0.014113979166383774
0.0023002300230023005,0.014432014340332942
0.0024002400240024004,0.014743227444587035
0.0025002500250025004,0.015048041459482728
0.0026002600260026003,0.015346837276505652
0.0027002700270027003,0.015639959285417296
0.0028002800280028,0.015927720194639006
0.0029002900290029006,0.01621040497056434
0.0030003000300030005,0.016488274188909066
0.0031003100310031005,0.016761566806729085
0.0032003200320032004,0.017030502639741214
0.0033003300330033004,0.017295284408416895
0.0034003400340034003,0.01755609957577951
0.0035003500350035003,0.017813121860143104
0.0036003600360036006,0.018066512642067278
0.0037003700370037006,0.01831642214567711
0.0038003800380038005,0.01856299048455621
0.0039003900390039005,0.0188063485898503
0.004000400040004,0.01904661903014243
0.004100410041004101,0.01928391673837748
0.0042004200420042,0.01951834966823535
0.004300430043004301,0.019750019371559756
0.0044004400440044,0.019979021503177433
0.004500450045004501,0.02020544642921108
0.004600460046004601,0.020429379667142082
0.0047004700470047005,0.02065090210563725
0.004800480048004801,0.020870090395855554
0.0049004900490049,0.021087017202943644
0.005000500050005001,0.02130175152958288
0.0051005100510051,0.021514358960278368
0.005200520052005201,0.021724901872466347
0.005300530053005301,0.02193343968202546
0.0054005400540054005,0.022140029105617413
0.005500550055005501,0.022344724409324997
0.0056005600560056,0.02254757740221057
0.005700570057005701,0.022748637568414654
0.005800580058005801,0.022947952212957725
0.005900590059005901,0.023145566591969202
0.006000600060006001,0.023341524033728824
0.006100610061006101,0.023535866051315576
0.006200620062006201,0.023728632447845028
0.0063006300630063005,0.02391986141365353
0.006400640064006401,0.02410958961396392
0.006500650065006501,0.024297852272669986
0.006600660066006601,0.024484683249687746
0.006700670067006701,0.024670115113313452
0.006800680068006801,0.024854179217114598
0.006900690069006901,0.025036905750104577
0.0070007000700070005,0.02521832379388616
0.007100710071007101,0.025398461391799822
0.007200720072007201,0.02557734559686752
0.007300730073007301,0.025755002501300785
0.007400740074007401,0.02593145731614145
0.007500750075007501,0.02610673437932971
0.007600760076007601,0.02628085721959098
0.0077007700770077014,0.02645384858429593
0.007800780078007801,0.026625730474869942
0.0079007900790079,0.026796524183711826
0.008000800080008,0.026966250321522955
0.008100810081008101,0.027134928801503727
0.008200820082008202,0.027302578911997052
0.0083008300830083,0.02746921933325829
0.0084008400840084,0.02763486819408386
0.008500850085008501,0.027799543077202463
0.008600860086008601,0.027963261037453023
0.008700870087008702,0.028126038641721154
0.0088008800880088,0.028287891976175095
0.0089008900890089,0.028448836659750374
0.009000900090009001,0.028608887876424863
0.009100910091009102,0.028768060386686462
0.009200920092009202,0.028926368543919508
0.0093009300930093,0.02908382636540739
0.009400940094009401,0.029240447561925016
0.009500950095009501,0.029396245485753227
0.009600960096009602,0.029551233138302765
0.009700970097009702,0.029705423182972715
0.0098009800980098,0.02985882795739955
0.009900990099009901,0.030011459485132005
0.010001000100010001,0.030163329486624375
0.010101010101010102,0.030314449389851842
0.0102010201020102,0.030464830341193603
0.010301030103010301,0.030614483214462217
0.010401040104010401,0.030763418620116896
0.010501050105010502,0.0309116469141194
0.010601060106010602,0.031059178206404067
0.0107010701070107,0.031206022368983632
0.010801080108010801,0.031352189043709955
0.010901090109010901,0.031497687649706535
0.011001100110011002,0.031642527390587545
0.011101110111011102,0.03178671726175353
0.0112011201120112,0.03193026605616739
0.011301130113011301,0.03207318237082288
0.011401140114011402,0.03221547461283656
0.011501150115011502,0.03235715100523663
0.011601160116011602,0.03249821959252377
0.011701170117011701,0.03263868824601571
0.011801180118011801,0.032778564669220675
0.011901190119011902,0.03291785640515795
0.012001200120012002,0.03305657083699019
0.0121012101210121,0.033194715193413805
0.012201220122012201,0.03333229655376862
0.012301230123012302,0.03346932185277
0.012401240124012402,0.03360579788839818
0.012501250125012502,0.0337417313185329
0.012601260126012601,0.03387712866771025
0.012701270127012701,0.034011996353316185
0.012801280128012802,0.03414634069003559
0.012901290129012902,0.034280167860867884
0.013001300130013002,0.03441348392319669
0.013101310131013101,0.034546294818887276
0.013201320132013201,0.034678606372825584
0.013301330133013302,0.03481042429014199
0.013401340134013402,0.03494175416979377
0.013501350135013503,0.035072601504751534
0.013601360136013601,0.035202971675310446
0.013701370137013702,0.03533286996702449
0.013801380138013802,0.03546230156337509
0.013901390139013902,0.03559127154586862
0.014001400140014001,0.035719784911168444
0.014101410141014101,0.03584784655404607
0.014201420142014202,0.035975461278973726
0.014301430143014302,0.03610263379168711
0.014401440144014403,0.036229368708318214
0.014501450145014501,0.0363556705746175
0.014601460146014602,0.036481543847307146
0.014701470147014702,0.03660699291818134
0.014801480148014802,0.03673202209437566
0.014901490149014903,0.036856635619641205
0.015001500150015001,0.03698083765905518
0.015101510151015102,0.037104632315245564
0.015201520152015202,0.03722802361726233
0.015301530153015303,0.0373510155338492
0.015401540154015403,0.03747361196327234
0.015501550155015502,0.03759581674734104
0.015601560156015602,0.03771763365862027
0.0157015701570157,0.037839066418112695
0.0158015801580158,0.03796011867815315
0.0159015901590159,0.03808079404378056
0.016001600160016,0.03820109605343676
0.016101610161016102,0.038321028199356864
0.016201620162016202,0.03844059391370403
0.016301630163016303,0.03855979657785941
0.016401640164016403,0.03867863952451674
0.016501650165016504,0.038797126028607395
0.0166016601660166,0.038915259324297714
0.0167016701670167,0.0390330425902234
0.0168016801680168,0.03915047896038862
0.0169016901690169,0.03926757152530675
0.017001700170017002,0.039384323322803706
0.017101710171017102,0.0395007373527572
0.017201720172017203,0.03961681657015873
0.017301730173017303,0.039732563882510785
0.017401740174017404,0.03984798216170924
0.017501750175017504,0.03996307423636472
0.0176017601760176,0.040077842891238766
0.0177017701770177,0.040192290877095825
0.0178017801780178,0.040306420904649316
0.017901790179017902,0.04042023564255751
0.018001800180018002,0.04053373772709761
0.018101810181018103,0.04064692975818885
0.018201820182018203,0.04075981429570979
0.018301830183018303,0.040872393869943874
0.018401840184018404,0.04098467099590528
0.0185018501850185,0.04109664816071036
0.0186018601860186,0.04120832781622989
0.0187018701870187,0.041319712386408296
0.018801880188018802,0.0414308042643453
0.018901890189018902,0.04154160581139458
0.019001900190019003,0.04165211935685555
0.019101910191019103,0.041762347203692055
0.019201920192019203,0.04187229162608391
0.019301930193019304,0.04198195486952666
0.019401940194019404,0.042091339149192095
0.0195019501950195,0.04220044665481864
0.0196019601960196,0.042309279549985056
0.019701970197019702,0.04241783997176624
0.019801980198019802,0.042526130030955324
0.019901990199019903,0.04263415181102138
0.020002000200020003,0.04274190737203331
0.020102010201020103,0.04284939875000038
0.020202020202020204,0.04295662796056465
0.020302030203020304,0.04306359699768546
0.0204020402040204,0.04317030782939245
0.0205020502050205,0.043276762397747005
0.020602060206020602,0.04338296262151159
0.020702070207020702,0.043488910395284165
0.020802080208020803,0.04359460758982168
0.020902090209020903,0.043700056052454334
0.021002100210021003,0.04380525760749173
0.021102110211021104,0.04391021405642583
0.021202120212021204,0.04401492717794403
0.021302130213021304,0.04411939872968109
0.0214021402140214,0.04422363044787287
0.0215021502150215,0.04432762404762157
0.021602160216021602,0.04443138122325012
0.021702170217021702,0.04453490364864943
0.021802180218021803,0.04463819297761732
0.021902190219021903,0.044741250844191206
0.022002200220022004,0.044844078862972515
0.022102210221022104,0.044946678629404505
0.022202220222022204,0.045049051719904074
0.0223022302230223,0.045151199692659766
0.0224022402240224,0.045253124087710574
0.022502250225022502,0.04535482642717779
0.022602260226022602,0.0454563082155516
0.022702270227022703,0.04555757093997086
0.022802280228022803,0.045658616070498016
0.022902290229022904,0.04575944506038761
0.023002300230023004,0.04586005934634957
0.023102310231023104,0.045960460348807596
0.023202320232023205,0.046060649472151195
0.0233023302330233,0.0461606281049842
0.023402340234023402,0.046260397620366774
0.023502350235023502,0.04635995937605372
0.023602360236023603,0.046459314714727334
0.023702370237023703,0.046558464964226165
0.023802380238023804,0.04665741143776918
0.023902390239023904,0.046756155434174926
0.024002400240024004,0.04685469823807765
0.024102410241024105,0.04695304112013797
0.0242024202420242,0.04705118533725035
0.024302430243024302,0.04714913213274636
0.024402440244024402,0.04724688273659356
0.024502450245024503,0.04734443836559173
0.024602460246024603,0.047441800223564014
0.024702470247024703,0.0475389695015458
0.024802480248024804,0.04763594737796897
0.024902490249024904,0.047732735018885766
0.025002500250025005,0.04782933357606521
0.025102510251025105,0.04792574417885086
0.025202520252025202,0.048021967941707995
0.025302530253025302,0.04811800596822759
0.025402540254025403,0.04821385935118787
0.025502550255025503,0.04830952917270207
0.025602560256025603,0.048405016504376
0.025702570257025704,0.048500322407624745
0.025802580258025804,0.04859544793352196
0.025902590259025905,0.04869039412298244
0.026002600260026005,0.04878516200695589
0.026102610261026102,0.04887975260655893
0.026202620262026202,0.048974166933206
0.026302630263026303,0.049068405988736845
0.026402640264026403,0.04916247076554257
0.026502650265026503,0.049256362246689375
0.026602660266026604,0.049350081406039775
0.026702670267026704,0.04944362920837973
0.026802680268026804,0.04953700660992208
0.026902690269026905,0.04963021455789656
0.027002700270027005,0.0497232539905765
0.027102710271027102,0.049816125838293986
0.027202720272027203,0.049908831036004776
0.027302730273027303,0.050001370519760474
0.027402740274027403,0.05009374521734981
0.027502750275027504,0.050185956048212535
0.027602760276027604,0.0502780039241181
0.027702770277027704,0.05036988974869106
0.027802780278027805,0.05046161441701112
0.027902790279027905,0.050553178816216716
0.028002800280028002,0.05064458382560287
0.028102810281028102,0.050735830316717086
0.028202820282028203,0.050826919153499704
0.028302830283028303,0.05091785119329459
0.028402840284028404,0.05100862728543963
0.028502850285028504,0.05109924827149903
0.028602860286028604,0.05118971498574845
0.028702870287028705,0.05128002825526278
0.028802880288028805,0.05137018890007934
0.028902890289028906,0.05146019773440595
0.029002900290029002,0.051550055564737254
0.029102910291029103,0.05163976319026816
0.029202920292029203,0.05172932140341014
0.029302930293029304,0.051818730989870845
0.029402940294029404,0.05190799272958822
0.029502950295029504,0.05199710739638859
0.029602960296029605,0.05208607575642153
0.029702970297029705,0.05217489856942867
0.029802980298029805,0.05226357658882825
0.029902990299029902,0.052352110562817716
0.030003000300030003,0.05244050123381737
0.030103010301030103,0.05252874933679204
0.030203020302030203,0.052616855600659394
0.030303030303030304,0.05270482074846436
0.030403040304030404,0.05279264549915435
0.030503050305030505,0.052880330564728024
0.030603060306030605,0.0529678766506982
0.030703070307030705,0.053055284456870064
0.030803080308030806,0.05314255467856687
0.030903090309030903,0.05322968800623753
0.031003100310031003,0.05331668512304289
0.031103110311031103,0.05340354670666308
0.031203120312031204,0.05349027343020003
0.0313031303130313,0.05357686596295316
0.0314031403140314,0.05366332496680037
0.0315031503150315,0.05374965109825547
0.0316031603160316,0.05383584500958566
0.0317031703170317,0.05392190734955637
0.0318031803180318,0.05400783875956094
0.0319031903190319,0.05409363987585158
0.032003200320032,0.05417931133125268
0.032103210321032104,0.054264853754494934
0.032203220322032204,0.05435026776723939
0.032303230323032305,0.054435553986415544
0.032403240324032405,0.05452071302683381
0.032503250325032505,0.054605745497260515
0.032603260326032606,0.054690652000530506
0.032703270327032706,0.054775433136712806
0.032803280328032806,0.0548600895128895
0.03290329032903291,0.0549446217319719
0.03300330033003301,0.05502903039102389
0.03310331033103311,0.05511331608473382
0.0332033203320332,0.05519747940078846
0.0333033303330333,0.05528152091985405
0.0334033403340334,0.055365441219018874
0.0335033503350335,0.055449240871655966
0.0336033603360336,0.055532920442745735
0.0337033703370337,0.05561648049287497
0.0338033803380338,0.05569992158063117
0.033903390339033904,0.05578324425619684
0.034003400340034004,0.05586644906465577
0.034103410341034104,0.05594953654971933
0.034203420342034205,0.05603250724739332
0.034303430343034305,0.05611536168801737
0.034403440344034406,0.056198100400752043
0.034503450345034506,0.0562807239078084
0.034603460346034606,0.05636323272539215
0.03470347034703471,0.056445627368671175
0.03480348034803481,0.056527908346300025
0.03490349034903491,0.05661007616089065
0.03500350035003501,0.05669213131424821
0.0351035103510351,0.056774074301875456
0.0352035203520352,0.056855905618462564
0.0353035303530353,0.05693762576265144
0.0354035403540354,0.05701923522602295
0.0355035503550355,0.057100734495094854
0.0356035603560356,0.05718212405629382
0.035703570357035704,0.05726340438825395
0.035803580358035804,0.05734457596579731
0.035903590359035904,0.057425639263151265
0.036003600360036005,0.057506594746361515
0.036103610361036105,0.05758744287942026
0.036203620362036205,0.05766818412409979
0.036303630363036306,0.05774881893443705
0.036403640364036406,0.057829347764492126
0.03650365036503651,0.0579097710630467
0.03660366036603661,0.057990089273349366
0.03670367036703671,0.058070302839172964
0.03680368036803681,0.05815041219675513
0.03690369036903691,0.05823041777985135
0.037003700370037,0.0583103200208184
0.0371037103710371,0.05839011934441331
0.0372037203720372,0.058469816175990515
0.0373037303730373,0.05854941093517367
0.0374037403740374,0.058628904037376396
0.0375037503750375,0.05870829589813655
0.037603760376037604,0.058787586925245716
0.037703770377037704,0.05886677752660453
0.037803780378037805,0.05894586810559671
0.037903790379037905,0.059024859060829
0.038003800380038005,0.059103750791424346
0.038103810381038106,0.05918254368895812
0.038203820382038206,0.05926123814532239
0.038303830383038306,0.05933983454774264
0.03840384038403841,0.05941833327936235
0.03850385038503851,0.0594967347234612
0.03860386038603861,0.05957503925607206
0.03870387038703871,0.05965324725430045
0.03880388038803881,0.05973135908937119
0.0389038903890389,0.059809375130407905
0.039003900390039,0.05988729574499701
0.0391039103910391,0.059965121294788204
0.0392039203920392,0.06004285214258259
0.0393039303930393,0.060120488644225124
0.039403940394039404,0.06019803115622249
0.039503950395039504,0.060275480030128004
0.039603960396039604,0.06035283561512236
0.039703970397039705,0.06043009825910376
0.039803980398039805,0.06050726830446517
0.039903990399039906,0.06058434609459522
0.040004000400040006,0.0606613319662564
0.040104010401040106,0.060738226257389324
0.04020402040204021,0.06081502930014795
0.04030403040304031,0.06089174142631781
0.04040404040404041,0.06096836296416952
0.04050405040504051,0.06104489423905189
0.04060406040604061,0.06112133557547461
0.04070407040704071,0.061197687292878035
0.0408040804080408,0.06127394971146712
0.0409040904090409,0.0613501231454559
0.041004100410041,0.061426207910308006
0.0411041104110411,0.06150220431555705
0.041204120412041204,0.061578112671628896
0.041304130413041304,0.06165393328378708
0.041404140414041404,0.061729666457951374
0.041504150415041505,0.06180531250666995
0.041604160416041605,0.06188087174750119
0.041704170417041705,0.0619563444956987
0.041804180418041806,0.06203173106367816
0.041904190419041906,0.06210703176330933
0.04200420042004201,0.06218224690213258
0.04210421042104211,0.06225737678841488
0.04220422042204221,0.06233242172514668
0.04230423042304231,0.06240738201684942
0.04240424042404241,0.0624822579622166
0.04250425042504251,0.06255704986194383
0.04260426042604261,0.06263175801062093
0.0427042704270427,0.062706382705088
0.0428042804280428,0.0627809242359772
0.0429042904290429,0.06285538289628122
0.043004300430043,0.06292975897278572
0.043104310431043104,0.06300405275467032
0.043204320432043204,0.06307826452496125
0.043304330433043305,0.0631523945690758
0.043404340434043405,0.06322644316635379
0.043504350435043505,0.06330041059850648
0.043604360436043606,0.06337429714125695
0.043704370437043706,0.06344810307266367
0.043804380438043806,0.06352182866490633
0.04390439043904391,0.06359547419243322
0.04400440044004401,0.06366903992396515
0.04410441044104411,0.06374252613043586
0.04420442044204421,0.06381593307842706
0.04430443044304431,0.06388926103737369
0.04440444044404441,0.06396251027153442
0.04450445044504451,0.06403568104687686
0.0446044604460446,0.06410877362475656
0.0447044704470447,0.0641817882675763
0.0448044804480448,0.06425472523399738
0.044904490449044904,0.0643275847827286
0.045004500450045004,0.06440036716999249
0.045104510451045104,0.06447307265066284
0.045204520452045205,0.06454570147871087
0.045304530453045305,0.06461825390518303
0.045404540454045406,0.06469073018174931
0.045504550455045506,0.06476313055586314
0.045604560456045606,0.06483545527671813
0.04570457045704571,0.06490770458848087
0.04580458045804581,0.0649798787376193
0.04590459045904591,0.06505197796539276
0.04600460046004601,0.06512400251521734
0.04610461046104611,0.06519595262590057
0.04620462046204621,0.0652678285374021
0.04630463046304631,0.06533963048661123
0.04640464046404641,0.06541135870962614
0.0465046504650465,0.06548301344178863
0.0466046604660466,0.06555459491531063
0.046704670467046704,0.0656261033636994
0.046804680468046804,0.06569753901588184
0.046904690469046904,0.06576890210295128
0.047004700470047005,0.06584019285126619
0.047104710471047105,0.06591141148882512
0.047204720472047206,0.06598255824022654
0.047304730473047306,0.06605363332970156
0.047404740474047406,0.06612463698068494
0.04750475047504751,0.06619556941352085
0.04760476047604761,0.06626643085003897
0.04770477047704771,0.06633722150758196
0.04780478047804781,0.06640794160547121
0.04790479047904791,0.06647859135909902
0.04800480048004801,0.06654917098430689
0.04810481048104811,0.06661968069552493
0.04820482048204821,0.0666901207046582
0.04830483048304831,0.06676049122484759
0.0484048404840484,0.06683079246500814
0.048504850485048503,0.06690102463587928
0.048604860486048604,0.06697118794471273
0.048704870487048704,0.06704128259870012
0.048804880488048805,0.06711130880437655
0.048904890489048905,0.06718126676516441
0.049004900490049005,0.06725115668612998
0.049104910491049106,0.06732097876833122
0.049204920492049206,0.06739073321392276
0.049304930493049307,0.06746042022315005
0.04940494049404941,0.06753003999432514
0.04950495049504951,0.06759959272676432
0.04960496049604961,0.06766907861594211
0.04970497049704971,0.06773849785877219
0.04980498049804981,0.06780785064971548
0.04990499049904991,0.06787713718199892
0.05000500050005001,0.06794635764942002
0.05010501050105011,0.06801551224218075
0.05020502050205021,0.06808460115191164
0.0503050305030503,0.06815362456782557
0.050405040504050404,0.06822258267794465
0.050505050505050504,0.06829147567088366
0.050605060506050605,0.06836030373178215
0.050705070507050705,0.06842906704700562
0.050805080508050805,0.06849776580100013
0.050905090509050906,0.06856640017649913
0.051005100510051006,0.06863497035720495
0.051105110511051106,0.06870347652320213
0.05120512051205121,0.06877191885319703
0.05130513051305131,0.0688402975242744
0.05140514051405141,0.06890861271153124
0.05150515051505151,0.06897686459152004
0.05160516051605161,0.06904505333847814
0.05170517051705171,0.0691131791266085
0.05180518051805181,0.06918124213046258
0.05190519051905191,0.06924924252198
0.05200520052005201,0.06931718047437319
0.05210521052105211,0.06938505615976549
0.052205220522052204,0.06945286974857466
0.052305230523052304,0.0695206214126234
0.052405240524052404,0.06958831132142336
0.052505250525052505,0.06965593964444726
0.052605260526052605,0.06972350655164133
0.052705270527052706,0.06979101221033125
0.052805280528052806,0.06985845678893783
0.052905290529052906,0.0699258404552935
0.05300530053005301,0.0699931633750381
0.05310531053105311,0.07006042571528927
0.05320532053205321,0.07012762764166193
0.05330533053305331,0.0701947693184835
0.05340534053405341,0.0702618509113709
0.05350535053505351,0.07032887258370032
0.05360536053605361,0.07039583449871917
0.05370537053705371,0.07046273682033932
0.05380538053805381,0.07052957970994463
0.05390539053905391,0.07059636332961468
0.05400540054005401,0.0706630878414978
0.054105410541054104,0.07072975340445559
0.054205420542054204,0.07079636017468412
0.054305430543054305,0.07086290830714839
0.054405440544054405,0.07092939795496989
0.054505450545054505,0.0709958292725004
0.054605460546054606,0.07106220241354484
0.054705470547054706,0.07112851753019549
0.05480548054805481,0.07119477477586485
0.05490549054905491,0.07126097430320776
0.05500550055005501,0.07132711626331469
0.05510551055105511,0.07139320080862535
0.05520552055205521,0.07145922809069716
0.05530553055305531,0.07152519825961624
0.05540554055405541,0.0715911114668283
0.05550555055505551,0.0716569678628576
0.05560556055605561,0.07172276759676502
0.05570557055705571,0.07178851081898818
0.05580558055805581,0.07185419767908598
0.05590559055905591,0.07191982832506946
0.056005600560056004,0.07198540290635368
0.056105610561056105,0.07205092157159664
0.056205620562056205,0.07211638446774575
0.056305630563056305,0.07218179174317187
0.056405640564056406,0.07224714354568346
0.056505650565056506,0.07231244002117976
0.056605660566056606,0.07237768131694924
0.05670567056705671,0.0724428675799797
0.05680568056805681,0.07250799895518602
0.05690569056905691,0.07257307558871019
0.05700570057005701,0.07263809762671494
0.05710571057105711,0.07270306521326424
0.05720572057205721,0.07276797849325287
0.05730573057305731,0.07283283761196963
0.05740574057405741,0.07289764271285303
0.05750575057505751,0.07296239393940274
0.05760576057605761,0.07302709143595919
0.05770577057705771,0.0730917353455813
0.05780578057805781,0.0731563258102628
0.057905790579057904,0.07322086297336419
0.058005800580058005,0.07328534697751704
0.058105810581058105,0.07334977796346222
0.058205820582058206,0.0734141560734111
0.058305830583058306,0.07347848144941338
0.058405840584058406,0.07354275423140173
0.05850585058505851,0.07360697456017624
0.05860586058605861,0.07367114257696007
0.05870587058705871,0.07373525842149688
0.05880588058805881,0.07379932223283663
0.05890589058905891,0.07386333415127598
0.05900590059005901,0.07392729431641891
0.05910591059105911,0.07399120286590989
0.05920592059205921,0.07405505993885417
0.05930593059305931,0.07411886567433262
0.05940594059405941,0.0741826202094921
0.05950595059505951,0.07424632368174966
0.05960596059605961,0.0743099762293052
0.05970597059705971,0.074373577989493
0.059805980598059805,0.07443712909791507
0.059905990599059905,0.07450062969170829
0.060006000600060005,0.07456407990786884
0.060106010601060106,0.07462747988143294
0.060206020602060206,0.07469082974779638
0.06030603060306031,0.07475412964310044
0.06040604060406041,0.07481737970274563
0.06050605060506051,0.07488058006024835
0.06060606060606061,0.07494373085063187
0.06070607060706071,0.07500683220888385
0.06080608060806081,0.0750698842684127
0.06090609060906091,0.07513288716218193
0.06100610061006101,0.07519584102431888
0.06110611061106111,0.07525874598853194
0.06120612061206121,0.07532160218642076
0.06130613061306131,0.0753844097506308
0.06140614061406141,0.07544716881416262
0.06150615061506151,0.07550987950921599
0.06160616061606161,0.07557254196622429
0.061706170617061705,0.07563515631718533
0.061806180618061805,0.07569772269310546
0.061906190619061906,0.0757602412224297
0.062006200620062006,0.07582271203241447
0.062106210621062106,0.07588513525138924
0.06220622062206221,0.07594751100721453
0.06230623062306231,0.07600983942587856
0.06240624062406241,0.07607212063321135
0.06250625062506251,0.07613435475565634
0.0626062606260626,0.07619654191912943
0.0627062706270627,0.07625868224751657
0.0628062806280628,0.07632077586509994
0.0629062906290629,0.0763828228964573
0.063006300630063,0.0764448234655984
0.0631063106310631,0.07650677769450397
0.0632063206320632,0.07656868570579631
0.0633063306330633,0.07663054762222854
0.0634063406340634,0.0766923635659771
0.0635063506350635,0.07675413365723616
0.0636063606360636,0.0768158580168967
0.0637063706370637,0.0768775367659272
0.0638063806380638,0.0769391700247531
0.0639063906390639,0.07700075791187197
0.064006400640064,0.07706230054638798
0.06410641064106411,0.0771237980475238
0.06420642064206421,0.07718525053402121
0.06430643064306431,0.07724665812279155
0.06440644064406441,0.07730802093108789
0.06450645064506451,0.07736933907642496
0.06460646064606461,0.07743061267588955
0.06470647064706471,0.07749184184498516
0.06480648064806481,0.07755302669901715
0.06490649064906491,0.07761416735382871
0.06500650065006501,0.07767526392485201
0.06510651065106511,0.0777363165264036
0.06520652065206521,0.07779732527166733
0.06530653065306531,0.0778582902745258
0.06540654065406541,0.07791921164829436
0.06550655065506551,0.0779800895054082
0.06560656065606561,0.07804092395655657
0.06570657065706571,0.07810171511311928
0.06580658065806581,0.07816246308609932
0.06590659065906591,0.07822316798589025
0.06600660066006601,0.07828382992114656
0.06610661066106611,0.07834444900056035
0.06620662066206622,0.07840502533287823
0.06630663066306632,0.0784655590262825
0.0664066406640664,0.07852605018790383
0.0665066506650665,0.0785864989236217
0.0666066606660666,0.07864690533992545
0.0667066706670667,0.07870726954280893
0.0668066806680668,0.07876759163767122
0.0669066906690669,0.0788278717282934
0.067006700670067,0.07888810991858694
0.0671067106710671,0.07894830631240948
0.0672067206720672,0.07900846101308413
0.0673067306730673,0.07906857412307573
0.0674067406740674,0.0791286457435276
0.0675067506750675,0.07918867597611427
0.0676067606760676,0.07924866492208589
0.0677067706770677,0.0793086126821743
0.06780678067806781,0.07936851935590114
0.06790679067906791,0.07942838504222027
0.06800680068006801,0.0794882098403569
0.06810681068106811,0.0795479938490307
0.06820682068206821,0.07960773716642686
0.06830683068306831,0.07966743988934452
0.06840684068406841,0.07972710211459912
0.06850685068506851,0.07978672393894487
0.06860686068606861,0.07984630545864449
0.06870687068706871,0.0799058467693883
0.06880688068806881,0.07996534796552514
0.06890689068906891,0.08002480914162091
0.06900690069006901,0.0800842303920296
0.06910691069106911,0.08014361181062804
0.06920692069206921,0.08020295349071573
0.06930693069306931,0.0802622555243307
0.06940694069406941,0.0803215180037498
0.06950695069506951,0.08038074102099578
0.06960696069606961,0.08043992466762771
0.06970697069706971,0.08049906903466937
0.06980698069806981,0.08055817421193899
0.06990699069906992,0.08061724028941512
0.07000700070007002,0.08067626735685537
0.07010701070107012,0.08073525550356726
0.0702070207020702,0.08079420481838735
0.0703070307030703,0.08085311538903198
0.0704070407040704,0.08091198730316398
0.0705070507050705,0.08097082064834016
0.0706070607060706,0.08102961551167955
0.0707070707070707,0.08108837197986624
0.0708070807080708,0.08114709013871543
0.0709070907090709,0.08120577007352321
0.071007100710071,0.08126441186970529
0.0711071107110711,0.0813230156122535
0.0712071207120712,0.08138158138573665
0.0713071307130713,0.0814401092741593
0.07140714071407141,0.08149859936058339
0.07150715071507151,0.08155705172825856
0.07160716071607161,0.08161546646010824
0.07170717071707171,0.08167384363864486
0.07180718071807181,0.08173218334597042
0.07190719071907191,0.08179048566331894
0.07200720072007201,0.08184875067162785
0.07210721072107211,0.08190697845180926
0.07220722072207221,0.08196516908437536
0.07230723072307231,0.08202332264944087
0.07240724072407241,0.08208143922665583
0.07250725072507251,0.08213951889477895
0.07260726072607261,0.08219756173263594
0.07270727072707271,0.08225556781879326
0.07280728072807281,0.0823135372314305
0.07290729072907291,0.08237147004834293
0.07300730073007301,0.08242936634679482
0.07310731073107311,0.08248722620331361
0.07320732073207321,0.08254504969452302
0.07330733073307331,0.08260283689666943
0.07340734073407341,0.08266058788709268
0.07350735073507352,0.08271830274457413
0.07360736073607362,0.08277598154749789
0.07370737073707372,0.08283362437354023
0.07380738073807382,0.08289123130052846
0.07390739073907392,0.08294880240595896
0.074007400740074,0.08300633776697039
0.0741074107410741,0.08306383746034592
0.0742074207420742,0.08312130156236786
0.0743074307430743,0.083178730148611
0.0744074407440744,0.08323612329477595
0.0745074507450745,0.08329348107625877
0.0746074607460746,0.08335080356810945
0.0747074707470747,0.08340809084503356
0.0748074807480748,0.08346534298134232
0.0749074907490749,0.08352256005058713
0.075007500750075,0.08357974212635036
0.07510751075107511,0.08363688928199382
0.07520752075207521,0.08369400159054374
0.07530753075307531,0.08375107912469272
0.07540754075407541,0.08380812195680155
0.07550755075507551,0.0838651301586251
0.07560756075607561,0.08392210380156767
0.07570757075707571,0.0839790429570192
0.07580758075807581,0.08403594769604511
0.07590759075907591,0.08409281808938732
0.07600760076007601,0.08414965420746622
0.07610761076107611,0.08420645612034963
0.07620762076207621,0.0842632238974368
0.07630763076307631,0.0843199576080937
0.07640764076407641,0.08437665732148465
0.07650765076507651,0.0844333231064606
0.07660766076607661,0.08448995503156083
0.07670767076707671,0.08454655316501444
0.07680768076807681,0.0846031175746828
0.07690769076907691,0.0846596483282722
0.07700770077007701,0.08471614549537072
0.07710771077107711,0.08477260914570026
0.07720772077207722,0.08482903934871833
0.07730773077307732,0.08488543617362639
0.07740774077407742,0.08494179968937118
0.07750775077507752,0.08499812996459333
0.07760776077607762,0.08505442706735702
0.07770777077707772,0.08511069106578582
0.0778077807780778,0.08516692202782901
0.0779077907790779,0.08522312002118737
0.078007800780078,0.08527928511331416
0.0781078107810781,0.08533541737141642
0.0782078207820782,0.08539151686245093
0.0783078307830783,0.08544758365284652
0.0784078407840784,0.08550361780891548
0.0785078507850785,0.08555961939690022
0.0786078607860786,0.08561558848280254
0.07870787078707871,0.08567152513238492
0.07880788078807881,0.08572742941117173
0.07890789078907891,0.0857833013844503
0.07900790079007901,0.0858391411172049
0.07910791079107911,0.08589494867393885
0.07920792079207921,0.08595072411920208
0.07930793079307931,0.0860064675173531
0.07940794079407941,0.0860621789325187
0.07950795079507951,0.0861178584285953
0.07960796079607961,0.08617350606924998
0.07970797079707971,0.08622912191792151
0.07980798079807981,0.0862847060377336
0.07990799079907991,0.08634025849139877
0.08000800080008001,0.08639577934166498
0.08010801080108011,0.0864512686510763
0.08020802080208021,0.08650672648195361
0.08030803080308031,0.08656215289639592
0.08040804080408041,0.08661754795628128
0.08050805080508051,0.08667291172326787
0.08060806080608061,0.08672824425875877
0.08070807080708071,0.08678354562371832
0.08080808080808081,0.08683881587910687
0.08090809080908092,0.0868940550857202
0.08100810081008102,0.08694926330413931
0.08110811081108112,0.08700444059473109
0.08120812081208122,0.08705958701764954
0.08130813081308132,0.08711470263283688
0.08140814081408142,0.08716978750002426
0.08150815081508152,0.08722484167861778
0.0816081608160816,0.08727986522774223
0.0817081708170817,0.08733485820650548
0.0818081808180818,0.08738982067381112
0.0819081908190819,0.0874447526883564
0.082008200820082,0.08749965430863327
0.0821082108210821,0.08755452559292952
0.0822082208220822,0.08760936659932941
0.0823082308230823,0.08766417738571491
0.08240824082408241,0.08771895800966806
0.08250825082508251,0.08777370852849944
0.08260826082608261,0.08782842899949174
0.08270827082708271,0.08788311947973204
0.08280828082808281,0.08793778002610944
0.08290829082908291,0.08799241069531583
0.08300830083008301,0.0880470115438471
0.08310831083108311,0.08810158262800376
0.08320832083208321,0.08815612400389197
0.08330833083308331,0.08821063572740977
0.08340834083408341,0.0882651178541037
0.08350835083508351,0.08831957043945532
0.08360836083608361,0.08837399353880712
0.08370837083708371,0.08842838720731146
0.08380838083808381,0.0884827514999313
0.08390839083908391,0.08853708647144128
0.08400840084008401,0.08859139217642839
0.08410841084108411,0.0886456686692927
0.08420842084208421,0.08869991600424844
0.08430843084308431,0.08875413423531617
0.08440844084408441,0.08880832341619521
0.08450845084508452,0.088862483600498
0.08460846084608462,0.0889166148417078
0.08470847084708472,0.08897071719312624
0.08480848084808482,0.0890247907078737
0.08490849084908492,0.08907883543889028
0.08500850085008502,0.08913285143893644
0.08510851085108512,0.08918683876059388
0.08520852085208522,0.08924079745626644
0.08530853085308532,0.08929472757818074
0.0854085408540854,0.08934862917835862
0.0855085508550855,0.08940250230854395
0.0856085608560856,0.08945634702042399
0.0857085708570857,0.08951016336552521
0.0858085808580858,0.08956395139518881
0.0859085908590859,0.08961771116117083
0.086008600860086,0.08967144271612168
0.08610861086108611,0.0897251461126482
0.08620862086208621,0.08977882140316557
0.08630863086308631,0.08983246863991633
0.08640864086408641,0.0898860878749715
0.08650865086508651,0.08993967916023092
0.08660866086608661,0.08999324254733217
0.08670867086708671,0.09004677808776433
0.08680868086808681,0.09010028583292308
0.08690869086908691,0.09015376583403631
0.08700870087008701,0.09020721814216437
0.08710871087108711,0.0902606428082012
0.08720872087208721,0.0903140398828746
0.08730873087308731,0.09036740941674733
0.08740874087408741,0.0904207514602176
0.08750875087508751,0.09047406606351992
0.08760876087608761,0.09052735327672562
0.08770877087708771,0.09058061314974365
0.08780878087808781,0.09063384573229845
0.08790879087908791,0.09068705107387551
0.08800880088008801,0.09074022922389191
0.08810881088108811,0.09079338023161727
0.08820882088208822,0.09084650414616242
0.08830883088308832,0.09089960101647965
0.08840884088408842,0.09095267089136375
0.08850885088508852,0.09100571381945227
0.08860886088608862,0.09105872984922646
0.08870887088708872,0.09111171902901183
0.08880888088808882,0.09116468140697895
0.08890889088908892,0.09121761703114385
0.08900890089008902,0.09127052594936878
0.08910891089108912,0.09132340820936286
0.0892089208920892,0.0913762638586426
0.0893089308930893,0.09142909294454726
0.0894089408940894,0.09148189551433232
0.0895089508950895,0.09153467161510727
0.0896089608960896,0.09158742129381463
0.08970897089708971,0.09164014459686234
0.08980898089808981,0.09169284156987854
0.08990899089908991,0.09174551225835134
0.09000900090009001,0.09179815670765856
0.09010901090109011,0.09185077496306213
0.09020902090209021,0.09190336706970856
0.09030903090309031,0.09195593307262909
0.09040904090409041,0.09200847301674048
0.09050905090509051,0.09206098694684538
0.09060906090609061,0.09211347490763262
0.09070907090709071,0.09216593694366831
0.09080908090809081,0.0922183730993575
0.09090909090909091,0.09227078341904253
0.09100910091009101,0.09232316794696337
0.09110911091109111,0.09237552672724855
0.09120912091209121,0.09242785980391534
0.09130913091309131,0.09248016722087003
0.09140914091409141,0.09253244902190878
0.09150915091509151,0.09258470525071776
0.09160916091609161,0.09263693595087338
0.09170917091709171,0.09268914116584305
0.09180918091809182,0.09274132093898546
0.09190919091909192,0.09279347531355091
0.09200920092009202,0.09284560433268187
0.09210921092109212,0.09289770803941308
0.09220922092209222,0.09294978647667235
0.09230923092309232,0.09300183968728067
0.09240924092409242,0.09305386771395273
0.09250925092509252,0.09310587059928054
0.09260926092609262,0.09315784838573028
0.09270927092709272,0.0932098011157003
0.09280928092809282,0.09326172883148545
0.09290929092909292,0.09331363157527615
0.093009300930093,0.09336550938915891
0.0931093109310931,0.09341736231511638
0.0932093209320932,0.0934691903950282
0.0933093309330933,0.09352099367067103
0.09340934093409341,0.09357277218371908
0.09350935093509351,0.09362452597574433
0.09360936093609361,0.09367625508821713
0.09370937093709371,0.09372795956250643
0.09380938093809381,0.09377963943988021
0.09390939093909391,0.09383129476150567
0.09400940094009401,0.09388292556844985
0.09410941094109411,0.09393453190167997
0.09420942094209421,0.09398611380206347
0.09430943094309431,0.09403767131036894
0.09440944094409441,0.09408920446726578
0.09450945094509451,0.09414071331332519
0.09460946094609461,0.094192197889019
0.09470947094709471,0.09424365823469825
0.09480948094809481,0.09429509439063247
0.09490949094909491,0.09434650639700352
0.09500950095009501,0.09439789429389676
0.09510951095109511,0.09444925812130124
0.09520952095209521,0.09450059791910986
0.09530953095309531,0.09455191372712
0.09540954095409541,0.09460320558503343
0.09550955095509552,0.0946544735324572
0.09560956095609562,0.09470571760890366
0.09570957095709572,0.09475693785379082
0.09580958095809582,0.09480813430644262
0.09590959095909592,0.09485930700608951
0.09600960096009602,0.09491045599186856
0.09610961096109612,0.09496158130282402
0.09620962096209622,0.09501268297790724
0.09630963096309632,0.09506376105597736
0.09640964096409642,0.09511481557580168
0.09650965096509652,0.09516584657605563
0.09660966096609662,0.09521685409532359
0.09670967096709672,0.09526783817209858
0.0968096809680968,0.0953187988447831
0.0969096909690969,0.0953697361516894
0.09700970097009701,0.09542065013103947
0.09710971097109711,0.09547154082096584
0.09720972097209721,0.09552240825951124
0.09730973097309731,0.09557325248462961
0.09740974097409741,0.09562407353418605
0.09750975097509751,0.09567487144595711
0.09760976097609761,0.09572564625762495
0.09770977097709771,0.09577639800678173
0.09780978097809781,0.09582712673094114
0.09790979097909791,0.09587783246752973
0.09800980098009801,0.09592851525388713
0.09810981098109811,0.09597917512726606
0.09820982098209821,0.09602981212483325
0.09830983098309831,0.09608042628366911
0.09840984098409841,0.09613101764076849
0.09850985098509851,0.09618158623304071
0.09860986098609861,0.0962321320973098
0.09870987098709871,0.09628265527031511
0.09880988098809881,0.0963331557887114
0.09890989098909891,0.09638363368906913
0.09900990099009901,0.09643408900787478
0.09910991099109911,0.09648452178152582
0.09920992099209922,0.09653493204634428
0.09930993099309932,0.09658531983901875
0.09940994099409942,0.09663568519686463
0.09950995099509952,0.09668602815717224
0.09960996099609962,0.0967363487571346
0.09970997099709972,0.0967866470338604
0.09980998099809982,0.09683692302437392
0.09990999099909992,0.09688717676561542
0.10001000100010002,0.09693740829444134
0.10011001100110012,0.09698761764762494
0.10021002100210022,0.09703780486185616
0.10031003100310032,0.09708796997374226
0.10041004100410042,0.09713811301980772
0.10051005100510052,0.09718823403649485
0.1006100610061006,0.09723833306016402
0.10071007100710071,0.09728841012709376
0.10081008100810081,0.09733846527348125
0.10091009100910091,0.09738849853544246
0.10101010101010101,0.09743850994901247
0.10111011101110111,0.09748849955014581
0.10121012101210121,0.0975384673747166
0.10131013101310131,0.09758841345851907
0.10141014101410141,0.09763833783726741
0.10151015101510151,0.0976882405465964
0.10161016101610161,0.09773812162206168
0.10171017101710171,0.09778798109913987
0.10181018101810181,0.09783781901322873
0.10191019101910191,0.09788763539964769
0.10201020102010201,0.09793743029363808
0.10211021102110211,0.09798720373036318
0.10221022102210221,0.09803695574490878
0.10231023102310231,0.09808668637228303
0.10241024102410241,0.09813639564741715
0.10251025102510251,0.09818608360516547
0.10261026102610261,0.09823575028030568
0.10271027102710271,0.0982853957075392
0.10281028102810282,0.09833501992149114
0.10291029102910292,0.09838462295671092
0.10301030103010302,0.0984342048476724
0.10311031103110312,0.09848376562877406
0.10321032103210322,0.09853330533433938
0.10331033103310332,0.0985828239986168
0.10341034103410342,0.09863232165578034
0.10351035103510352,0.09868179833992964
0.10361036103610362,0.0987312540850904
0.10371037103710372,0.09878068892521416
0.10381038103810382,0.09883010289417915
0.10391039103910392,0.09887949602579015
0.10401040104010402,0.09892886835376911
0.10411041104110412,0.09897821991170538
0.10421042104210422,0.09902755073599345
0.1043104310431043,0.09907686086452233
0.10441044104410441,0.09912615033511424
0.10451045104510451,0.09917541918534649
0.10461046104610461,0.09922466745257214
0.10471047104710471,0.0992738951739207
0.10481048104810481,0.09932310238629942
0.10491049104910491,0.09937228912639388
0.10501050105010501,0.09942145543066909
0.10511051105110511,0.09947060133537018
0.10521052105210521,0.09951972687652325
0.10531053105310531,0.09956883208993648
0.10541054105410541,0.09961791701120087
0.10551055105510551,0.09966698167569103
0.10561056105610561,0.09971602611856623
0.10571057105710571,0.09976505037477092
0.10581058105810581,0.0998140544790359
0.10591059105910591,0.09986303846587911
0.10601060106010601,0.09991200236960643
0.10611061106110611,0.09996094622431229
0.10621062106210621,0.10000987006388087
0.10631063106310631,0.10005877392198674
0.10641064106410641,0.10010765783209571
0.10651065106510652,0.10015652182746572
0.10661066106610662,0.10020536594114732
0.10671067106710672,0.10025419020598497
0.10681068106810682,0.1003029946546175
0.10691069106910692,0.10035177931947906
0.10701070107010702,0.10040054423279987
0.10711071107110712,0.10044928942660702
0.10721072107210722,0.10049801493272513
0.10731073107310732,0.10054672078277739
0.10741074107410742,0.10059540700818617
0.10751075107510752,0.10064407364017387
0.10761076107610762,0.10069272070976354
0.10771077107710772,0.10074134824777976
0.10781078107810782,0.1007899562848495
0.10791079107910792,0.10083854485140276
0.10801080108010802,0.1008871139776733
0.10811081108110811,0.10093566369369936
0.10821082108210821,0.10098419402932463
0.10831083108310831,0.10103270501419881
0.10841084108410841,0.10108119667777833
0.10851085108510851,0.10112966904932726
0.10861086108610861,0.1011781221579177
0.10871087108710871,0.10122655603243103
0.10881088108810881,0.10127497070155812
0.10891089108910891,0.10132336619380039
0.10901090109010901,0.10137174253747044
0.10911091109110911,0.10142009976069262
0.10921092109210921,0.1014684378914039
0.10931093109310931,0.10151675695735468
0.10941094109410941,0.1015650569861092
0.10951095109510951,0.10161333800504656
0.10961096109610961,0.10166160004136102
0.10971097109710971,0.10170984312206312
0.10981098109810981,0.1017580672739802
0.10991099109910991,0.10180627252375704
0.11001100110011001,0.10185445889786063
0.11011101110111012,0.10190262642257933
0.11021102110211022,0.10195077512401456
0.11031103110311032,0.10199890502808756
0.11041104110411042,0.10204701616054078
0.11051105110511052,0.10209510854693775
0.11061106110611062,0.1021431822126645
0.11071107110711072,0.10219123718292983
0.11081108110811082,0.10223927348276601
0.11091109110911092,0.1022872911370296
0.11101110111011102,0.10233529017040177
0.11111111111111112,0.10238327060738932
0.11121112111211122,0.10243123247232519
0.11131113111311132,0.102479175789369
0.11141114111411142,0.10252710058250798
0.11151115111511152,0.10257500687555714
0.11161116111611162,0.10262289469216031
0.11171117111711172,0.10267076405579077
0.11181118111811182,0.10271861498975161
0.11191119111911191,0.10276644751717663
0.11201120112011201,0.10281426166103085
0.11211121112111211,0.10286205744411091
0.11221122112211221,0.10290983488904627
0.11231123112311231,0.10295759401829933
0.11241124112411241,0.10300533485416621
0.11251125112511251,0.10305305741877721
0.11261126112611261,0.10310076173409788
0.11271127112711271,0.10314844782192907
0.11281128112811281,0.10319611570390792
0.11291129112911291,0.10324376540150836
0.11301130113011301,0.10329139693604146
0.11311131113111311,0.10333901032865653
0.11321132113211321,0.10338660560034614
0.11331133113311331,0.10343418277194294
0.11341134113411341,0.10348174186412158
0.11351135113511351,0.10352928289726984
0.11361136113611361,0.10357680589068392
0.11371137113711371,0.10362431086334939
0.11381138113811382,0.103671797834134
0.11391139113911392,0.10371926682179873
0.11401140114011402,0.10376671784499626
0.11411141114111412,0.10381415092227171
0.11421142114211422,0.10386156607206307
0.11431143114311432,0.1039089633127013
0.11441144114411442,0.10395634266241088
0.11451145114511452,0.1040037041393101
0.11461146114611462,0.10405104776141165
0.11471147114711472,0.10409837354662281
0.11481148114811482,0.10414568151274586
0.11491149114911492,0.10419297167747858
0.11501150115011502,0.10424024405841432
0.11511151115111512,0.10428749867304277
0.11521152115211522,0.10433473553875017
0.11531153115311532,0.10438195467281956
0.11541154115411542,0.1044291560924314
0.11551155115511552,0.10447633981466355
0.11561156115611562,0.10452350585649266
0.11571157115711571,0.10457065423479328
0.11581158115811581,0.10461778496633743
0.11591159115911591,0.10466489806779622
0.11601160116011601,0.10471199355574001
0.11611161116111611,0.1047590714466393
0.11621162116211621,0.10480613175686451
0.11631163116311631,0.10485317450268679
0.11641164116411641,0.10490019970026285
0.11651165116511651,0.10494720736568101
0.11661166116611661,0.1049941975158542
0.11671167116711671,0.10504117016846715
0.11681168116811681,0.10508812534132501
0.11691169116911691,0.10513506305227267
0.11701170117011701,0.10518198331921072
0.11711171117111711,0.10522888616009554
0.11721172117211721,0.10527577159293874
0.11731173117311731,0.10532263963580712
0.11741174117411741,0.1053694903068222
0.11751175117511752,0.10541632362416001
0.11761176117611762,0.105463139606055
0.11771177117711772,0.10550993827080347
0.11781178117811782,0.10555671963674668
0.11791179117911792,0.10560348372227886
0.11801180118011802,0.10565023054584738
0.11811181118111812,0.10569696012595303
0.11821182118211822,0.10574367248114935
0.11831183118311832,0.10579036763004254
0.11841184118411842,0.10583704559129128
0.11851185118511852,0.10588370638360624
0.11861186118611862,0.10593035002575008
0.11871187118711872,0.10597697653653712
0.11881188118811882,0.10602358593483319
0.11891189118911892,0.10607017823955525
0.11901190119011902,0.10611675346967102
0.11911191119111912,0.10616331164419913
0.11921192119211922,0.10620985278220872
0.11931193119311932,0.10625637690281897
0.11941194119411942,0.10630288402521249
0.11951195119511951,0.10634937416862839
0.11961196119611961,0.10639584735233837
0.11971197119711971,0.10644230359566327
0.11981198119811981,0.10648874291797295
0.11991199119911991,0.1065351653386863
0.12001200120012001,0.10658157087727067
0.12011201120112011,0.10662795955324195
0.12021202120212021,0.10667433138616417
0.12031203120312031,0.1067206863956494
0.12041204120412041,0.10676702460135741
0.12051205120512051,0.10681334602299539
0.12061206120612061,0.10685965068031782
0.12071207120712071,0.10690593859312633
0.12081208120812081,0.10695220978126933
0.12091209120912091,0.10699846426464188
0.12101210121012101,0.10704470206320112
0.12111211121112112,0.10709092319697103
0.12121212121212122,0.10713712768598992
0.12131213121312132,0.10718331555034068
0.12141214121412142,0.10722948681015186
0.12151215121512152,0.10727564148559716
0.12161216121612162,0.10732177959689553
0.12171217121712172,0.1073679011643108
0.12181218121812182,0.10741400620815156
0.12191219121912192,0.10746009474877076
0.12201220122012202,0.10750616680656574
0.12211221122112212,0.10755222240197769
0.12221222122212222,0.10759826155549185
0.12231223122312232,0.10764428428763693
0.12241224122412242,0.10769029061898516
0.12251225122512252,0.10773628057018322
0.12261226122612262,0.10778225416193514
0.12271227122712272,0.10782821141494671
0.12281228122812282,0.10787415234996621
0.12291229122912292,0.10792007698778423
0.12301230123012302,0.10796598534923367
0.12311231123112312,0.10801187745518939
0.12321232123212322,0.10805775332656814
0.12331233123312331,0.10810361298432818
0.12341234123412341,0.10814945644946937
0.12351235123512351,0.10819528374303267
0.12361236123612361,0.10824109488609997
0.12371237123712371,0.1082868898997941
0.12381238123812381,0.10833266880527855
0.12391239123912391,0.10837843162381028
0.12401240124012401,0.10842417837668418
0.12411241124112411,0.10846990908518933
0.12421242124212421,0.10851562377065493
0.12431243124312431,0.10856132245444981
0.12441244124412441,0.1086070051579823
0.12451245124512451,0.10865267190270006
0.12461246124612461,0.1086983227100899
0.12471247124712471,0.10874395760167743
0.12481248124812482,0.1087895765990272
0.12491249124912492,0.10883517972374225
0.12501250125012503,0.10888076699746393
0.12511251125112513,0.1089263384418719
0.1252125212521252,0.1089718940787405
0.1253125312531253,0.1090174339299002
0.1254125412541254,0.10906295801715002
0.1255125512551255,0.10910846636232646
0.1256125612561256,0.10915395898730307
0.1257125712571257,0.1091994359139907
0.1258125812581258,0.10924489716433718
0.1259125912591259,0.10929034276032709
0.126012601260126,0.10933577272398169
0.1261126112611261,0.10938118707735857
0.1262126212621262,0.10942658584255147
0.1263126312631263,0.10947196904169046
0.1264126412641264,0.10951733669696236
0.1265126512651265,0.1095626888306898
0.1266126612661266,0.10960802546513469
0.1267126712671267,0.10965334662257602
0.1268126812681268,0.10969865232532806
0.1269126912691269,0.1097439425957404
0.127012701270127,0.10978921745619737
0.1271127112711271,0.10983447692911812
0.1272127212721272,0.10987972103695635
0.1273127312731273,0.10992494980220009
0.1274127412741274,0.10997016324737183
0.1275127512751275,0.11001536139502802
0.1276127612761276,0.11006054426779993
0.1277127712771277,0.11010571188845367
0.1278127812781278,0.1101508642796655
0.1279127912791279,0.11019600146413394
0.128012801280128,0.11024112346459083
0.12811281128112811,0.1102862303038012
0.12821282128212821,0.1103313220045631
0.12831283128312831,0.11037639858970731
0.12841284128412842,0.11042146008209829
0.12851285128512852,0.11046650650462862
0.12861286128612862,0.11051153788018551
0.12871287128712872,0.1105565542315644
0.12881288128812882,0.11060155558168486
0.12891289128912892,0.11064654195335623
0.12901290129012902,0.11069151336931263
0.12911291129112912,0.11073646985227033
0.12921292129212922,0.11078141142492771
0.12931293129312932,0.1108263381099652
0.12941294129412942,0.1108712499300454
0.12951295129512952,0.11091614690781323
0.12961296129612962,0.1109610290658957
0.12971297129712972,0.11100589642690217
0.12981298129812982,0.11105074901343669
0.12991299129912992,0.11109558684824826
0.13001300130013002,0.11114040995395318
0.13011301130113012,0.11118521835309444
0.13021302130213022,0.11123001206819753
0.13031303130313032,0.11127479112177031
0.13041304130413042,0.11131955553630311
0.13051305130513052,0.11136430533426885
0.13061306130613062,0.11140904053812294
0.13071307130713072,0.1114537611703034
0.13081308130813082,0.11149846725323087
0.13091309130913092,0.11154315880938102
0.13101310131013102,0.1115878358613269
0.13111311131113113,0.11163249843145089
0.13121312131213123,0.11167714654210895
0.13131313131313133,0.1117217802156398
0.13141314131413143,0.11176639947436498
0.13151315131513153,0.11181100434058881
0.13161316131613163,0.11185559483659854
0.13171317131713173,0.11190017098466427
0.13181318131813183,0.11194473280703908
0.13191319131913193,0.11198928032599335
0.13201320132013203,0.1120338135639653
0.13211321132113213,0.11207833254319981
0.13221322132213223,0.11212283728588676
0.13231323132313233,0.11216732781419923
0.13241324132413243,0.1122118041502933
0.13251325132513253,0.11225626631630814
0.13261326132613263,0.11230071433436636
0.13271327132713273,0.11234514822657347
0.1328132813281328,0.11238956801501843
0.1329132913291329,0.11243397372181835
0.133013301330133,0.1124783653692834
0.1331133113311331,0.11252274297931206
0.1332133213321332,0.11256710657324372
0.1333133313331333,0.11261145617227433
0.1334133413341334,0.11265579179751274
0.1335133513351335,0.11270011346997887
0.1336133613361336,0.1127444212106033
0.1337133713371337,0.11278871504022804
0.1338133813381338,0.1128329949796064
0.1339133913391339,0.1128772610495109
0.134013401340134,0.11292151327070343
0.1341134113411341,0.11296575166367326
0.1342134213421342,0.11300997624881888
0.1343134313431343,0.1130541870464517
0.1344134413441344,0.11309838407679614
0.1345134513451345,0.11314256735998979
0.1346134613461346,0.11318673691608391
0.1347134713471347,0.11323089276504374
0.1348134813481348,0.11327503492677381
0.1349134913491349,0.11331916342128774
0.135013501350135,0.11336327826834215
0.1351135113511351,0.11340737948755657
0.1352135213521352,0.11345146709846587
0.1353135313531353,0.11349554112052047
0.1354135413541354,0.11353960157308632
0.13551355135513551,0.11358364847544543
0.13561356135613561,0.11362768184679603
0.13571357135713571,0.1136717017062585
0.13581358135813582,0.11371570807305899
0.13591359135913592,0.11375970096623778
0.13601360136013602,0.1138036804046566
0.13611361136113612,0.11384764640709473
0.13621362136213622,0.11389159899224902
0.13631363136313632,0.11393553817873432
0.13641364136413642,0.11397946398508389
0.13651365136513652,0.11402337642974934
0.13661366136613662,0.11406727553110654
0.13671367136713672,0.11411116130763643
0.13681368136813682,0.11415503377764005
0.13691369136913692,0.11419889295924127
0.13701370137013702,0.11424273887048365
0.13711371137113712,0.11428657152933064
0.13721372137213722,0.11433039095366597
0.13731373137313732,0.11437419716129364
0.13741374137413742,0.11441799016993864
0.13751375137513752,0.11446176999726697
0.13761376137613762,0.11450553666105716
0.13771377137713772,0.11454929017885004
0.13781378137813782,0.11459303056805091
0.13791379137913792,0.1146367578459868
0.13801380138013802,0.11468047202990708
0.13811381138113812,0.1147241731369833
0.13821382138213822,0.11476786118430969
0.13831383138313832,0.11481153618890327
0.13841384138413843,0.11485519816778078
0.13851385138513853,0.11489884713800087
0.13861386138613863,0.11494248311635542
0.13871387138713873,0.11498610611954987
0.13881388138813883,0.11502971616421367
0.13891389138913893,0.11507331326690043
0.13901390139013903,0.11511689744408807
0.13911391139113913,0.11516046871217928
0.13921392139213923,0.11520402708751105
0.13931393139313933,0.11524757258652807
0.13941394139413943,0.11529110522547975
0.13951395139513953,0.1153346250204641
0.13961396139613963,0.11537813198750484
0.13971397139713973,0.11542162614255164
0.13981398139813983,0.1154651075014805
0.13991399139913993,0.11550857608009366
0.14001400140014003,0.11555203189412001
0.14011401140114013,0.11559547495933496
0.14021402140214023,0.11563890529146871
0.14031403140314033,0.11568232290602602
0.1404140414041404,0.11572572781843866
0.1405140514051405,0.11576912004406614
0.1406140614061406,0.11581249959819576
0.1407140714071407,0.11585586649604311
0.1408140814081408,0.11589922075275211
0.1409140914091409,0.115942562383472
0.141014101410141,0.11598589140337992
0.1411141114111411,0.11602920782740718
0.1412141214121412,0.11607251167040697
0.1413141314131413,0.11611580294716181
0.1414141414141414,0.11615908167238384
0.1415141514151415,0.11620234786071512
0.1416141614161416,0.11624560152672772
0.1417141714171417,0.11628884268499036
0.1418141814181418,0.11633207135011034
0.1419141914191419,0.11637528753645414
0.142014201420142,0.11641849125830929
0.1421142114211421,0.11646168252989433
0.1422142214221422,0.11650486136535898
0.1423142314231423,0.11654802777878456
0.1424142414241424,0.11659118178418408
0.1425142514251425,0.11663432339558275
0.1426142614261426,0.1166774526270127
0.1427142714271427,0.11672056949228023
0.14281428142814281,0.11676367400511979
0.14291429142914291,0.11680676617919858
0.14301430143014301,0.11684984602811661
0.14311431143114312,0.11689291356540692
0.14321432143214322,0.11693596880453595
0.14331433143314332,0.11697901175902453
0.14341434143414342,0.11702204244231199
0.14351435143514352,0.11706506086765811
0.14361436143614362,0.11710806704825667
0.14371437143714372,0.11715106099723567
0.14381438143814382,0.1171940427276575
0.14391439143914392,0.11723701225251908
0.14401440144014402,0.1172799695847657
0.14411441144114412,0.11732291473742314
0.14421442144214422,0.11736584772333342
0.14431443144314432,0.11740876855518916
0.14441444144414442,0.11745167724581414
0.14451445144514452,0.11749457380869159
0.14461446144614462,0.11753745825788502
0.14471447144714472,0.11758033060737376
0.14481448144814482,0.11762319087116
0.14491449144914492,0.11766603906329173
0.14501450145014502,0.11770887519756772
0.14511451145114512,0.11775169928772222
0.14521452145214522,0.11779451134743216
0.14531453145314532,0.11783731139031715
0.14541454145414542,0.11788009942993999
0.14551455145514552,0.11792287547982079
0.14561456145614562,0.11796563955361161
0.14571457145714573,0.11800839166476547
0.14581458145814583,0.11805113182661237
0.14591459145914593,0.11809386005242611
0.14601460146014603,0.11813657635542445
0.14611461146114613,0.11817928074876902
0.14621462146214623,0.11822197324556609
0.14631463146314633,0.11826465385899186
0.14641464146414643,0.11830732260218725
0.14651465146514653,0.11834997948808576
0.14661466146614663,0.11839262452956559
0.14671467146714673,0.11843525773945014
0.14681468146814683,0.11847787913050777
0.14691469146914693,0.1185204887154525
0.14701470147014703,0.1185630865070065
0.14711471147114713,0.11860567251796322
0.14721472147214723,0.11864824676088014
0.14731473147314733,0.11869080924824736
0.14741474147414743,0.11873335999250108
0.14751475147514753,0.11877589900602388
0.14761476147614763,0.11881842630114481
0.14771477147714773,0.11886094189017234
0.14781478147814783,0.11890344578552024
0.14791479147914793,0.11894593799938259
0.148014801480148,0.11898841854386849
0.1481148114811481,0.11903088743103446
0.1482148214821482,0.11907334467288423
0.1483148314831483,0.119115790281369
0.1484148414841484,0.11915822426840884
0.1485148514851485,0.1192006466460328
0.1486148614861486,0.1192430574260716
0.1487148714871487,0.11928545662026066
0.1488148814881488,0.11932784424028359
0.1489148914891489,0.1193702202977724
0.149014901490149,0.11941258480430432
0.1491149114911491,0.11945493777141271
0.1492149214921492,0.11949727921135551
0.1493149314931493,0.11953960913727724
0.1494149414941494,0.11958192756219234
0.1495149514951495,0.11962423449908001
0.1496149614961496,0.11966652996088448
0.1497149714971497,0.11970881396051553
0.1498149814981498,0.11975108651088638
0.1499149914991499,0.1197933476250962
0.15001500150015,0.11983559731599853
0.15011501150115011,0.11987783559636349
0.15021502150215021,0.11992006247892703
0.15031503150315031,0.11996227797639128
0.15041504150415042,0.12000448210142442
0.15051505150515052,0.12004667486672542
0.15061506150615062,0.12008885628514947
0.15071507150715072,0.12013102636928726
0.15081508150815082,0.12017318513166966
0.15091509150915092,0.12021533258479426
0.15101510151015102,0.12025746874112503
0.15111511151115112,0.12029959361309275
0.15121512151215122,0.1203417072132138
0.15131513151315132,0.12038380955407385
0.15141514151415142,0.12042590064800694
0.15151515151515152,0.12046798050730893
0.15161516151615162,0.12051004914424279
0.15171517151715172,0.12055210657103885
0.15181518151815182,0.12059415279989691
0.15191519151915192,0.12063618784319019
0.15201520152015202,0.12067821171318488
0.15211521152115212,0.12072022442197827
0.15221522152215222,0.12076222598163527
0.15231523152315232,0.12080421640418863
0.15241524152415242,0.12084619570163885
0.15251525152515252,0.12088816388599241
0.15261526152615262,0.12093012096944415
0.15271527152715272,0.12097206696394477
0.15281528152815282,0.12101400188136407
0.15291529152915292,0.1210559257335401
0.15301530153015303,0.12109783853227918
0.15311531153115313,0.12113974028935613
0.15321532153215323,0.12118163101665018
0.15331533153315333,0.12122351072607848
0.15341534153415343,0.12126537942932075
0.15351535153515353,0.12130723713802329
0.15361536153615363,0.1213490838638011
0.15371537153715373,0.1213909196182381
0.15381538153815383,0.12143274441291056
0.15391539153915393,0.12147455825959236
0.15401540154015403,0.1215163611698404
0.15411541154115413,0.12155815315511191
0.15421542154215423,0.12159993422683339
0.15431543154315433,0.1216417043964007
0.15441544154415443,0.12168346367517906
0.15451545154515453,0.12172521207464573
0.15461546154615463,0.12176694960630285
0.15471547154715473,0.12180867628142264
0.15481548154815483,0.12185039211124586
0.15491549154915493,0.121892097106983
0.15501550155015503,0.12193379127981449
0.15511551155115513,0.12197547464093554
0.15521552155215523,0.1220171472017222
0.15531553155315533,0.1220588089733028
0.15541554155415543,0.12210045996673495
0.1555155515551555,0.12214210019304651
0.1556155615561556,0.12218372966323575
0.1557155715571557,0.12222534838827626
0.1558155815581558,0.1222669563793249
0.1559155915591559,0.12230855364740643
0.156015601560156,0.122350140203398
0.1561156115611561,0.12239171605814754
0.1562156215621562,0.12243328122247368
0.1563156315631563,0.12247483570716611
0.1564156415641564,0.12251637952311659
0.1565156515651565,0.12255791268125965
0.1566156615661566,0.12259943519229691
0.1567156715671567,0.12264094706689892
0.1568156815681568,0.1226824483157074
0.1569156915691569,0.12272393894933559
0.157015701570157,0.12276541897843796
0.1571157115711571,0.1228068884138144
0.1572157215721572,0.12284834726601009
0.1573157315731573,0.1228897955455207
0.15741574157415741,0.12293123326281355
0.15751575157515751,0.12297266042832788
0.15761576157615761,0.12301407705251023
0.15771577157715772,0.12305548314599261
0.15781578157815782,0.12309687871917493
0.15791579157915792,0.12313826378238048
0.15801580158015802,0.12317963834590472
0.15811581158115812,0.1232210024200154
0.15821582158215822,0.12326235601497015
0.15831583158315832,0.1233036991412194
0.15841584158415842,0.12334503180901944
0.15851585158515852,0.12338635402852376
0.15861586158615862,0.12342766580985834
0.15871587158715872,0.12346896716312183
0.15881588158815882,0.12351025809839528
0.15891589158915892,0.12355153862594657
0.15901590159015902,0.12359280875588419
0.15911591159115912,0.12363406849819403
0.15921592159215922,0.12367531786283507
0.15931593159315932,0.12371655685973933
0.15941594159415942,0.12375778549881876
0.15951595159515952,0.12379900379016648
0.15961596159615962,0.12384021174373445
0.15971597159715972,0.12388140936934361
0.15981598159815982,0.12392259667678823
0.15991599159915992,0.12396377367583618
0.16001600160016002,0.12400494037623588
0.16011601160116012,0.12404609678791612
0.16021602160216022,0.12408724292066306
0.16031603160316032,0.1241283787841349
0.16041604160416043,0.12416950438796362
0.16051605160516053,0.12421061974175512
0.16061606160616063,0.12425172485510014
0.16071607160716073,0.12429281973777259
0.16081608160816083,0.12433390439938417
0.16091609160916093,0.1243749788494204
0.16101610161016103,0.12441604309740834
0.16111611161116113,0.12445709715300313
0.16121612161216123,0.12449814102610901
0.16131613161316133,0.12453917472683103
0.16141614161416143,0.12458019826506461
0.16151615161516153,0.12462121165061002
0.16161616161616163,0.12466221489324861
0.16171617161716173,0.12470320800274257
0.16181618161816183,0.12474419098887848
0.16191619161916193,0.12478516386165317
0.16201620162016203,0.12482612663081812
0.16211621162116213,0.12486707930605839
0.16221622162216223,0.12490802189704035
0.16231623162316233,0.12494895441341151
0.16241624162416243,0.12498987686488161
0.16251625162516253,0.1250307892613241
0.16261626162616263,0.12507169161234938
0.16271627162716273,0.1251125839275289
0.16281628162816283,0.12515346621641554
0.16291629162916293,0.12519433848854367
0.16301630163016304,0.12523520075357195
0.1631163116311631,0.12527605302121822
0.1632163216321632,0.1253168953009627
0.1633163316331633,0.12535772760226463
0.1634163416341634,0.1253985499345649
0.1635163516351635,0.1254393623072898
0.1636163616361636,0.1254801647300714
0.1637163716371637,0.12552095721243142
0.1638163816381638,0.12556173976373666
0.1639163916391639,0.12560251239333559
0.164016401640164,0.1256432751105588
0.1641164116411641,0.125684027924753
0.1642164216421642,0.12572477084548755
0.1643164316431643,0.12576550388209734
0.1644164416441644,0.1258062270438395
0.1645164516451645,0.12584694033995347
0.1646164616461646,0.1258876437796607
0.16471647164716471,0.1259283373722722
0.16481648164816481,0.12596902112722563
0.16491649164916491,0.1260096950536984
0.16501650165016502,0.12605035916083968
0.16511651165116512,0.12609101345778087
0.16521652165216522,0.12613165795363912
0.16531653165316532,0.12617229265773744
0.16541654165416542,0.126212917579295
0.16551655165516552,0.12625353272737178
0.16561656165616562,0.12629413811101017
0.16571657165716572,0.12633473373923546
0.16581658165816582,0.12637531962110735
0.16591659165916592,0.12641589576589463
0.16601660166016602,0.12645646218261059
0.16611661166116612,0.12649701888020956
0.16621662166216622,0.12653756586762885
0.16631663166316632,0.12657810315378867
0.16641664166416642,0.12661863074776508
0.16651665166516652,0.12665914865864272
0.16661666166616662,0.1266996568952891
0.16671667166716672,0.12674015546655457
0.16681668166816682,0.1267806443812736
0.16691669166916692,0.1268211236483018
0.16701670167016702,0.126861593276647
0.16711671167116712,0.1269020532744435
0.16721672167216722,0.1269425036497482
0.16731673167316732,0.1269829444106067
0.16741674167416742,0.12702337556507315
0.16751675167516752,0.12706379712133656
0.16761676167616762,0.1271042090876338
0.16771677167716773,0.1271446114720437
0.16781678167816783,0.1271850042826492
0.16791679167916793,0.1272253875275381
0.16801680168016803,0.12726576121483701
0.16811681168116813,0.12730612535288005
0.16821682168216823,0.12734647994982232
0.16831683168316833,0.1273868250137801
0.16841684168416843,0.12742716055287426
0.16851685168516853,0.1274674865752305
0.16861686168616863,0.12750780308915355
0.16871687168716873,0.12754811010293865
0.16881688168816883,0.12758840762473458
0.16891689168916893,0.12762869566269475
0.16901690169016903,0.12766897422497706
0.16911691169116913,0.12770924331981143
0.16921692169216923,0.12774950295562046
0.16931693169316933,0.12778975314060856
0.16941694169416943,0.127829993882961
0.16951695169516953,0.12787022519086758
0.16961696169616963,0.12791044707253357
0.16971697169716973,0.12795065953640605
0.16981698169816983,0.1279908625907962
0.16991699169916993,0.12803105624392055
0.17001700170017003,0.12807124050399996
0.17011701170117013,0.12811141537925957
0.17021702170217023,0.12815158087808293
0.17031703170317034,0.12819173700892864
0.17041704170417044,0.1282318837800456
0.17051705170517054,0.1282720211996853
0.17061706170617064,0.12831214927610318
0.1707170717071707,0.12835226801762686
0.1708170817081708,0.1283923774328136
0.1709170917091709,0.12843247752997322
0.171017101710171,0.12847256831738732
0.1711171117111711,0.1285126498033412
0.1712171217121712,0.1285527219961427
0.1713171317131713,0.12859278490437598
0.1714171417141714,0.12863283853644605
0.1715171517151715,0.12867288290066392
0.1716171617161716,0.1287129180053443
0.1717171717171717,0.12875294385880587
0.1718171817181718,0.12879296046959987
0.1719171917191719,0.12883296784625434
0.172017201720172,0.12887296599710912
0.17211721172117211,0.1289129549305077
0.17221722172217221,0.12895293465479712
0.17231723172317231,0.12899290517847145
0.17241724172417242,0.12903286651017914
0.17251725172517252,0.12907281865829653
0.17261726172617262,0.12911276163119526
0.17271727172717272,0.12915269543725041
0.17281728172817282,0.12919262008492277
0.17291729172917292,0.1292325355829364
0.17301730173017302,0.1292724419397235
0.17311731173117312,0.12931233916368343
0.17321732173217322,0.12935222726321885
0.17331733173317332,0.12939210624677697
0.17341734173417342,0.12943197612312218
0.17351735173517352,0.12947183690075675
0.17361736173617362,0.12951168858810727
0.17371737173717372,0.12955153119360333
0.17381738173817382,0.12959136472569446
0.17391739173917392,0.12963118919315902
0.17401740174017402,0.1296710046045788
0.17411741174117412,0.12971081096840695
0.17421742174217422,0.12975060829309942
0.17431743174317432,0.12979039658711974
0.17441744174417442,0.12983017585924317
0.17451745174517452,0.12986994611813546
0.17461746174617462,0.12990970737227553
0.17471747174717472,0.12994945963014537
0.17481748174817482,0.12998920290022994
0.17491749174917492,0.1300289371912934
0.17501750175017503,0.13006866251208446
0.17511751175117513,0.13010837887110777
0.17521752175217523,0.13014808627687066
0.17531753175317533,0.13018778473788314
0.17541754175417543,0.1302274742628999
0.17551755175517553,0.13026715486074544
0.17561756175617563,0.1303068265399503
0.17571757175717573,0.13034648930904666
0.17581758175817583,0.13038614317656946
0.17591759175917593,0.13042578815127534
0.17601760176017603,0.13046542424205024
0.17611761176117613,0.1305050514574521
0.17621762176217623,0.13054466980603752
0.17631763176317633,0.13058427929636554
0.17641764176417643,0.13062387993720617
0.17651765176517653,0.13066347173749496
0.17661766176617663,0.13070305470581683
0.17671767176717673,0.1307426288507522
0.17681768176817683,0.130782194180884
0.17691769176917693,0.13082175070500557
0.17701770177017703,0.13086129843209288
0.17711771177117713,0.13090083737075575
0.17721772177217723,0.13094036752959803
0.17731773177317733,0.13097988891722587
0.17741774177417743,0.1310194015424668
0.17751775177517753,0.13105890541432813
0.17761776177617764,0.13109840054144187
0.17771777177717774,0.1311378869324348
0.17781778177817784,0.13117736459593576
0.17791779177917794,0.13121683354081856
0.17801780178017804,0.13125629377611098
0.17811781178117814,0.13129574531046512
0.17821782178217824,0.13133518815253117
0.1783178317831783,0.13137462231095673
0.1784178417841784,0.13141404779464874
0.1785178517851785,0.13145346461255025
0.1786178617861786,0.13149287277325541
0.1787178717871787,0.13153227228535977
0.1788178817881788,0.13157166315746208
0.1789178917891789,0.13161104539849508
0.179017901790179,0.1316504190174034
0.1791179117911791,0.13168978402280823
0.1792179217921792,0.13172914042333397
0.1793179317931793,0.13176848822761086
0.17941794179417941,0.13180782744466876
0.17951795179517951,0.13184715808343042
0.17961796179617961,0.13188648015254534
0.17971797179717972,0.131925793660666
0.17981798179817982,0.131965098616463
0.17991799179917992,0.1320043950290628
0.18001800180018002,0.13204368290735682
0.18011801180118012,0.1320829622600224
0.18021802180218022,0.13212223309573962
0.18031803180318032,0.13216149542323383
0.18041804180418042,0.1322007492517169
0.18051805180518052,0.13223999459004468
0.18061806180618062,0.1322792314469216
0.18071807180718072,0.13231845983105484
0.18081808180818082,0.13235767975124613
0.18091809180918092,0.1323968912167687
0.18101810181018102,0.13243609423644392
0.18111811181118112,0.13247528881900308
0.18121812181218122,0.13251447497317984
0.18131813181318132,0.13255365270788252
0.18141814181418142,0.13259282203240558
0.18151815181518152,0.13263198295554482
0.18161816181618162,0.1326711354860576
0.18171817181718172,0.13271027963270365
0.18181818181818182,0.1327494154045385
0.18191819181918192,0.13278854281081842
0.18201820182018202,0.13282766186033132
0.18211821182118212,0.1328667725618603
0.18221822182218222,0.1329058749241929
0.18231823182318233,0.1329449689565769
0.18241824182418243,0.13298405466815594
0.18251825182518253,0.13302313206773617
0.18261826182618263,0.13306220116412573
0.18271827182718273,0.13310126196617358
0.18281828182818283,0.1331403144832832
0.18291829182918293,0.13317935872448072
0.18301830183018303,0.13321839469859534
0.18311831183118313,0.13325742241446453
0.18321832183218323,0.13329644188106243
0.18331833183318333,0.13333545310816014
0.18341834183418343,0.13337445610495696
0.18351835183518353,0.13341345088053158
0.18361836183618363,0.1334524374439333
0.18371837183718373,0.13349141580448048
0.18381838183818383,0.13353038597173128
0.18391839183918393,0.13356934795464948
0.18401840184018403,0.13360830176215618
0.18411841184118413,0.13364724740314865
0.18421842184218423,0.13368618488700934
0.18431843184318433,0.13372511422291525
0.18441844184418443,0.13376403541966028
0.18451845184518453,0.1338029484860105
0.18461846184618463,0.13384185343077432
0.18471847184718473,0.13388075026329885
0.18481848184818483,0.13391963899240664
0.18491849184918493,0.1339585196267379
0.18501850185018504,0.13399739217490522
0.18511851185118514,0.13403625664571553
0.18521852185218524,0.1340751130483173
0.18531853185318534,0.13411396139125956
0.18541854185418544,0.1341528016830304
0.18551855185518554,0.134191633932092
0.18561856185618564,0.13423045814734222
0.18571857185718574,0.1342692743375521
0.18581858185818584,0.1343080825110866
0.1859185918591859,0.13434688267628372
0.186018601860186,0.13438567484152308
0.1861186118611861,0.13442445901570013
0.1862186218621862,0.1344632352072052
0.1863186318631863,0.13450200342425436
0.1864186418641864,0.134540763675037
0.1865186518651865,0.13457951596796006
0.1866186618661866,0.1346182603117046
0.18671867186718671,0.13465699671438688
0.18681868186818681,0.13469572518407574
0.18691869186918691,0.13473444572882354
0.18701870187018702,0.13477315835715348
0.18711871187118712,0.1348118630773311
0.18721872187218722,0.1348505598973054
0.18731873187318732,0.13488924882499972
0.18741874187418742,0.13492792986843305
0.18751875187518752,0.13496660303606403
0.18761876187618762,0.13500526833580273
0.18771877187718772,0.13504392577545415
0.18781878187818782,0.1350825753627976
0.18791879187918792,0.1351212171059514
0.18801880188018802,0.13515985101304803
0.18811881188118812,0.1351984770917755
0.18821882188218822,0.1352370953497961
0.18831883188318832,0.1352757057948073
0.18841884188418842,0.1353143084349845
0.18851885188518852,0.13535290327803984
0.18861886188618862,0.13539149033151948
0.18871887188718872,0.1354300696029448
0.18881888188818882,0.13546864110007814
0.18891889188918892,0.1355072048308601
0.18901890189018902,0.13554576080273148
0.18911891189118912,0.13558430902309854
0.18921892189218922,0.1356228494993764
0.18931893189318932,0.13566138223944516
0.18941894189418942,0.13569990725080544
0.18951895189518952,0.13573842454074986
0.18961896189618963,0.13577693411654657
0.18971897189718973,0.13581543598565646
0.18981898189818983,0.13585393015578198
0.18991899189918993,0.13589241663412166
0.19001900190019003,0.13593089542783102
0.19011901190119013,0.13596936654406586
0.19021902190219023,0.13600782999042538
0.19031903190319033,0.13604628577417427
0.19041904190419043,0.1360847339023564
0.19051905190519053,0.13612317438199178
0.19061906190619063,0.13616160722028
0.19071907190719073,0.13620003242466172
0.19081908190819083,0.13623845000208973
0.19091909190919093,0.1362768599594736
0.19101910191019103,0.13631526230372595
0.19111911191119113,0.1363536570421871
0.19121912191219123,0.1363920441818606
0.19131913191319133,0.1364304237295462
0.19141914191419143,0.13646879569202083
0.19151915191519153,0.13650716007625693
0.19161916191619163,0.1365455168894152
0.19171917191719173,0.13658386613819914
0.19181918191819183,0.13662220782927711
0.19191919191919193,0.13666054196933528
0.19201920192019203,0.13669886856547028
0.19211921192119213,0.13673718762440515
0.19221922192219223,0.13677549915270046
0.19231923192319234,0.13681380315689443
0.19241924192419244,0.13685209964376677
0.19251925192519254,0.13689038862017394
0.19261926192619264,0.1369286700925727
0.19271927192719274,0.13696694406739482
0.19281928192819284,0.13700521055112153
0.19291929192919294,0.1370434695506044
0.19301930193019304,0.13708172107227778
0.19311931193119314,0.13711996512246782
0.19321932193219324,0.13715820170748
0.19331933193319334,0.1371964308339363
0.19341934193419344,0.13723465250835304
0.1935193519351935,0.13727286673695172
0.1936193619361936,0.13731107352593225
0.1937193719371937,0.13734927288160156
0.1938193819381938,0.1373874648105404
0.1939193919391939,0.1374256493189016
0.19401940194019401,0.13746382641278146
0.19411941194119411,0.13750199609827535
0.19421942194219421,0.13754015838183734
0.19431943194319432,0.13757831326964032
0.19441944194419442,0.1376164607676777
0.19451945194519452,0.13765460088192183
0.19461946194619462,0.13769273361854625
0.19471947194719472,0.1377308589838079
0.19481948194819482,0.13776897698360194
0.19491949194919492,0.1378070876237991
0.19501950195019502,0.13784519091032418
0.19511951195119512,0.13788328684941112
0.19521952195219522,0.13792137544691363
0.19531953195319532,0.13795945670860155
0.19541954195419542,0.137997530640232
0.19551955195519552,0.13803559724787215
0.19561956195619562,0.1380736565373994
0.19571957195719572,0.13811170851448354
0.19581958195819582,0.13814975318477435
0.19591959195919592,0.138187790554077
0.19601960196019602,0.1382258206283217
0.19611961196119612,0.13826384341308673
0.19621962196219622,0.1383018589139406
0.19631963196319632,0.1383398671365562
0.19641964196419642,0.1383778680853899
0.19651965196519652,0.1384158617627293
0.19661966196619662,0.1384538481710023
0.19671967196719672,0.13849182731267284
0.19681968196819682,0.13852979919008374
0.19691969196919692,0.13856776380569497
0.19701970197019703,0.13860572116207187
0.19711971197119713,0.13864367126180113
0.19721972197219723,0.13868161410741373
0.19731973197319733,0.13871954970143496
0.19741974197419743,0.13875747804654565
0.19751975197519753,0.13879539914544892
0.19761976197619763,0.13883331300083981
0.19771977197719773,0.13887121961534865
0.19781978197819783,0.1389091189917574
0.19791979197919793,0.1389470111328848
0.19801980198019803,0.13898489604156383
0.19811981198119813,0.13902277372056165
0.19821982198219823,0.13906064417275324
0.19831983198319833,0.13909850740107194
0.19841984198419843,0.13913636340847105
0.19851985198519853,0.13917421219784712
0.19861986198619863,0.13921205377225035
0.19871987198719873,0.13924988813537834
0.19881988198819883,0.13928771529111444
0.19891989198919893,0.1393255352434525
0.19901990199019903,0.13936334799650124
0.19911991199119913,0.13940115355432417
0.19921992199219923,0.13943895192101352
0.19931993199319933,0.1394767431007226
0.19941994199419943,0.13951452709779083
0.19951995199519953,0.13955230391648804
0.19961996199619964,0.1395900735610935
0.19971997199719974,0.13962783603592885
0.19981998199819984,0.13966559134554
0.19991999199919994,0.13970333949442387
0.20002000200020004,0.1397410804870453
0.20012001200120014,0.13977881432790068
0.20022002200220024,0.13981654102170435
0.20032003200320034,0.1398542605732078
0.20042004200420044,0.13989197298705935
0.20052005200520054,0.13992967826793817
0.20062006200620064,0.1399673764206922
0.20072007200720074,0.1400050674503454
0.20082008200820084,0.1400427513617329
0.20092009200920094,0.14008042815971505
0.20102010201020104,0.14011809784927243
0.2011201120112011,0.1401557604356805
0.2012201220122012,0.1401934159239785
0.20132013201320131,0.14023106431920657
0.20142014201420141,0.14026870562648308
0.20152015201520151,0.1403063398513038
0.20162016201620162,0.1403439669989338
0.20172017201720172,0.14038158707459125
0.20182018201820182,0.14041920008354153
0.20192019201920192,0.14045680603146307
0.20202020202020202,0.14049440492387114
0.20212021202120212,0.14053199676616024
0.20222022202220222,0.14056958156375524
0.20232023202320232,0.14060715932247414
0.20242024202420242,0.1406447300481089
0.20252025202520252,0.14068229374622868
0.20262026202620262,0.14071985042243043
0.20272027202720272,0.14075740008263235
0.20282028202820282,0.14079494273292364
0.20292029202920292,0.1408324783790486
0.20302030203020302,0.14087000702677666
0.20312031203120312,0.14090752868212553
0.20322032203220322,0.14094504335146257
0.20332033203320332,0.1409825510407211
0.20342034203420342,0.14102005175584123
0.20352035203520352,0.1410575455029478
0.20362036203620362,0.1410950322886581
0.20372037203720372,0.1411325121191111
0.20382038203820382,0.14116998500041622
0.20392039203920392,0.14120745093881398
0.20402040204020402,0.14124490994114247
0.20412041204120412,0.1412823620137628
0.20422042204220422,0.14131980716295195
0.20432043204320433,0.14135724539507558
0.20442044204420443,0.14139467671716366
0.20452045204520453,0.14143210113581528
0.20462046204620463,0.14146951865747326
0.20472047204720473,0.1415069292886378
0.20482048204820483,0.14154433303650302
0.20492049204920493,0.14158172990792037
0.20502050205020503,0.14161911990949702
0.20512051205120513,0.141656503047877
0.20522052205220523,0.14169387933039282
0.20532053205320533,0.141731248764161
0.20542054205420543,0.1417686113559515
0.20552055205520553,0.1418059671125604
0.20562056205620563,0.14184331604143594
0.20572057205720573,0.14188065814997053
0.20582058205820583,0.14191799344509537
0.20592059205920593,0.14195532193376525
0.20602060206020603,0.1419926436235265
0.20612061206120613,0.14202995852205413
0.20622062206220623,0.1420672666364394
0.20632063206320633,0.14210456797379628
0.20642064206420643,0.14214186254177114
0.20652065206520653,0.14217915034831008
0.20662066206620663,0.14221643140066847
0.20672067206720673,0.14225370570611795
0.20682068206820683,0.1422909732724122
0.20692069206920694,0.14232823410775325
0.20702070207020704,0.142365488219565
0.20712071207120714,0.14240273561527517
0.20722072207220724,0.14243997630275193
0.20732073207320734,0.14247721029043978
0.20742074207420744,0.14251443758593388
0.20752075207520754,0.14255165819681648
0.20762076207620764,0.1425888721310775
0.20772077207720774,0.14262607939739233
0.20782078207820784,0.14266328000352826
0.20792079207920794,0.14270047395722085
0.20802080208020804,0.1427376612665882
0.20812081208120814,0.14277484194052728
0.20822082208220824,0.14281201598697693
0.20832083208320834,0.14284918341382444
0.20842084208420844,0.14288634422932295
0.20852085208520854,0.14292349844258306
0.2086208620862086,0.14296064606171305
0.20872087208720871,0.14299778709475042
0.20882088208820881,0.14303492155008976
0.20892089208920891,0.14307204943704976
0.20902090209020902,0.14310917076390392
0.20912091209120912,0.1431462855388385
0.20922092209220922,0.14318339377039677
0.20932093209320932,0.14322049546810006
0.20942094209420942,0.1432575906403822
0.20952095209520952,0.14329467929557713
0.20962096209620962,0.1433317614423837
0.20972097209720972,0.14336883709052178
0.20982098209820982,0.14340590624857935
0.20992099209920992,0.14344296892503633
0.21002100210021002,0.14348002512875557
0.21012101210121012,0.14351707486965135
0.21022102210221022,0.1435541181564586
0.21032103210321032,0.14359115499780212
0.21042104210421042,0.14362818540271802
0.21052105210521052,0.14366520938130956
0.21062106210621062,0.1437022269424517
0.21072107210721072,0.1437392380949125
0.21082108210821082,0.1437762428479126
0.21092109210921092,0.1438132412117376
0.21102110211021102,0.14385023319539506
0.21112111211121112,0.14388721880779506
0.21122112211221122,0.14392419805835574
0.21132113211321132,0.1439611709575357
0.21142114211421142,0.1439981375144685
0.21152115211521152,0.14403509773820514
0.21162116211621163,0.14407205163837702
0.21172117211721173,0.1441089992256025
0.21182118211821183,0.14414594050913565
0.21192119211921193,0.1441828754981671
0.21202120212021203,0.1442198042025605
0.21212121212121213,0.14425672663307626
0.21222122212221223,0.14429364279908494
0.21232123212321233,0.14433055270991543
0.21242124212421243,0.144367456375687
0.21252125212521253,0.14440435380727748
0.21262126212621263,0.14444124501417263
0.21272127212721273,0.14447813000583845
0.21282128212821283,0.1445150087926775
0.21292129212921293,0.14455188138565317
0.21302130213021303,0.1445887477943679
0.21312131213121313,0.14462560802842356
0.21322132213221323,0.14466246209853914
0.21332133213321333,0.1446993100157226
0.21342134213421343,0.14473615178969843
0.21352135213521353,0.14477298743020423
0.21362136213621363,0.1448098169483119
0.21372137213721373,0.1448466403550248
0.21382138213821383,0.1448834576601987
0.21392139213921393,0.14492026887371934
0.21402140214021403,0.14495707400701716
0.21412141214121413,0.14499387307107603
0.21422142214221424,0.14503066607583892
0.21432143214321434,0.1450674530312896
0.21442144214421444,0.14510423394906974
0.21452145214521454,0.14514100884000045
0.21462146214621464,0.14517777771399631
0.21472147214721474,0.14521454058125532
0.21482148214821484,0.14525129745596493
0.21492149214921494,0.1452880483630743
0.21502150215021504,0.145324793324847
0.21512151215121514,0.1453615323641693
0.21522152215221524,0.14539826550788365
0.21532153215321534,0.1454349927784892
0.21542154215421544,0.14547171419703037
0.21552155215521554,0.1455084297851599
0.21562156215621564,0.14554513956796797
0.21572157215721574,0.14558184356604234
0.21582158215821584,0.14561854179899117
0.21592159215921594,0.145655234287372
0.21602160216021604,0.1456919210543632
0.21612161216121614,0.14572860211876873
0.21622162216221621,0.14576527749877355
0.21632163216321632,0.14580194721389192
0.21642164216421642,0.14583861128524084
0.21652165216521652,0.14587526972996903
0.21662166216621662,0.14591192256485075
0.21672167216721672,0.145948569808392
0.21682168216821682,0.145985211479519
0.21692169216921692,0.1460218475938488
0.21702170217021702,0.14605847816675951
0.21712171217121712,0.14609510321575553
0.21722172217221722,0.14613172275747946
0.21732173217321732,0.14616833680612876
0.21742174217421742,0.14620494537575698
0.21752175217521752,0.14624154848267462
0.21762176217621762,0.14627814614135976
0.21772177217721772,0.14631473836463063
0.21782178217821782,0.14635132516529734
0.21792179217921792,0.14638790655822354
0.21802180218021802,0.14642448255592094
0.21812181218121812,0.14646105316984007
0.21822182218221822,0.1464976184116026
0.21832183218321832,0.14653417829441048
0.21842184218421842,0.14657073282899444
0.21852185218521852,0.1466072820254478
0.21862186218621862,0.1466438258942282
0.21872187218721872,0.14668036444671054
0.21882188218821882,0.14671689769201027
0.21892189218921893,0.1467534256388741
0.21902190219021903,0.14678994829658226
0.21912191219121913,0.14682646567458
0.21922192219221923,0.1468629777805077
0.21932193219321933,0.14689948462177585
0.21942194219421943,0.1469359862064296
0.21952195219521953,0.14697248254195747
0.21962196219621963,0.14700897363463278
0.21972197219721973,0.14704545949056183
0.21982198219821983,0.14708194011638148
0.21992199219921993,0.1471184155177505
0.22002200220022003,0.14715488569962293
0.22012201220122013,0.14719135066682412
0.22022202220222023,0.14722781042437608
0.22032203220322033,0.14726426497631362
0.22042204220422043,0.14730071432628158
0.22052205220522053,0.14733715847779494
0.22062206220622063,0.14737359743414793
0.22072207220722073,0.14741003119791635
0.22082208220822083,0.14744645977144585
0.22092209220922093,0.14748288315684996
0.22102210221022103,0.1475193013556925
0.22112211221122113,0.14755571436920614
0.22122212221222123,0.1475921221984473
0.22132213221322133,0.14762852484396863
0.22142214221422143,0.14766492230572534
0.22152215221522153,0.147701314583667
0.22162216221622164,0.14773770167755437
0.22172217221722174,0.14777408358619065
0.22182218221822184,0.14781046030813888
0.22192219221922194,0.14784683184207592
0.22202220222022204,0.14788319818638881
0.22212221222122214,0.14791955933807321
0.22222222222222224,0.14795591529445878
0.22232223222322234,0.14799226605295962
0.22242224222422244,0.14802861161042805
0.22252225222522254,0.14806495196214733
0.22262226222622264,0.14810128710430218
0.22272227222722274,0.14813761703305384
0.22282228222822284,0.14817394174346726
0.22292229222922294,0.1482102612293793
0.22302230223022304,0.14824657548583925
0.22312231223122314,0.14828288450775723
0.22322232223222324,0.1483191882880826
0.22332233223322334,0.14835548681963598
0.22342234223422344,0.14839178009626103
0.22352235223522354,0.1484280681114693
0.22362236223622364,0.14846435085610235
0.22372237223722374,0.1485006283221578
0.22382238223822382,0.14853690050225424
0.22392239223922392,0.1485731673882185
0.22402240224022402,0.1486094289690865
0.22412241224122412,0.14864568523604096
0.22422242224222422,0.14868193618048609
0.22432243224322432,0.14871818179215826
0.22442244224422442,0.14875442205881653
0.22452245224522452,0.14879065697073043
0.22462246224622462,0.14882688651808962
0.22472247224722472,0.1488631106880368
0.22482248224822482,0.14889932946779805
0.22492249224922492,0.14893554284652588
0.22502250225022502,0.14897175081292957
0.22512251225122512,0.1490079533517094
0.22522252225222522,0.14904415044949884
0.22532253225322532,0.14908034209533105
0.22542254225422542,0.14911652827768
0.22552255225522552,0.14915270899417574
0.22562256225622562,0.14918888424300858
0.22572257225722572,0.14922505402253106
0.22582258225822582,0.14926121833055905
0.22592259225922592,0.14929737716466662
0.22602260226022602,0.14933353052338402
0.22612261226122612,0.14936967840527132
0.22622262226222623,0.14940582080808748
0.22632263226322633,0.14944195773006716
0.22642264226422643,0.14947808916999478
0.22652265226522653,0.14951421512656443
0.22662266226622663,0.14955033559769595
0.22672267226722673,0.14958645058216813
0.22682268226822683,0.14962256007900485
0.22692269226922693,0.1496586640869464
0.22702270227022703,0.1496947626042963
0.22712271227122713,0.14973085563023808
0.22722272227222723,0.14976694316403294
0.22732273227322733,0.14980302520439995
0.22742274227422743,0.14983910175021103
0.22752275227522753,0.14987517280093293
0.22762276227622763,0.14991123835600847
0.22772277227722773,0.14994729841425045
0.22782278227822783,0.14998335297508228
0.22792279227922793,0.1500194020382049
0.22802280228022803,0.15005544560316217
0.22812281228122813,0.15009148366907493
0.22822282228222823,0.15012751623578
0.22832283228322833,0.15016354330321044
0.22842284228422843,0.15019956487095468
0.22852285228522853,0.15023558093861028
0.22862286228622863,0.15027159150631056
0.22872287228722873,0.15030759657419207
0.22882288228822883,0.15034359614193785
0.22892289228922894,0.15037959020966057
0.22902290229022904,0.1504155787777237
0.22912291229122914,0.1504515618464025
0.22922292229222924,0.15048753941566248
0.22932293229322934,0.15052351148600512
0.22942294229422944,0.1505594780580204
0.22952295229522954,0.1505954391320856
0.22962296229622964,0.15063139470858525
0.22972297229722974,0.15066734478830518
0.22982298229822984,0.1507032893720441
0.22992299229922994,0.15073922846032403
0.23002300230023004,0.1507751620539869
0.23012301230123014,0.15081109015400146
0.23022302230223024,0.1508470127612641
0.23032303230323034,0.15088292987613472
0.23042304230423044,0.15091884149945853
0.23052305230523054,0.15095474763215863
0.23062306230623064,0.150990648275
0.23072307230723074,0.15102654342880625
0.23082308230823084,0.15106243309471598
0.23092309230923094,0.15109831727388195
0.23102310231023104,0.15113419596728647
0.23112311231123114,0.15117006917618322
0.23122312231223124,0.151205936901954
0.23132313231323134,0.15124179914595884
0.23142314231423142,0.15127765590952133
0.23152315231523152,0.15131350719421915
0.23162316231623162,0.15134935300167413
0.23172317231723172,0.151385193333475
0.23182318231823182,0.15142102819132772
0.23192319231923192,0.1514568575770661
0.23202320232023202,0.1514926814925467
0.23212321232123212,0.15152849993966572
0.23222322232223222,0.15156431292045067
0.23232323232323232,0.1516001204369715
0.23242324232423242,0.15163592249134478
0.23252325232523252,0.15167171908581245
0.23262326232623262,0.15170751022265488
0.23272327232723272,0.15174329590417696
0.23282328232823282,0.15177907613282904
0.23292329232923292,0.15181485091114036
0.23302330233023302,0.15185062024162244
0.23312331233123312,0.15188638412684613
0.23322332233223322,0.15192214256962874
0.23332333233323332,0.15195789557271644
0.23342334233423342,0.15199364313885086
0.23352335233523352,0.15202938527095658
0.23362336233623363,0.15206512197213953
0.23372337233723373,0.1521008532453483
0.23382338233823383,0.15213657909357203
0.23392339233923393,0.15217229952017702
0.23402340234023403,0.15220801452842295
0.23412341234123413,0.15224372412148274
0.23422342234223423,0.1522794283026936
0.23432343234323433,0.15231512707576708
0.23442344234423443,0.15235082044410572
0.23452345234523453,0.15238650841110915
0.23462346234623463,0.15242219098062026
0.23472347234723473,0.1524578681564778
0.23482348234823483,0.1524935399422798
0.23492349234923493,0.152529206341746
0.23502350235023503,0.1525648673591726
0.23512351235123513,0.15260052299845261
0.23522352235223523,0.15263617326340398
0.23532353235323533,0.15267181815825565
0.23542354235423543,0.15270745768749036
0.23552355235523553,0.1527430918551282
0.23562356235623563,0.1527787206652615
0.23572357235723573,0.15281434412272063
0.23582358235823583,0.15284996223193503
0.23592359235923593,0.15288557499713773
0.23602360236023603,0.15292118242290872
0.23612361236123613,0.15295678451437314
0.23622362236223624,0.1529923812759925
0.23632363236323634,0.15302797271223523
0.23642364236423644,0.15306355882839917
0.23652365236523654,0.15309913962949936
0.23662366236623664,0.15313471512017773
0.23672367236723674,0.15317028530535426
0.23682368236823684,0.15320585019076627
0.23692369236923694,0.15324140978134398
0.23702370237023704,0.15327696408194216
0.23712371237123714,0.15331251309825644
0.23722372237223724,0.15334805683593314
0.23732373237323734,0.15338359530001675
0.23742374237423744,0.1534191284957659
0.23752375237523754,0.1534546564294916
0.23762376237623764,0.15349017910661902
0.23772377237723774,0.15352569653239945
0.23782378237823784,0.15356120871286974
0.23792379237923794,0.15359671565433805
0.23802380238023804,0.15363221736224766
0.23812381238123814,0.15366771384219996
0.23822382238223824,0.153703205101041
0.23832383238323834,0.15373869114471192
0.23842384238423844,0.15377417197885718
0.23852385238523854,0.15380964760984878
0.23862386238623864,0.15384511804463877
0.23872387238723874,0.15388058328907747
0.23882388238823885,0.15391604334911516
0.23892389238923895,0.1539514982321013
0.23902390239023902,0.15398694794450551
0.23912391239123912,0.15402239249235944
0.23922392239223922,0.15405783188237804
0.23932393239323932,0.1540932661221304
0.23942394239423942,0.15412869521788009
0.23952395239523952,0.1541641191759325
0.23962396239623962,0.1541995380041201
0.23972397239723972,0.1542349517094424
0.23982398239823982,0.15427036029831256
0.23992399239923992,0.154305763777801
0.24002400240024002,0.15434116215606877
0.24012401240124012,0.15437655543979273
0.24022402240224022,0.15441194363563854
0.24032403240324032,0.15444732675191472
0.24042404240424042,0.15448270479614015
0.24052405240524052,0.15451807777510404
0.24062406240624062,0.15455344569625054
0.24072407240724072,0.15458880856860716
0.24082408240824082,0.15462416639780502
0.24092409240924093,0.15465951918909368
0.24102410241024103,0.1546948669474099
0.24112411241124113,0.1547302096774788
0.24122412241224123,0.15476554738360349
0.24132413241324133,0.1548008800703856
0.24142414241424143,0.15483620774304424
0.24152415241524153,0.15487153040593862
0.24162416241624163,0.15490684806338206
0.24172417241724173,0.15494216072050426
0.24182418241824183,0.15497746838202403
0.24192419241924193,0.1550127710522255
0.24202420242024203,0.15504806873569507
0.24212421242124213,0.15508336143764215
0.24222422242224223,0.15511864916240742
0.24232423242324233,0.15515393191428783
0.24242424242424243,0.15518920969841052
0.24252425242524253,0.15522448251947
0.24262426242624263,0.15525975038173156
0.24272427242724273,0.1552950132897823
0.24282428242824283,0.1553302712488133
0.24292429242924293,0.15536552426314001
0.24302430243024303,0.15540077233704797
0.24312431243124313,0.15543601547567493
0.24322432243224323,0.15547125368367357
0.24332433243324333,0.15550648696529032
0.24342434243424343,0.1555417153251304
0.24352435243524354,0.15557693876835546
0.24362436243624364,0.1556121572992499
0.24372437243724374,0.15564737092209477
0.24382438243824384,0.15568257964204849
0.24392439243924394,0.1557177834637055
0.24402440244024404,0.15575298239129354
0.24412441244124414,0.155788176429456
0.24422442244224424,0.1558233655833089
0.24432443244324434,0.15585854985710232
0.24442444244424444,0.15589372925512285
0.24452445244524454,0.1559289037825536
0.24462446244624464,0.1559640734439171
0.24472447244724474,0.15599923824342268
0.24482448244824484,0.1560343981857758
0.24492449244924494,0.15606955327602337
0.24502450245024504,0.15610470351838115
0.24512451245124514,0.15613984891715565
0.24522452245224524,0.1561749894775505
0.24532453245324534,0.1562101252040068
0.24542454245424544,0.15624525610071544
0.24552455245524554,0.15628038217247298
0.24562456245624564,0.15631550342422404
0.24572457245724574,0.1563506198601548
0.24582458245824584,0.1563857314846113
0.24592459245924594,0.15642083830280343
0.24602460246024604,0.15645594031908586
0.24612461246124615,0.15649103753763274
0.24622462246224625,0.15652612996336293
0.24632463246324635,0.156561217601077
0.24642464246424645,0.1565963004549416
0.24652465246524655,0.15663137852936657
0.24662466246624662,0.15666645182959796
0.24672467246724672,0.15670152035994334
0.24682468246824682,0.15673658412460822
0.24692469246924692,0.15677164312865668
0.24702470247024702,0.15680669737673436
0.24712471247124712,0.15684174687298308
0.24722472247224722,0.15687679162190069
0.24732473247324732,0.15691183162857064
0.24742474247424742,0.15694686689714293
0.24752475247524752,0.1569818974317665
0.24762476247624762,0.15701692323748784
0.24772477247724772,0.15705194431870476
0.24782478247824782,0.15708696067946326
0.24792479247924792,0.1571219723243076
0.24802480248024802,0.15715697925809105
0.24812481248124812,0.15719198148482783
0.24822482248224823,0.15722697900864308
0.24832483248324833,0.15726197183451746
0.24842484248424843,0.1572969599666203
0.24852485248524853,0.15733194340890333
0.24862486248624863,0.15736692216599696
0.24872487248724873,0.15740189624245796
0.24882488248824883,0.15743686564219422
0.24892489248924893,0.15747183036934492
0.24902490249024903,0.1575067904287623
0.24912491249124913,0.15754174582441471
0.24922492249224923,0.15757669656018367
0.24932493249324933,0.15761164264076297
0.24942494249424943,0.1576465840704022
0.24952495249524953,0.1576815208529163
0.24962496249624963,0.1577164529925031
0.24972497249724973,0.1577513804938092
0.24982498249824983,0.15778630336063765
0.24992499249924993,0.1578212215968434
0.25002500250025006,0.15785613520710728
0.25012501250125013,0.15789104419540723
0.25022502250225026,0.15792594856546666
0.25032503250325033,0.1579608483215921
0.2504250425042504,0.15799574346813355
0.25052505250525053,0.15803063400877243
0.2506250625062506,0.15806551994738746
0.25072507250725073,0.15810040128855463
0.2508250825082508,0.1581352780360246
0.25092509250925094,0.1581701501934502
0.251025102510251,0.15820501776524298
0.25112511251125114,0.15823988075541184
0.2512251225122512,0.1582747391675477
0.25132513251325134,0.15830959300560973
0.2514251425142514,0.15834444227396272
0.25152515251525154,0.15837928697618267
0.2516251625162516,0.15841412711590921
0.25172517251725174,0.1584489626975507
0.2518251825182518,0.158483793724828
0.25192519251925194,0.15851862020124358
0.252025202520252,0.15855344213089792
0.25212521252125214,0.15858825951782657
0.2522252225222522,0.15862307236549036
0.25232523252325234,0.15865788067757994
0.2524252425242524,0.1586926844583762
0.25252525252525254,0.15872748371137485
0.2526252625262526,0.1587622784400297
0.25272527252725274,0.15879706864853327
0.2528252825282528,0.15883185434057714
0.25292529252925294,0.15886663551953523
0.253025302530253,0.15890141218921772
0.25312531253125314,0.15893618435364246
0.2532253225322532,0.1589709520161497
0.25332533253325334,0.1590057151802165
0.2534253425342534,0.1590404738499844
0.25352535253525355,0.1590752280288749
0.2536253625362536,0.1591099777201886
0.25372537253725375,0.15914472292788998
0.2538253825382538,0.15917946365562619
0.25392539253925395,0.1592141999066448
0.254025402540254,0.15924893168452284
0.25412541254125415,0.15928365899319685
0.2542254225422542,0.1593183818358982
0.25432543254325435,0.15935310021592805
0.2544254425442544,0.15938781413726313
0.25452545254525455,0.1594225236032437
0.2546254625462546,0.15945722861703593
0.25472547254725475,0.15949192918238755
0.2548254825482548,0.15952662530287645
0.25492549254925495,0.15956131698162646
0.255025502550255,0.15959600422202344
0.25512551255125515,0.15963068702788405
0.2552255225522552,0.15966536540233228
0.25532553255325535,0.15970003934851854
0.2554255425542554,0.15973470887024938
0.25552555255525555,0.15976937397076924
0.2556255625562556,0.15980403465311946
0.25572557255725575,0.15983869092085576
0.2558255825582558,0.15987334277745754
0.25592559255925595,0.15990799022592692
0.256025602560256,0.1599426332694899
0.25612561256125616,0.15997727191182226
0.25622562256225623,0.16001190615593555
0.25632563256325636,0.16004653600484667
0.25642564256425643,0.1600811614621976
0.25652565256525656,0.16011578253111924
0.25662566256625663,0.16015039921453236
0.25672567256725676,0.16018501151583067
0.25682568256825683,0.16021961943836596
0.25692569256925696,0.16025422298502073
0.25702570257025703,0.1602888221588852
0.25712571257125716,0.16032341696348212
0.25722572257225723,0.16035800740171052
0.25732573257325736,0.16039259347646445
0.25742574257425743,0.16042717519112526
0.25752575257525756,0.1604617525479796
0.25762576257625763,0.1604963255492538
0.25772577257725776,0.160530894197431
0.25782578257825783,0.1605654584949935
0.2579257925792579,0.16060001844417185
0.25802580258025803,0.1606345740473325
0.2581258125812581,0.1606691253071143
0.25822582258225824,0.16070367222579587
0.2583258325832583,0.16073821480567163
0.25842584258425844,0.16077275304942598
0.2585258525852585,0.16080728695944493
0.25862586258625864,0.16084181653800567
0.2587258725872587,0.16087634178772034
0.25882588258825884,0.16091086271114535
0.2589258925892589,0.16094537931057953
0.25902590259025904,0.1609798915884954
0.2591259125912591,0.16101439954762872
0.25922592259225924,0.1610489031903204
0.2593259325932593,0.16108340251895276
0.25942594259425944,0.16111789753632977
0.2595259525952595,0.16115238824489422
0.25962596259625964,0.16118687464699538
0.2597259725972597,0.16122135674538376
0.25982598259825984,0.16125583454266865
0.2599259925992599,0.16129030804121597
0.26002600260026004,0.1613247772436248
0.2601260126012601,0.16135924215270894
0.26022602260226024,0.1613937027708667
0.2603260326032603,0.16142815910058295
0.26042604260426044,0.16146261114477606
0.2605260526052605,0.16149705890593313
0.26062606260626064,0.16153150238648284
0.2607260726072607,0.1615659415893246
0.26082608260826085,0.16160037651709966
0.2609260926092609,0.16163480717223944
0.26102610261026105,0.1616692335575003
0.2611261126112611,0.16170365567574108
0.26122612261226125,0.16173807352941685
0.2613261326132613,0.16177248712113837
0.26142614261426145,0.16180689645392105
0.2615261526152615,0.1618413015302872
0.26162616261626165,0.16187570235276075
0.2617261726172617,0.1619100989243892
0.26182618261826185,0.16194449124782798
0.2619261926192619,0.16197887932557467
0.26202620262026205,0.1620132631605801
0.2621262126212621,0.16204764275570027
0.26222622262226225,0.16208201811345252
0.2623262326232623,0.16211638923660981
0.26242624262426245,0.16215075612824653
0.2625262526252625,0.16218511879091915
0.26262626262626265,0.16221947722727506
0.2627262726272627,0.162253831440489
0.26282628262826285,0.16228818143322
0.2629262926292629,0.16232252720805027
0.26302630263026305,0.16235686876812697
0.2631263126312631,0.16239120611625765
0.26322632263226325,0.16242553925508876
0.2633263326332633,0.16245986818777836
0.26342634263426346,0.16249419291814204
0.2635263526352635,0.16252851344927718
0.26362636263626366,0.16256282978457998
0.26372637263726373,0.16259714192804597
0.26382638263826386,0.1626314498828576
0.26392639263926393,0.16266575365225172
0.26402640264026406,0.16270005324030185
0.26412641264126413,0.1627343486503645
0.26422642264226426,0.1627686398856038
0.26432643264326433,0.16280292694999224
0.26442644264426446,0.16283720984715364
0.26452645264526453,0.1628714885802605
0.26462646264626466,0.1629057631530205
0.26472647264726473,0.16294003356940062
0.26482648264826486,0.1629742998326052
0.26492649264926493,0.1630085619461075
0.26502650265026506,0.16304281991409791
0.26512651265126513,0.16307707373988445
0.26522652265226526,0.16311132342678986
0.26532653265326533,0.1631455689790529
0.26542654265426546,0.16317981040017637
0.26552655265526554,0.1632140476934175
0.2656265626562656,0.1632482808628856
0.26572657265726574,0.1632825099123706
0.2658265826582658,0.16331673484514192
0.26592659265926594,0.16335095566502622
0.266026602660266,0.16338517237616668
0.26612661266126614,0.16341938498186667
0.2662266226622662,0.16345359348571328
0.26632663266326634,0.16348779789207138
0.2664266426642664,0.16352199820435384
0.26652665266526654,0.16355619442599076
0.2666266626662666,0.16359038656139666
0.26672667266726674,0.16362457461418298
0.2668266826682668,0.16365875858770682
0.26692669266926694,0.16369293848625757
0.267026702670267,0.16372711431373593
0.26712671267126714,0.16376128607350546
0.2672267226722672,0.16379545376956997
0.26732673267326734,0.16382961740619476
0.2674267426742674,0.1638637769867728
0.26752675267526754,0.16389793251504875
0.2676267626762676,0.16393208399553957
0.26772677267726774,0.16396623143173636
0.2678267826782678,0.16400037482720514
0.26792679267926794,0.1640345141865467
0.268026802680268,0.164068649513437
0.26812681268126815,0.16410278081134538
0.2682268226822682,0.1641369080847864
0.26832683268326835,0.16417103133770894
0.2684268426842684,0.16420515057356794
0.26852685268526855,0.16423926579662088
0.2686268626862686,0.1642733770111776
0.26872687268726875,0.16430748422071698
0.2688268826882688,0.1643415874292024
0.26892689268926895,0.1643756866412581
0.269026902690269,0.16440978186043173
0.26912691269126915,0.16444387309047123
0.2692269226922692,0.16447796033615253
0.26932693269326935,0.16451204360117627
0.2694269426942694,0.1645461228891537
0.26952695269526955,0.1645801982048488
0.2696269626962696,0.16461426955219977
0.26972697269726975,0.16464833693476053
0.2698269826982698,0.1646824003571183
0.26992699269926995,0.16471645982353403
0.27002700270027,0.16475051533757454
0.27012701270127015,0.16478456690351426
0.2702270227022702,0.16481861452599245
0.27032703270327035,0.16485265820860873
0.2704270427042704,0.1648866979553695
0.27052705270527055,0.16492073377116717
0.2706270627062706,0.16495476565970452
0.27072707270727076,0.1649887936247952
0.2708270827082708,0.16502281767142837
0.27092709270927096,0.16505683780349054
0.27102710271027103,0.16509085402467874
0.27112711271127116,0.16512486633992163
0.27122712271227123,0.16515887475337043
0.27132713271327136,0.16519287926868187
0.27142714271427143,0.16522687989056647
0.27152715271527156,0.1652608766235215
0.27162716271627163,0.16529486947122193
0.27172717271727176,0.1653288584380551
0.27182718271827183,0.16536284352889263
0.27192719271927196,0.16539682474744954
0.27202720272027203,0.16543080209784963
0.27212721272127216,0.16546477558520267
0.27222722272227223,0.16549874521333588
0.27232723272327236,0.16553271098618166
0.27242724272427243,0.16556667290893912
0.27252725272527256,0.1656006309856242
0.27262726272627263,0.1656345852200498
0.27272727272727276,0.1656685356173559
0.27282728272827284,0.16570248218182362
0.27292729272927296,0.16573642491721852
0.27302730273027304,0.16577036382847252
0.2731273127312731,0.16580429892020834
0.27322732273227324,0.16583823019620575
0.2733273327332733,0.16587215766107172
0.27342734273427344,0.16590608131981555
0.2735273527352735,0.16594000117624894
0.27362736273627364,0.1659739172346987
0.2737273727372737,0.1660078295004381
0.27382738273827384,0.16604173797740404
0.2739273927392739,0.16607564266974723
0.27402740274027404,0.16610954358291813
0.2741274127412741,0.16614344072097623
0.27422742274227424,0.1661773340878726
0.2743274327432743,0.16621122368892943
0.27442744274427444,0.16624510952835625
0.2745274527452745,0.16627899160994766
0.27462746274627464,0.16631286993877484
0.2747274727472747,0.16634674451925535
0.27482748274827484,0.16638061535509469
0.2749274927492749,0.16641448245099372
0.27502750275027504,0.16644834581163062
0.2751275127512751,0.16648220544065226
0.27522752275227524,0.16651606134237468
0.2753275327532753,0.16654991352168985
0.27542754275427545,0.16658376198221772
0.2755275527552755,0.16661760672796064
0.27562756275627565,0.16665144776389723
0.2757275727572757,0.16668528509367714
0.27582758275827585,0.1667191187210551
0.2759275927592759,0.16675294865097895
0.27602760276027605,0.1667867748871802
0.2761276127612761,0.16682059743322658
0.27622762276227625,0.16685441629392825
0.2763276327632763,0.16688823147314513
0.27642764276427645,0.16692204297431482
0.2765276527652765,0.166955850802011
0.27662766276627665,0.16698965496026497
0.2767276727672767,0.16702345545243502
0.27682768276827685,0.16705725228277066
0.2769276927692769,0.16709104545551148
0.27702770277027705,0.16712483497395936
0.2771277127712771,0.16715862084203373
0.27722772277227725,0.16719240306414174
0.2773277327732773,0.16722618164355346
0.27742774277427745,0.1672599565839147
0.2775277527752775,0.16729372788970176
0.27762776277627765,0.16732749556419607
0.2777277727772777,0.16736125961082132
0.27782778277827785,0.16739502003403306
0.2779277927792779,0.16742877683716278
0.27802780278027805,0.16746253002345948
0.2781278127812781,0.16749627959727656
0.27822782278227826,0.16753002556203003
0.27832783278327833,0.16756376792083813
0.27842784278427846,0.16759750667787798
0.27852785278527853,0.16763124183668107
0.27862786278627866,0.1676649734002746
0.27872787278727873,0.16769870137259293
0.27882788278827886,0.16773242575731034
0.27892789278927893,0.16776614655739458
0.27902790279027906,0.1677998637764913
0.27912791279127913,0.16783357741842814
0.27922792279227926,0.16786728748612242
0.27932793279327933,0.1679009939829626
0.27942794279427946,0.16793469691286608
0.27952795279527953,0.16796839627872773
0.27962796279627966,0.16800209208372027
0.27972797279727973,0.16803578433178107
0.27982798279827986,0.16806947302581188
0.27992799279927993,0.1681031581688069
0.28002800280028006,0.1681368397646609
0.28012801280128014,0.16817051781630696
0.28022802280228026,0.16820419232659553
0.28032803280328034,0.16823786329930981
0.28042804280428046,0.16827153073765463
0.28052805280528054,0.16830519464454508
0.28062806280628066,0.16833885502395388
0.28072807280728074,0.16837251187920402
0.2808280828082808,0.16840616521315832
0.28092809280928094,0.16843981502958513
0.281028102810281,0.16847346133192753
0.28112811281128114,0.1685071041229951
0.2812281228122812,0.16854074340631564
0.28132813281328134,0.16857437918546886
0.2814281428142814,0.16860801146321974
0.28152815281528154,0.16864164024286613
0.2816281628162816,0.16867526552808876
0.28172817281728174,0.16870888732162556
0.2818281828182818,0.16874250562657672
0.28192819281928194,0.1687761204466693
0.282028202820282,0.16880973178463687
0.28212821282128214,0.16884333964341167
0.2822282228222822,0.16887694402671743
0.28232823282328234,0.16891054493730387
0.2824282428242824,0.1689441423779626
0.28252825282528254,0.16897773635236898
0.2826282628262826,0.16901132686330686
0.28272827282728275,0.16904491391345253
0.2828282828282828,0.16907849750639226
0.28292829282928295,0.16911207764496014
0.283028302830283,0.16914565433173945
0.28312831283128315,0.1691792275701918
0.2832283228322832,0.16921279736321498
0.28332833283328335,0.16924636371332027
0.2834283428342834,0.16927992662381217
0.28352835283528355,0.16931348609766436
0.2836283628362836,0.16934704213733429
0.28372837283728375,0.1693805947459416
0.2838283828382838,0.16941414392654564
0.28392839283928395,0.16944768968156046
0.284028402840284,0.16948123201391552
0.28412841284128415,0.16951477092674486
0.2842284228422842,0.16954830642242588
0.28432843284328435,0.16958183850372038
0.2844284428442844,0.16961536717380005
0.28452845284528455,0.16964889243502038
0.2846284628462846,0.16968241428999664
0.28472847284728475,0.16971593274190477
0.2848284828482848,0.16974944779309087
0.28492849284928495,0.16978295944604338
0.285028502850285,0.16981646770391184
0.28512851285128515,0.16984997256904477
0.2852285228522852,0.16988347404382068
0.28532853285328535,0.1699169721313366
0.2854285428542854,0.16995046683395276
0.28552855285528556,0.1699839581539539
0.28562856285628563,0.1700174460943607
0.28572857285728576,0.1700509306575533
0.28582858285828583,0.1700844118457367
0.28592859285928596,0.17011788966183514
0.28602860286028603,0.17015136410825507
0.28612861286128616,0.17018483518713487
0.28622862286228623,0.1702183029012842
0.28632863286328636,0.17025176725314145
0.28642864286428643,0.17028522824478934
0.28652865286528656,0.17031868587890833
0.28662866286628663,0.17035214015797276
0.28672867286728676,0.17038559108401968
0.28682868286828683,0.17041903865958802
0.28692869286928696,0.17045248288719073
0.28702870287028703,0.17048592376882357
0.28712871287128716,0.17051936130688694
0.28722872287228723,0.17055279550392105
0.28732873287328736,0.17058622636188514
0.28742874287428744,0.170619653883055
0.28752875287528756,0.17065307806997715
0.28762876287628764,0.1706864989245814
0.28772877287728776,0.17071991644903223
0.28782878287828784,0.17075333064586332
0.28792879287928796,0.17078674151697967
0.28802880288028804,0.1708201490644295
0.28812881288128817,0.1708535532904717
0.28822882288228824,0.1708869541987568
0.2883288328832883,0.1709203517932741
0.28842884288428844,0.17095374608059316
0.2885288528852885,0.1709871370651083
0.28862886288628864,0.1710205247512822
0.2887288728872887,0.17105390914531332
0.28882888288828884,0.17108729025156433
0.2889288928892889,0.17112066807425838
0.28902890289028904,0.17115404261937395
0.2891289128912891,0.17118741389124978
0.28922892289228924,0.17122078189389514
0.2893289328932893,0.17125414663303876
0.28942894289428944,0.1712875081130013
0.2895289528952895,0.17132086633760008
0.28962896289628964,0.1713542213122909
0.2897289728972897,0.17138757304137858
0.28982898289828984,0.17142092152850788
0.2899289928992899,0.17145426677884343
0.29002900290029004,0.17148760879667455
0.2901290129012901,0.17152094758549002
0.29022902290229025,0.17155428315014995
0.2903290329032903,0.17158761549492618
0.29042904290429045,0.1716209446231658
0.2905290529052905,0.17165427053941537
0.29062906290629065,0.17168759324792543
0.2907290729072907,0.17172091275191223
0.29082908290829085,0.17175422905560597
0.2909290929092909,0.17178754216322845
0.29102910291029105,0.17182085207786862
0.2911291129112911,0.1718541588034596
0.29122912291229125,0.17188746234416677
0.2913291329132913,0.1719207627029591
0.29142914291429145,0.1719540598834961
0.2915291529152915,0.17198735388985673
0.29162916291629165,0.1720206447248977
0.2917291729172917,0.17205393239202643
0.29182918291829185,0.1720872168952095
0.2919291929192919,0.17212049823719705
0.29202920292029205,0.1721537764211634
0.2921292129212921,0.1721870514509409
0.29222922292229225,0.1722203233291771
0.2923292329232923,0.17225359205883065
0.29242924292429245,0.17228685764358084
0.2925292529252925,0.17232012008597553
0.29262926292629265,0.17235337938877257
0.2927292729272927,0.1723866355554834
0.29282928292829286,0.1724198885885568
0.29292929292929293,0.17245313849056373
0.29302930293029306,0.1724863852648354
0.29312931293129313,0.17251962891372155
0.29322932293229326,0.1725528694396181
0.29332933293329333,0.17258610684566644
0.29342934293429346,0.17261934113411626
0.29352935293529353,0.1726525723071985
0.29362936293629366,0.172685800367858
0.29372937293729373,0.17271902531824185
0.29382938293829386,0.17275224716042561
0.29392939293929393,0.17278546589715232
0.29402940294029406,0.1728186815304637
0.29412941294129413,0.17285189406228732
0.29422942294229426,0.172885103495162
0.29432943294329433,0.17291830983101983
0.29442944294429446,0.1729515130716474
0.29452945294529453,0.17298471321937817
0.29462946294629466,0.1730179102760304
0.29472947294729473,0.17305110424325493
0.29482948294829486,0.1730842951231806
0.29492949294929494,0.17311748291750642
0.29502950295029506,0.17315066762775272
0.29512951295129514,0.1731838492558454
0.29522952295229526,0.17321702780335888
0.29532953295329534,0.1732502032716866
0.29542954295429547,0.17328337566255475
0.29552955295529554,0.17331654497740726
0.29562956295629567,0.17334971121751394
0.29572957295729574,0.1733828743844051
0.29582958295829587,0.17341603447938836
0.29592959295929594,0.17344919150361232
0.296029602960296,0.17348234545841634
0.29612961296129614,0.17351549634496524
0.2962296229622962,0.1735486441642886
0.29632963296329634,0.17358178891754028
0.2964296429642964,0.17361493060573577
0.29652965296529654,0.17364806922978732
0.2966296629662966,0.17368120479066898
0.29672967296729674,0.1737143372892412
0.2968296829682968,0.17374746672629937
0.29692969296929694,0.17378059310264438
0.297029702970297,0.17381371641897503
0.29712971297129714,0.17384683667597087
0.2972297229722972,0.1738799538742658
0.29732973297329734,0.17391306801439127
0.2974297429742974,0.17394617909691137
0.29752975297529755,0.17397928712229935
0.2976297629762976,0.17401239209099936
0.29772977297729775,0.174045494003181
0.2978297829782978,0.17407859285857413
0.29792979297929795,0.1741116886555725
0.298029802980298,0.1741447813934852
0.29812981298129815,0.17417787107105775
0.2982298229822982,0.1742109576867626
0.29832983298329835,0.17424404123985443
0.2984298429842984,0.17427712172903434
0.29852985298529855,0.1743101991526672
0.2986298629862986,0.174343273509953
0.29872987298729875,0.17437634479954806
0.2988298829882988,0.1744094130197109
0.29892989298929895,0.17444247816958666
0.299029902990299,0.17447554024778603
0.29912991299129915,0.1745085992524629
0.2992299229922992,0.17454165518270692
0.29932993299329935,0.17457470803708247
0.2994299429942994,0.17460775781364035
0.29952995299529955,0.1746408045114151
0.2996299629962996,0.17467384812892323
0.29972997299729975,0.17470688866411438
0.2998299829982998,0.17473992611596748
0.29992999299929995,0.17477296048295055
0.3000300030003,0.17480599176291334
0.30013001300130016,0.17483901995477943
0.30023002300230023,0.1748720450569672
0.30033003300330036,0.17490506706722797
0.30043004300430043,0.17493808598443042
0.30053005300530056,0.17497110180694173
0.30063006300630063,0.17500411453241632
0.30073007300730076,0.17503712415966843
0.30083008300830083,0.17507013068701238
0.30093009300930096,0.17510313411200762
0.30103010301030103,0.1751361344334144
0.30113011301130116,0.17516913164949258
0.30123012301230123,0.17520212575770797
0.30133013301330136,0.1752351167567675
0.30143014301430143,0.17526810464487494
0.30153015301530156,0.1753010894194041
0.30163016301630163,0.17533407107900947
0.30173017301730176,0.1753670496218365
0.30183018301830183,0.1754000250451689
0.30193019301930196,0.1754329973476096
0.30203020302030203,0.17546596652724353
0.30213021302130216,0.1754989325812659
0.30223022302230224,0.17553189550822926
0.30233023302330236,0.17556485530615593
0.30243024302430244,0.17559781197215418
0.30253025302530256,0.17563076550472598
0.30263026302630264,0.1756637159018008
0.30273027302730277,0.17569666316037988
0.30283028302830284,0.17572960727987222
0.30293029302930297,0.175762548259578
0.30303030303030304,0.17579548609886816
0.30313031303130317,0.17582842079764344
0.30323032303230324,0.17586135235559344
0.30333033303330337,0.17589428077217603
0.30343034303430344,0.17592720604739087
0.3035303530353035,0.1759601281810466
0.30363036303630364,0.1759930471727631
0.3037303730373037,0.17602596302263865
0.30383038303830384,0.17605887573060072
0.3039303930393039,0.17609178529643094
0.30403040304030404,0.17612469172032574
0.3041304130413041,0.17615759500233133
0.30423042304230424,0.17619049514239069
0.3043304330433043,0.1762233921407977
0.30443044304430444,0.17625628599771806
0.3045304530453045,0.17628917671325522
0.30463046304630464,0.17632206428779978
0.3047304730473047,0.17635494872163762
0.30483048304830485,0.17638783001503192
0.3049304930493049,0.17642070816846886
0.30503050305030505,0.17645358318235588
0.3051305130513051,0.17648645505711458
0.30523052305230525,0.17651932379332572
0.3053305330533053,0.17655218939152023
0.30543054305430545,0.17658505185227624
0.3055305530553055,0.17661791117626802
0.30563056305630565,0.1766507673641523
0.3057305730573057,0.1766836204166613
0.30583058305830585,0.17671647033456206
0.3059305930593059,0.17674931711863973
0.30603060306030605,0.176782160769778
0.3061306130613061,0.17681500128883548
0.30623062306230625,0.17684783867672926
0.3063306330633063,0.17688067293449097
0.30643064306430645,0.17691350406306974
0.3065306530653065,0.17694633206351854
0.30663066306630665,0.1769791569370131
0.3067306730673067,0.17701197868459204
0.30683068306830685,0.17704479730744896
0.3069306930693069,0.17707761280689854
0.30703070307030705,0.1771104251840684
0.3071307130713071,0.17714323444029773
0.30723072307230725,0.17717604057703482
0.3073307330733073,0.17720884359549538
0.30743074307430746,0.1772416434971707
0.30753075307530753,0.17727444028363543
0.30763076307630766,0.17730723395619372
0.30773077307730773,0.1773400245164945
0.30783078307830786,0.17737281196623222
0.30793079307930793,0.1774055963067997
0.30803080308030806,0.17743837754000907
0.30813081308130813,0.17747115566766775
0.30823082308230826,0.17750393069125817
0.30833083308330833,0.17753670261276053
0.30843084308430846,0.17756947143408844
0.30853085308530853,0.17760223715681508
0.30863086308630866,0.17763499978309327
0.30873087308730873,0.17766775931493617
0.30883088308830886,0.17770051575400966
0.30893089308930893,0.17773326910264287
0.30903090309030906,0.17776601936294187
0.30913091309130913,0.17779876653666762
0.30923092309230926,0.1778315106263287
0.30933093309330933,0.17786425163411748
0.30943094309430946,0.17789698956189337
0.30953095309530954,0.1779297244123464
0.30963096309630966,0.17796245618774903
0.30973097309730974,0.17799518489006305
0.30983098309830986,0.17802791052216113
0.30993099309930994,0.17806063308638956
0.31003100310031007,0.17809335258481743
0.31013101310131014,0.17812606902049977
0.31023102310231027,0.17815878239585112
0.31033103310331034,0.1781914927130541
0.31043104310431047,0.17822419997534414
0.31053105310531054,0.17825690418519888
0.31063106310631067,0.17828960534492136
0.31073107310731074,0.178322303457924
0.31083108310831087,0.17835499852674294
0.31093109310931094,0.17838769055381012
0.311031103110311,0.17842037954270965
0.31113111311131114,0.17845306549603204
0.3112311231123112,0.17848574841634798
0.31133113311331134,0.1785184283074055
0.3114311431143114,0.1785511051718467
0.31153115311531154,0.1785837790123915
0.3116311631163116,0.17861644983294275
0.31173117311731174,0.17864911763619148
0.3118311831183118,0.17868178242501992
0.31193119311931194,0.17871444420347293
0.312031203120312,0.1787471029742895
0.31213121312131215,0.17877975874052834
0.3122312231223122,0.17881241150636115
0.31233123312331235,0.17884506127457486
0.3124312431243124,0.17887770804842057
0.31253125312531255,0.1789103518321792
0.3126312631263126,0.1789429926286862
0.31273127312731275,0.17897563044140363
0.3128312831283128,0.17900826527469949
0.31293129312931295,0.17904089713146076
0.313031303130313,0.17907352601538004
0.31313131313131315,0.17910615193088814
0.3132313231323132,0.1791387748809271
0.31333133313331335,0.17917139486944253
0.3134313431343134,0.17920401190089896
0.31353135313531355,0.1792366259782995
0.3136313631363136,0.17926923710586692
0.31373137313731375,0.1793018452880671
0.3138313831383138,0.17933445052797284
0.31393139313931395,0.1793670528301067
0.314031403140314,0.1793996521989031
0.31413141314131415,0.17943224863752297
0.3142314231423142,0.1794648421507865
0.31433143314331435,0.17949743274308652
0.3144314431443144,0.17953002041768681
0.31453145314531455,0.17956260517969594
0.3146314631463146,0.17959518703345176
0.31473147314731476,0.17962776598235095
0.31483148314831483,0.1796603420317368
0.31493149314931496,0.1796929151868367
0.31503150315031503,0.17972548545179612
0.31513151315131516,0.1797580528334282
0.31523152315231523,0.17979061733668303
0.31533153315331536,0.1798231789658384
0.31543154315431543,0.17985573772766716
0.31553155315531556,0.17988829362686948
0.31563156315631563,0.17992084666777056
0.31573157315731576,0.17995339685709363
0.31583158315831583,0.1799859441993096
0.31593159315931596,0.18001848869881057
0.31603160316031603,0.18005103036223014
0.31613161316131616,0.18008356919383162
0.31623162316231623,0.18011610519809304
0.31633163316331636,0.18014863838151804
0.31643164316431643,0.18018116874818393
0.31653165316531656,0.18021369630267442
0.31663166316631663,0.1802462210513219
0.31673167316731676,0.18027874299804048
0.31683168316831684,0.18031126214753854
0.31693169316931696,0.18034377850593608
0.31703170317031704,0.1803762920770063
0.31713171317131716,0.18040880286560224
0.31723172317231724,0.1804413108775892
0.31733173317331737,0.18047381611662272
0.31743174317431744,0.18050631858772004
0.31753175317531757,0.18053881829644955
0.31763176317631764,0.1805713152463728
0.31773177317731777,0.18060380944269
0.31783178317831784,0.18063630089063087
0.31793179317931797,0.18066878959369462
0.31803180318031804,0.18070127555725832
0.31813181318131817,0.18073375878619644
0.31823182318231824,0.1807662392839841
0.31833183318331837,0.18079871705612466
0.31843184318431844,0.18083119210716486
0.31853185318531857,0.18086366444057958
0.31863186318631864,0.1808961340619471
0.3187318731873187,0.18092860097551478
0.31883188318831884,0.18096106518478058
0.3189318931893189,0.18099352669534668
0.31903190319031904,0.18102598551118945
0.3191319131913191,0.18105844163585327
0.31923192319231924,0.1810908950749126
0.3193319331933193,0.1811233458321018
0.31943194319431945,0.18115579391103467
0.3195319531953195,0.18118823931720673
0.31963196319631965,0.18122068205413897
0.3197319731973197,0.18125312212553754
0.31983198319831985,0.18128555953693326
0.3199319931993199,0.18131799429103274
0.32003200320032005,0.18135042639110105
0.3201320132013201,0.18138285583913227
0.32023202320232025,0.18141528263665668
0.3203320332033203,0.18144770678549163
0.32043204320432045,0.1814801282878064
0.3205320532053205,0.18151254714506093
0.32063206320632065,0.1815449633591015
0.3207320732073207,0.18157737693195672
0.32083208320832085,0.18160978786502963
0.3209320932093209,0.18164219616019645
0.32103210321032105,0.18167460181933223
0.3211321132113211,0.18170700484379682
0.32123212321232125,0.18173940523548934
0.3213321332133213,0.1817718029961289
0.32143214321432145,0.18180419812704723
0.3215321532153215,0.18183659063014165
0.32163216321632165,0.18186898050699168
0.3217321732173217,0.18190136775890908
0.32183218321832185,0.18193375238776585
0.3219321932193219,0.18196613439501805
0.32203220322032206,0.181998513781964
0.32213221322132213,0.18203089055042898
0.32223222322232226,0.18206326470176062
0.32233223322332233,0.1820956362372495
0.32243224322432246,0.18212800515865465
0.32253225322532253,0.18216037146722974
0.32263226322632266,0.1821927351642619
0.32273227322732273,0.18222509625142663
0.32283228322832286,0.18225745472989704
0.32293229322932293,0.1822898106009593
0.32303230323032306,0.18232216386619118
0.32313231323132313,0.18235451452669715
0.32323232323232326,0.18238686258376408
0.32333233323332333,0.18241920803885978
0.32343234323432346,0.1824515508930313
0.32353235323532353,0.182483891147566
0.32363236323632366,0.1825162288038126
0.32373237323732373,0.1825485638627703
0.32383238323832386,0.18258089632572472
0.32393239323932393,0.1826132261939001
0.32403240324032406,0.18264555346826006
0.32413241324132414,0.18267787815007266
0.32423242324232426,0.182710200240447
0.32433243324332434,0.18274251974031866
0.32443244324432446,0.1827748366509179
0.32453245324532454,0.18280715097325415
0.32463246324632467,0.1828394627082386
0.32473247324732474,0.18287177185704645
0.32483248324832487,0.1829040784206015
0.32493249324932494,0.18293638239979254
0.32503250325032507,0.1829686837957255
0.32513251325132514,0.1830009826092513
0.32523252325232527,0.18303327884123596
0.32533253325332534,0.18306557249270586
0.32543254325432547,0.18309786356444982
0.32553255325532554,0.18313015205730948
0.32563256325632567,0.18316243797222442
0.32573257325732574,0.18319472130993092
0.32583258325832587,0.18322700207124223
0.32593259325932594,0.18325928025700766
0.32603260326032607,0.18329155586791862
0.32613261326132614,0.1833238289047537
0.3262326232623262,0.18335609936827318
0.32633263326332634,0.18338836725912944
0.3264326432643264,0.18342063257805732
0.32653265326532654,0.1834528953257337
0.3266326632663266,0.1834851555027763
0.32673267326732675,0.18351741310986242
0.3268326832683268,0.1835496681475983
0.32693269326932695,0.1835819206165671
0.327032703270327,0.18361417051737736
0.32713271327132715,0.1836464178505765
0.3272327232723272,0.1836786626167103
0.32733273327332735,0.18371090481631208
0.3274327432743274,0.18374314444988002
0.32753275327532755,0.18377538151791742
0.3276327632763276,0.18380761602088025
0.32773277327732775,0.18383984795922553
0.3278327832783278,0.183872077333406
0.32793279327932795,0.18390430414380315
0.328032803280328,0.1839365283908379
0.32813281328132815,0.18396875007490238
0.3282328232823282,0.1840009691963112
0.32833283328332835,0.1840331857554521
0.3284328432843284,0.18406539975264394
0.32853285328532855,0.1840976111881469
0.3286328632863286,0.1841298200623159
0.32873287328732875,0.18416202637538226
0.3288328832883288,0.1841942301275681
0.32893289328932895,0.18422643131918948
0.329032903290329,0.18425862995038522
0.32913291329132915,0.18429082602134964
0.3292329232923292,0.1843230195323522
0.32933293329332936,0.1843552104834404
0.32943294329432943,0.18438739887478717
0.32953295329532956,0.1844195847066051
0.32963296329632963,0.1844517679788211
0.32973297329732976,0.18448394869171703
0.32983298329832983,0.1845161268454626
0.32993299329932996,0.1845483024413707
0.33003300330033003,0.18458047548043305
0.33013301330133016,0.1846126459637549
0.33023302330233023,0.1846448138927638
0.33033303330333036,0.18467697926850782
0.33043304330433043,0.1847091420922774
0.33053305330533056,0.18474130236559946
0.33063306330633063,0.1847734600895805
0.33073307330733076,0.18480561526574452
0.33083308330833083,0.18483776789566478
0.33093309330933096,0.18486991798052782
0.33103310331033103,0.18490206552210497
0.33113311331133116,0.18493421052198505
0.33123312331233123,0.1849663529814624
0.33133313331333136,0.18499849290254214
0.33143314331433144,0.18503063028681796
0.33153315331533156,0.18506276513572328
0.33163316331633164,0.18509489745146884
0.33173317331733176,0.1851270272356491
0.33183318331833184,0.1851591544898756
0.33193319331933197,0.18519127921652143
0.33203320332033204,0.18522340141718543
0.33213321332133217,0.18525552109370438
0.33223322332233224,0.1852876382485548
0.33233323332333237,0.18531975288335095
0.33243324332433244,0.18535186500020986
0.33253325332533257,0.185383974601637
0.33263326332633264,0.18541608168928142
0.33273327332733277,0.18544818626560172
0.33283328332833284,0.18548028833304378
0.33293329332933297,0.18551238789334307
0.33303330333033304,0.18554448494929446
0.33313331333133317,0.1855765795032537
0.33323332333233324,0.1856086715570956
0.33333333333333337,0.18564076111390143
0.33343334333433344,0.18567284817594232
0.33353335333533357,0.1857049327452852
0.33363336333633364,0.18573701482523008
0.33373337333733377,0.1857690944179778
0.33383338333833384,0.1858011715258489
0.3339333933393339,0.18583324615227717
0.33403340334033405,0.18586531829941552
0.3341334133413341,0.18589738796990932
0.33423342334233425,0.18592945516722292
0.3343334333433343,0.18596151989349277
0.33443344334433445,0.18599358215176987
0.3345334533453345,0.1860256419454269
0.33463346334633465,0.18605769927663607
0.3347334733473347,0.18608975414891013
0.33483348334833485,0.1861218065654229
0.3349334933493349,0.18615385652847793
0.33503350335033505,0.18618590404198027
0.3351335133513351,0.18621794910891373
0.33523352335233525,0.18624999173178666
0.3353335333533353,0.18628203191479697
0.33543354335433545,0.18631406966076716
0.3355335533553355,0.18634610497249054
0.33563356335633565,0.18637813785433857
0.3357335733573357,0.18641016830901055
0.33583358335833585,0.1864421963396763
0.3359335933593359,0.1864742219507402
0.33603360336033605,0.1865062451448272
0.3361336133613361,0.1865382659255851
0.33623362336233625,0.1865702842972899
0.3363336333633363,0.186602300262556
0.33643364336433645,0.1866343138256075
0.3365336533653365,0.18666632499042354
0.33663366336633666,0.1866983337597384
0.3367336733673367,0.1867303401382796
0.33683368336833686,0.18676234412972104
0.33693369336933693,0.18679434573702378
0.33703370337033706,0.18682634496527867
0.33713371337133713,0.18685834181789865
0.33723372337233726,0.18689033629816604
0.33733373337333733,0.18692232841130643
0.33743374337433746,0.18695431816134322
0.33753375337533753,0.18698630555295112
0.33763376337633766,0.18701829059308533
0.33773377337733773,0.18705027328562757
0.33783378337833786,0.18708225363604936
0.33793379337933793,0.18711423165067403
0.33803380338033806,0.18714620733319137
0.33813381338133813,0.1871781806896914
0.33823382338233826,0.187210151725721
0.33833383338333833,0.18724212044499744
0.33843384338433846,0.18727408685404304
0.33853385338533853,0.1873060509576892
0.33863386338633866,0.1873380127598309
0.33873387338733874,0.18736997226715987
0.33883388338833886,0.1874019294839333
0.33893389338933894,0.18743388441434264
0.33903390339033906,0.1874658370649928
0.33913391339133914,0.18749778743970444
0.33923392339233926,0.18752973554308108
0.33933393339333934,0.1875616813813915
0.33943394339433947,0.1875936249581545
0.33953395339533954,0.18762556627849705
0.33963396339633967,0.18765750534810993
0.33973397339733974,0.18768944217035904
0.33983398339833987,0.18772137675094805
0.33993399339933994,0.18775330909480967
0.34003400340034007,0.1877852392053768
0.34013401340134014,0.18781716708870216
0.34023402340234027,0.18784909274906492
0.34033403340334034,0.18788101619009745
0.34043404340434047,0.18791293741794307
0.34053405340534054,0.18794485643636663
0.34063406340634067,0.18797677324931591
0.34073407340734074,0.18800868786277336
0.34083408340834087,0.18804060028012617
0.34093409340934094,0.18807251050574836
0.34103410341034107,0.18810441854521898
0.34113411341134114,0.18813632440167963
0.3412341234123413,0.18816822808003728
0.34133413341334135,0.1882001295852335
0.3414341434143414,0.18823202892034493
0.34153415341534155,0.1882639260907546
0.3416341634163416,0.18829582110070095
0.34173417341734175,0.18832771395338452
0.3418341834183418,0.18835960465440635
0.34193419341934195,0.18839149320744114
0.342034203420342,0.18842337961592773
0.34213421342134215,0.18845526388543563
0.3422342234223422,0.1884871460192117
0.34233423342334235,0.18851902602104303
0.3424342434243424,0.1885509038962265
0.34253425342534255,0.18858277964771342
0.3426342634263426,0.18861465327974247
0.34273427342734275,0.1886465247971081
0.3428342834283428,0.18867839420260663
0.34293429342934295,0.18871026150098502
0.343034303430343,0.1887421266963573
0.34313431343134315,0.18877398979157362
0.3432343234323432,0.18880585079167994
0.34333433343334335,0.1888377097002029
0.3434343434343434,0.18886956652017345
0.34353435343534355,0.1889014212566907
0.3436343634363436,0.1889332739128288
0.34373437343734375,0.18896512449190522
0.3438343834383438,0.18899697299883747
0.34393439343934396,0.1890288194363768
0.344034403440344,0.18906066380822753
0.34413441344134416,0.18909250611887082
0.34423442344234423,0.189124346370948
0.34433443344334436,0.18915618456869934
0.34443444344434443,0.18918802071731064
0.34453445344534456,0.18921985481999912
0.34463446344634463,0.18925168688255878
0.34473447344734476,0.18928351690910855
0.34483448344834483,0.18931534490298751
0.34493449344934496,0.18934717086987915
0.34503450345034503,0.1893789948131942
0.34513451345134516,0.1894108167364516
0.34523452345234523,0.1894426366449445
0.34533453345334536,0.18947445454157116
0.34543454345434543,0.18950627043010265
0.34553455345534556,0.1895380843152009
0.34563456345634563,0.18956989619942138
0.34573457345734576,0.18960170608683274
0.34583458345834583,0.1896335139812773
0.34593459345934596,0.18966531988517
0.34603460346034604,0.18969712380272188
0.34613461346134616,0.18972892573699437
0.34623462346234624,0.18976072569041144
0.34633463346334636,0.18979252366704707
0.34643464346434644,0.18982431966937216
0.34653465346534656,0.18985611369988264
0.34663466346634664,0.18988790576228956
0.34673467346734677,0.18991969585863783
0.34683468346834684,0.18995148399152922
0.34693469346934697,0.18998327016414268
0.34703470347034704,0.1900150543782335
0.34713471347134717,0.19004683663651442
0.34723472347234724,0.19007861694151976
0.34733473347334737,0.19011039529485735
0.34743474347434744,0.1901421716992254
0.34753475347534757,0.19017394615656072
0.34763476347634764,0.1902057186684196
0.34773477347734777,0.19023748923728123
0.34783478347834784,0.19026925786464005
0.34793479347934797,0.19030102455202133
0.34803480348034804,0.1903327893015398
0.34813481348134817,0.19036455211437373
0.34823482348234824,0.19039631299200685
0.34833483348334837,0.19042807193610448
0.34843484348434844,0.19045982894762586
0.3485348534853486,0.19049158402797087
0.34863486348634865,0.1905233371783322
0.3487348734873488,0.19055508839952995
0.34883488348834885,0.19058683769276508
0.348934893489349,0.19061858505883894
0.34903490349034905,0.19065033049845703
0.3491349134913491,0.19068207401250553
0.34923492349234925,0.19071381560150763
0.3493349334933493,0.19074555526602577
0.34943494349434945,0.19077729300657909
0.3495349534953495,0.19080902882349463
0.34963496349634965,0.19084076271712988
0.3497349734973497,0.1908724946876501
0.34983498349834985,0.190904224735236
0.3499349934993499,0.19093595285994513
0.35003500350035005,0.19096767906166753
0.3501350135013501,0.19099940334043897
0.35023502350235025,0.19103112569593608
0.3503350335033503,0.1910628461278717
0.35043504350435045,0.19109456463608618
0.3505350535053505,0.1911262812198626
0.35063506350635065,0.19115799587880064
0.3507350735073507,0.1911897086124606
0.35083508350835085,0.1912214194197872
0.3509350935093509,0.1912531283002976
0.35103510351035105,0.1912848352531519
0.3511351135113511,0.1913165402770813
0.35123512351235125,0.19134824337151032
0.3513351335133513,0.191379944535063
0.35143514351435146,0.19141164376643285
0.35153515351535153,0.19144334106485167
0.35163516351635166,0.1914750364284179
0.35173517351735173,0.19150672985585268
0.35183518351835186,0.19153842134607724
0.35193519351935193,0.19157011089676781
0.35203520352035206,0.19160179850668208
0.35213521352135213,0.1916334841742819
0.35223522352235226,0.19166516789699928
0.35233523352335233,0.19169684967360007
0.35243524352435246,0.1917285295019005
0.35253525352535253,0.1917602073793409
0.35263526352635266,0.19179188330459082
0.35273527352735273,0.19182355727471453
0.35283528352835286,0.19185522928737078
0.35293529352935293,0.19188689934093053
0.35303530353035306,0.19191856743184715
0.35313531353135313,0.19195023355802973
0.35323532353235326,0.19198189771736746
0.35333533353335334,0.19201355990649585
0.35343534353435346,0.19204522012379233
0.35353535353535354,0.19207687836692514
0.35363536353635366,0.19210853463277497
0.35373537353735374,0.19214018891987567
0.35383538353835386,0.1921718412253457
0.35393539353935394,0.19220349154656097
0.35403540354035407,0.19223513988199578
0.35413541354135414,0.19226678622835963
0.35423542354235427,0.19229843058351512
0.35433543354335434,0.19233007294570606
0.35443544354435447,0.19236171331149124
0.35453545354535454,0.19239335167909494
0.35463546354635467,0.19242498804639382
0.35473547354735474,0.19245662241006106
0.35483548354835487,0.19248825476855477
0.35493549354935494,0.192519885119243
0.35503550355035507,0.19255151345918708
0.35513551355135514,0.1925831397869084
0.35523552355235527,0.19261476409923634
0.35533553355335534,0.1926463863937859
0.35543554355435547,0.19267800666891022
0.35553555355535554,0.1927096249211551
0.35563556355635567,0.1927412411485734
0.35573557355735574,0.19277285534920213
0.3558355835583559,0.1928044675195808
0.35593559355935595,0.19283607765806596
0.3560356035603561,0.19286768576223187
0.35613561356135615,0.1928992918288963
0.3562356235623563,0.19293089585657394
0.35633563356335635,0.19296249784224878
0.3564356435643565,0.19299409778328613
0.35653565356535655,0.19302569567811242
0.3566356635663566,0.19305729152330506
0.35673567356735675,0.1930888853167384
0.3568356835683568,0.19312047705656898
0.35693569356935695,0.1931520667392568
0.357035703570357,0.19318365436304524
0.35713571357135715,0.19321523992566803
0.3572357235723572,0.19324682342376473
0.35733573357335735,0.19327840485580405
0.3574357435743574,0.19330998421893966
0.35753575357535755,0.1933415615102957
0.3576357635763576,0.19337313672834447
0.35773577357735775,0.19340470986972058
0.3578357835783578,0.19343628093212345
0.35793579357935795,0.19346784991379573
0.358035803580358,0.1934994168111548
0.35813581358135815,0.1935309816223296
0.3582358235823582,0.19356254434517292
0.35833583358335835,0.19359410497619553
0.3584358435843584,0.19362566351380492
0.35853585358535855,0.19365721995530075
0.3586358635863586,0.19368877429760506
0.35873587358735876,0.1937203265392096
0.35883588358835883,0.19375187667681418
0.35893589358935896,0.19378342470795729
0.35903590359035903,0.19381497063094047
0.35913591359135916,0.19384651444215992
0.35923592359235923,0.1938780561396373
0.35933593359335936,0.1939095957213107
0.35943594359435943,0.19394113318357564
0.35953595359535956,0.1939726685248517
0.35963596359635963,0.1940042017425771
0.35973597359735976,0.19403573283414577
0.35983598359835983,0.19406726179837347
0.35993599359935996,0.19409878863270874
0.36003600360036003,0.1941303133352663
0.36013601360136016,0.19416183590486435
0.36023602360236023,0.19419335633896498
0.36033603360336036,0.19422487463627
0.36043604360436043,0.19425639079549553
0.36053605360536056,0.19428790481439615
0.36063606360636064,0.1943194166920655
0.36073607360736076,0.19435092642707216
0.36083608360836084,0.19438243401766567
0.36093609360936096,0.19441393946316693
0.36103610361036104,0.19444544276200904
0.36113611361136116,0.19447694391304418
0.36123612361236124,0.19450844291564448
0.36133613361336137,0.19453993976832382
0.36143614361436144,0.19457143447040212
0.36153615361536157,0.19460292702123871
0.36163616361636164,0.194634417419629
0.36173617361736177,0.19466590566520192
0.36183618361836184,0.19469739175730075
0.36193619361936197,0.19472887569512454
0.36203620362036204,0.19476035747848897
0.36213621362136217,0.1947918371067647
0.36223622362236224,0.19482331457959012
0.36233623362336237,0.19485478989686517
0.36243624362436244,0.1948862630581393
0.36253625362536257,0.19491773406337748
0.36263626362636264,0.19494920291255002
0.36273627362736277,0.19498066960550053
0.36283628362836284,0.19501213414240268
0.36293629362936297,0.1950435965233403
0.36303630363036304,0.1950750567484836
0.3631363136313632,0.1951065148181381
0.36323632363236324,0.1951379707325871
0.3633363336333634,0.19516942449227542
0.36343634363436345,0.1952008760976165
0.3635363536353636,0.1952323255491882
0.36363636363636365,0.19526377284760635
0.3637363736373638,0.19529521799343938
0.36383638363836385,0.1953266609875798
0.363936393639364,0.19535810183074256
0.36403640364036405,0.1953895405237455
0.3641364136413641,0.19542097706772915
0.36423642364236425,0.19545241146348075
0.3643364336433643,0.19548384371219976
0.36443644364436445,0.19551527381512654
0.3645364536453645,0.19554670177318467
0.36463646364636465,0.19557812758798493
0.3647364736473647,0.19560955126077725
0.36483648364836485,0.19564097279273457
0.3649364936493649,0.1956723921857942
0.36503650365036505,0.195703809441194
0.3651365136513651,0.1957352245605079
0.36523652365236525,0.19576663754582307
0.3653365336533653,0.19579804839839834
0.36543654365436545,0.19582945712037966
0.3655365536553655,0.195860863713762
0.36563656365636565,0.19589226817998812
0.3657365736573657,0.19592367052171517
0.36583658365836585,0.19595507074078866
0.3659365936593659,0.1959864688390149
0.36603660366036606,0.19601786481936193
0.36613661366136613,0.19604925868356018
0.36623662366236626,0.19608065043399286
0.36633663366336633,0.19611204007364236
0.36643664366436646,0.196143427604232
0.36653665366536653,0.19617481302890666
0.36663666366636666,0.19620619635034658
0.36673667366736673,0.19623757757053914
0.36683668366836686,0.19626895669320363
0.36693669366936693,0.19630033372072475
0.36703670367036706,0.19633170865559676
0.36713671367136713,0.19636308150178708
0.36723672367236726,0.1963944522614803
0.36733673367336733,0.19642582093795818
0.36743674367436746,0.19645718753500896
0.36753675367536753,0.19648855205482768
0.36763676367636766,0.1965199145016206
0.36773677367736773,0.1965512748786625
0.36783678367836786,0.19658263318853283
0.36793679367936794,0.196613989436019
0.36803680368036806,0.1966453436239766
0.36813681368136814,0.19667669575567479
0.36823682368236826,0.19670804583601886
0.36833683368336834,0.1967393938676075
0.36843684368436846,0.19677073985475335
0.36853685368536854,0.19680208380190997
0.36863686368636867,0.1968334257117797
0.36873687368736874,0.19686476558968857
0.36883688368836887,0.1968961034393999
0.36893689368936894,0.19692743926416337
0.36903690369036907,0.19695877306981457
0.36913691369136914,0.1969901048596078
0.36923692369236927,0.19702143463771649
0.36933693369336934,0.19705276240987335
0.36943694369436947,0.19708408817907375
0.36953695369536954,0.1971154119508014
0.36963696369636967,0.19714673373000935
0.36973697369736974,0.19717805351997542
0.36983698369836987,0.19720937132717917
0.36993699369936994,0.19724068715576298
0.37003700370037007,0.19727200100976577
0.37013701370137014,0.19730331289600397
0.37023702370237027,0.19733462281806738
0.37033703370337034,0.19736593078132775
0.37043704370437047,0.19739723679162166
0.37053705370537054,0.19742854085198105
0.3706370637063707,0.19745984296791225
0.37073707370737075,0.19749114314371768
0.3708370837083709,0.19752244138263586
0.37093709370937095,0.19755373769075896
0.3710371037103711,0.197585032071595
0.37113711371137115,0.19761632452912048
0.3712371237123713,0.1976476150692913
0.37133713371337135,0.19767890369513108
0.3714371437143715,0.19771019041172083
0.37153715371537155,0.19774147522418684
0.3716371637163717,0.19777275813556894
0.37173717371737175,0.19780403915191513
0.3718371837183718,0.1978353182773157
0.37193719371937195,0.1978665955153574
0.372037203720372,0.1978978708723736
0.37213721372137215,0.1979291443517394
0.3722372237223722,0.19796041595796657
0.37233723372337235,0.1979916856969582
0.3724372437243724,0.1980229535717415
0.37253725372537255,0.19805421958805933
0.3726372637263726,0.1980854837507232
0.37273727372737275,0.19811674606304563
0.3728372837283728,0.19814800653149003
0.37293729372937295,0.19817926515991469
0.373037303730373,0.19821052195237146
0.37313731373137315,0.19824177691530553
0.3732373237323732,0.198273030051971
0.37333733373337336,0.19830428136756661
0.37343734373437343,0.19833553086774522
0.37353735373537356,0.19836677855566226
0.37363736373637363,0.19839802443767116
0.37373737373737376,0.1984292685182407
0.37383738373837383,0.1984605108010699
0.37393739373937396,0.19849175129291827
0.37403740374037403,0.19852298999741685
0.37413741374137416,0.1985542269192332
0.37423742374237423,0.19858546206473418
0.37433743374337436,0.19861669543711227
0.37443744374437443,0.19864792704238
0.37453745374537456,0.19867915688573856
0.37463746374637463,0.19871038497063784
0.37473747374737476,0.19874161130393223
0.37483748374837483,0.19877283588974548
0.37493749374937496,0.1988040587323128
0.37503750375037503,0.19883527983850605
0.37513751375137516,0.19886649921176314
0.37523752375237523,0.19889771685755572
0.37533753375337536,0.1989289327819126
0.37543754375437544,0.19896014698814143
0.37553755375537556,0.19899135948298105
0.37563756375637564,0.1990225702711586
0.37573757375737576,0.19905377935657256
0.37583758375837584,0.19908498674639902
0.37593759375937597,0.1991161924444469
0.37603760376037604,0.1991473964556775
0.37613761376137617,0.19917859878681643
0.37623762376237624,0.19920979944120554
0.37633763376337637,0.19924099842526766
0.37643764376437644,0.1992721957444379
0.37653765376537657,0.19930339140236988
0.37663766376637664,0.19933458540635413
0.37673767376737677,0.19936577776067343
0.37683768376837684,0.1993969684699409
0.37693769376937697,0.19942815754081625
0.37703770377037704,0.19945934497645068
0.37713771377137717,0.19949053078201734
0.37723772377237724,0.19952171496285248
0.37733773377337737,0.19955289752195937
0.37743774377437744,0.19958407846542797
0.37753775377537757,0.19961525779726216
0.37763776377637764,0.19964643552096245
0.37773777377737777,0.19967761164268044
0.37783778377837784,0.19970878616554286
0.377937793779378,0.19973995909389966
0.37803780378037805,0.19977113043318412
0.3781378137813782,0.1998023001861232
0.37823782378237825,0.19983346835809365
0.3783378337833784,0.1998646349532343
0.37843784378437845,0.1998957999745442
0.3785378537853786,0.1999269634277557
0.37863786378637865,0.1999581253160164
0.3787378737873788,0.1999892856429827
0.37883788378837885,0.2000204444139888
0.378937893789379,0.20005160163161076
0.37903790379037905,0.20008275730046066
0.3791379137913792,0.20011391142479093
0.37923792379237925,0.20014506400719959
0.3793379337933793,0.2001762150528974
0.37943794379437945,0.20020736456505842
0.3795379537953795,0.20023851254676844
0.37963796379637965,0.20026965900311228
0.3797379737973797,0.2003008039365886
0.37983798379837985,0.20033194735106102
0.3799379937993799,0.20036308925082752
0.38003800380038005,0.20039422963817413
0.3801380138013801,0.20042536851772574
0.38023802380238025,0.2004565058926716
0.3803380338033803,0.20048764176562806
0.38043804380438045,0.2005187761413188
0.3805380538053805,0.20054990902218137
0.38063806380638066,0.2005810404114458
0.38073807380738073,0.20061217031330641
0.38083808380838086,0.2006432987298302
0.38093809380938093,0.20067442566502436
0.38103810381038106,0.20070555112206814
0.38113811381138113,0.20073667510319013
0.38123812381238126,0.20076779761267508
0.38133813381338133,0.2007989186528986
0.38143814381438146,0.20083003822655918
0.38153815381538153,0.20086115633762633
0.38163816381638166,0.2008922729880117
0.38173817381738173,0.2009233881811005
0.38183818381838186,0.20095450192002554
0.38193819381938193,0.20098561420669184
0.38203820382038206,0.20101672504489737
0.38213821382138213,0.20104783443694202
0.38223822382238226,0.2010789423850768
0.38233823382338233,0.20111004889295622
0.38243824382438246,0.20114115396236862
0.38253825382538253,0.201172257596111
0.38263826382638266,0.20120335979720852
0.38273827382738274,0.20123446056729746
0.38283828382838286,0.20126555990966516
0.38293829382938294,0.20129665782651252
0.38303830383038306,0.2013277543197117
0.38313831383138314,0.2013588493925383
0.38323832383238327,0.20138994304665603
0.38333833383338334,0.20142103528435704
0.38343834383438347,0.20145212610845992
0.38353835383538354,0.2014832155203848
0.38363836383638367,0.20151430352290503
0.38373837383738374,0.20154539011809117
0.38383838383838387,0.20157647530749137
0.38393839383938394,0.201607559093961
0.38403840384038407,0.20163864147902774
0.38413841384138414,0.20166972246455092
0.38423842384238427,0.20170080205306495
0.38433843384338434,0.2017318802458064
0.38443844384438447,0.2017629570450485
0.38453845384538454,0.20179403245269356
0.38463846384638467,0.2018251064700092
0.38473847384738474,0.20185617909940762
0.38483848384838487,0.2018872503422622
0.38493849384938494,0.20191832020005884
0.38503850385038507,0.20194938867499065
0.38513851385138514,0.20198045576812618
0.3852385238523853,0.20201152148126578
0.38533853385338535,0.2020425858161012
0.3854385438543855,0.20207364877365303
0.38553855385538555,0.20210471035588265
0.3856385638563857,0.2021357705639852
0.38573857385738575,0.20216682939911995
0.3858385838583859,0.20219788686289408
0.38593859385938595,0.2022289429569254
0.3860386038603861,0.20225999768369243
0.38613861386138615,0.2022910510472216
0.3862386238623863,0.2023221030495265
0.38633863386338635,0.2023531536947556
0.3864386438643865,0.20238420298564255
0.38653865386538655,0.20241525092453494
0.3866386638663867,0.20244629751557822
0.38673867386738675,0.20247734276082233
0.3868386838683869,0.20250838666320692
0.38693869386938695,0.20253942922627058
0.387038703870387,0.2025704704517827
0.38713871387138715,0.20260151034333282
0.3872387238723872,0.20263254890348506
0.38733873387338735,0.20266358613423024
0.3874387438743874,0.20269462203924626
0.38753875387538755,0.202725656620418
0.3876387638763876,0.20275668988020537
0.38773877387738775,0.20278772182182608
0.3878387838783878,0.20281875244683253
0.38793879387938796,0.20284978175827012
0.38803880388038803,0.2028808097584979
0.38813881388138816,0.202911836449189
0.38823882388238823,0.20294286183353427
0.38833883388338836,0.20297388591323626
0.38843884388438843,0.20300490869032878
0.38853885388538856,0.20303593016765722
0.38863886388638863,0.20306695034657163
0.38873887388738876,0.20309796922959686
0.38883888388838883,0.20312898681884936
0.38893889388938896,0.20316000311571542
0.38903890389038903,0.20319101812289023
0.38913891389138916,0.20322203184187396
0.38923892389238923,0.20325304427431895
0.38933893389338936,0.20328405542265957
0.38943894389438943,0.20331506528804907
0.38953895389538956,0.20334607387252046
0.38963896389638963,0.20337708117790998
0.38973897389738976,0.20340808720534168
0.38983898389838983,0.2034390919570141
0.38993899389938996,0.20347009543420352
0.39003900390039004,0.20350109763821717
0.39013901390139016,0.203532098571051
0.39023902390239024,0.2035630982336592
0.39033903390339036,0.20359409662761627
0.39043904390439044,0.2036250937544403
0.39053905390539057,0.20365608961501203
0.39063906390639064,0.20368708421103884
0.39073907390739077,0.20371807754355095
0.39083908390839084,0.2037490696135403
0.39093909390939097,0.20378006042254518
0.39103910391039104,0.2038110499713125
0.39113911391139117,0.20384203826099603
0.39123912391239124,0.20387302529275628
0.39133913391339137,0.20390401106724648
0.39143914391439144,0.20393499558569267
0.39153915391539157,0.20396597884885626
0.39163916391639164,0.20399696085743838
0.39173917391739177,0.20402794161250704
0.39183918391839184,0.2040589211145923
0.39193919391939197,0.2040898993644595
0.39203920392039204,0.20412087636287998
0.39213921392139217,0.2041518521102897
0.39223922392239224,0.2041828266074391
0.39233923392339237,0.20421379985480698
0.39243924392439244,0.2042447718527914
0.3925392539253926,0.20427574260261216
0.39263926392639265,0.20430671210498275
0.3927392739273928,0.20433768036090044
0.39283928392839285,0.20436864737154348
0.392939293929393,0.20439961313753902
0.39303930393039305,0.20443057766009953
0.3931393139313932,0.2044615409400999
0.39323932393239325,0.20449250297825397
0.3933393339333934,0.20452346377581113
0.39343934393439345,0.20455442333343782
0.3935393539353936,0.2045853816520242
0.39363936393639365,0.204616338732668
0.3937393739373938,0.20464729457594688
0.39383938393839385,0.20467824918295893
0.393939393939394,0.20470920255452313
0.39403940394039405,0.2047401546912855
0.3941394139413942,0.2047711055943875
0.39423942394239425,0.20480205526444897
0.3943394339433944,0.2048330037022691
0.39443944394439445,0.204863950908859
0.3945394539453945,0.2048948968847481
0.39463946394639465,0.2049258416309238
0.3947394739473947,0.2049567851481437
0.39483948394839485,0.20498772743699056
0.3949394939493949,0.20501866849849643
0.39503950395039505,0.20504960833323216
0.3951395139513951,0.20508054694191186
0.39523952395239526,0.20511148432545487
0.39533953395339533,0.20514242048434297
0.39543954395439546,0.20517335541945717
0.39553955395539553,0.20520428913148822
0.39563956395639566,0.20523522162095933
0.39573957395739573,0.20526615288879263
0.39583958395839586,0.20529708293550733
0.39593959395939593,0.20532801176173754
0.39603960396039606,0.20535893936830663
0.39613961396139613,0.20538986575564955
0.39623962396239626,0.20542079092454368
0.39633963396339633,0.20545171487560943
0.39643964396439646,0.20548263760931249
0.39653965396539653,0.20551355912646538
0.39663966396639666,0.2055444794275335
0.39673967396739673,0.20557539851307455
0.39683968396839686,0.20560631638381324
0.39693969396939693,0.20563723304013742
0.39703970397039706,0.2056681484827244
0.39713971397139713,0.20569906271212016
0.39723972397239726,0.20572997572873528
0.39733973397339734,0.20576088753327285
0.39743974397439746,0.20579179812614237
0.39753975397539754,0.20582270750782838
0.39763976397639766,0.2058536156789545
0.39773977397739774,0.20588452263986182
0.39783978397839787,0.2059154283911295
0.39793979397939794,0.20594633293322695
0.39803980398039807,0.20597723626651063
0.39813981398139814,0.20600813839157472
0.39823982398239827,0.20603903930877146
0.39833983398339834,0.20606993901851425
0.39843984398439847,0.20610083752132424
0.39853985398539854,0.2061317348174957
0.39863986398639867,0.20616263090751127
0.39873987398739874,0.20619352579176184
0.39883988398839887,0.20622441947055145
0.39893989398939894,0.20625531194436464
0.39903990399039907,0.2062862032134961
0.39913991399139914,0.20631709327828923
0.39923992399239927,0.20634798213916186
0.39933993399339934,0.20637886979636172
0.39943994399439947,0.2064097562502755
0.39953995399539954,0.20644064150121497
0.39963996399639967,0.2064715255494319
0.39973997399739974,0.2065024083953016
0.3998399839983999,0.206533290039061
0.39993999399939995,0.2065641704809837
0.4000400040004001,0.20659504972138412
0.40014001400140015,0.20662592776046365
0.4002400240024003,0.20665680459851293
0.40034003400340035,0.20668768023576475
0.4004400440044005,0.20671855467241895
0.40054005400540055,0.20674942790874115
0.4006400640064007,0.206780299944911
0.40074007400740075,0.20681117078112907
0.4008400840084009,0.20684204041753584
0.40094009400940095,0.2068729088544949
0.4010401040104011,0.20690377609295812
0.40114011401140115,0.20693464213417134
0.4012401240124013,0.2069655069789748
0.40134013401340135,0.20699637062899975
0.4014401440144015,0.2070272330851398
0.40154015401540155,0.2070580943485338
0.4016401640164017,0.20708895442074582
0.40174017401740175,0.20711981330255308
0.4018401840184019,0.20715067099552312
0.40194019401940195,0.20718152750088584
0.4020402040204021,0.20721238281956156
0.40214021402140215,0.2072432369533316
0.4022402240224022,0.20727408990314924
0.40234023402340235,0.2073049416702736
0.4024402440244024,0.2073357922563876
0.40254025402540256,0.20736664166232766
0.40264026402640263,0.20739748988981632
0.40274027402740276,0.20742833694015822
0.40284028402840283,0.20745918281436124
0.40294029402940296,0.20749002751435605
0.40304030403040303,0.2075208710411501
0.40314031403140316,0.20755171339613332
0.40324032403240323,0.20758255458109814
0.40334033403340336,0.20761339459694175
0.40344034403440343,0.207644233445548
0.40354035403540356,0.20767507112828698
0.40364036403640363,0.20770590764626126
0.40374037403740376,0.2077367430015486
0.40384038403840383,0.20776757719520594
0.40394039403940396,0.20779841022876502
0.40404040404040403,0.20782924210411738
0.40414041404140416,0.20786007282222357
0.40424042404240423,0.20789090238513397
0.40434043404340436,0.20792173079427534
0.40444044404440443,0.20795255805085308
0.40454045404540456,0.20798338415708825
0.40464046404640464,0.2080142091140822
0.40474047404740476,0.20804503292352278
0.40484048404840484,0.20807585558738637
0.40494049404940496,0.2081066771067018
0.40504050405040504,0.2081374974836905
0.40514051405140517,0.208168316719826
0.40524052405240524,0.2081991348164273
0.40534053405340537,0.20822995177585288
0.40544054405440544,0.20826076759924345
0.40554055405540557,0.2082915822884594
0.40564056405640564,0.20832239584554496
0.40574057405740577,0.20835320827160403
0.40584058405840584,0.20838401956903255
0.40594059405940597,0.20841482973934117
0.40604060406040604,0.20844563878397446
0.40614061406140617,0.20847644670542026
0.40624062406240624,0.2085072535048544
0.40634063406340637,0.2085380591843287
0.40644064406440644,0.2085688637459344
0.40654065406540657,0.2085996671908604
0.40664066406640664,0.2086304695216783
0.40674067406740677,0.20866127073992635
0.40684068406840684,0.20869207084718974
0.40694069406940697,0.2087228698460739
0.40704070407040704,0.20875366773778825
0.4071407140714072,0.20878446452459243
0.40724072407240725,0.20881526020860416
0.4073407340734074,0.20884605479110924
0.40744074407440745,0.20887684827484027
0.4075407540754076,0.2089076406614768
0.40764076407640765,0.20893843195288103
0.4077407740774078,0.20896922215195096
0.40784078407840785,0.2090000112599954
0.407940794079408,0.20903079927961143
0.40804080408040805,0.20906158621297224
0.4081408140814082,0.20909237206150552
0.40824082408240825,0.2091231568281372
0.4083408340834084,0.20915394051440445
0.40844084408440845,0.20918472312220449
0.4085408540854086,0.20921550465421754
0.40864086408640865,0.2092462851116727
0.4087408740874088,0.20927706449712247
0.40884088408840885,0.209307842812527
0.408940894089409,0.20933862005929432
0.40904090409040905,0.20936939624020556
0.4091409140914092,0.2094001713566562
0.40924092409240925,0.20943094541053817
0.4093409340934094,0.2094617184043157
0.40944094409440945,0.2094924903391515
0.4095409540954096,0.20952326121753756
0.40964096409640965,0.20955403104123127
0.4097409740974097,0.20958479981162545
0.40984098409840986,0.20961556753134314
0.4099409940994099,0.20964633420164766
0.41004100410041006,0.20967709982442756
0.41014101410141013,0.2097078644019221
0.41024102410241026,0.20973862793524048
0.41034103410341033,0.20976939042679735
0.41044104410441046,0.20980015187815904
0.41054105410541053,0.2098309122907064
0.41064106410641066,0.20986167166689185
0.41074107410741073,0.20989243000785618
0.41084108410841086,0.20992318731548557
0.41094109410941093,0.20995394359178562
0.41104110411041106,0.20998469883782592
0.41114111411141113,0.21001545305592506
0.41124112411241126,0.21004620624747167
0.41134113411341133,0.2100769584138376
0.41144114411441146,0.21010770955729083
0.41154115411541153,0.21013845967886155
0.41164116411641166,0.2101692087804313
0.41174117411741173,0.21019995686376652
0.41184118411841186,0.21023070392990922
0.41194119411941194,0.21026144998106394
0.41204120412041206,0.21029219501845506
0.41214121412141214,0.21032293904344712
0.41224122412241226,0.2103536820581116
0.41234123412341234,0.21038442406338514
0.41244124412441246,0.21041516506112415
0.41254125412541254,0.2104459050528689
0.41264126412641267,0.21047664403963975
0.41274127412741274,0.21050738202350847
0.41284128412841287,0.21053811900555014
0.41294129412941294,0.2105688549871218
0.41304130413041307,0.21059958997008768
0.41314131413141314,0.210630323955309
0.41324132413241327,0.21066105694459186
0.41334133413341334,0.21069178893926857
0.41344134413441347,0.210722519940341
0.41354135413541354,0.21075324994973058
0.41364136413641367,0.21078397896837794
0.41374137413741374,0.21081470699763113
0.41384138413841387,0.2108454340391383
0.41394139413941394,0.21087616009370205
0.41404140414041407,0.21090688516305314
0.41414141414141414,0.21093760924833496
0.41424142414241427,0.21096833235053253
0.41434143414341434,0.21099905447140072
0.4144414441444145,0.21102977561176087
0.41454145414541455,0.2110604957729479
0.4146414641464147,0.211091214956388
0.41474147414741475,0.21112193316284034
0.4148414841484149,0.2111526503939359
0.41494149414941495,0.2111833666506488
0.4150415041504151,0.21121408193394664
0.41514151415141515,0.21124479624540418
0.4152415241524153,0.21127550958573835
0.41534153415341535,0.21130622195626292
0.4154415441544155,0.21133693335818113
0.41554155415541555,0.21136764379222087
0.4156415641564157,0.21139835325989095
0.41574157415741575,0.21142906176201526
0.4158415841584159,0.21145976929954396
0.41594159415941595,0.21149047587389214
0.4160416041604161,0.2115211814855745
0.41614161416141615,0.2115518861354807
0.4162416241624163,0.2115825898241245
0.41634163416341635,0.21161329255190664
0.4164416441644165,0.21164399431957362
0.41654165416541655,0.2116746951275201
0.4166416641664167,0.21170539497626079
0.41674167416741675,0.21173609386644304
0.4168416841684169,0.21176679179839503
0.41694169416941695,0.21179748877276358
0.4170417041704171,0.21182818479000437
0.41714171417141716,0.21185887985049753
0.4172417241724172,0.2118895739548947
0.41734173417341736,0.21192026710352557
0.41744174417441743,0.21195095929687882
0.41754175417541756,0.2119816505354868
0.41764176417641763,0.21201234081964582
0.41774177417741776,0.21204303014993614
0.41784178417841783,0.2120737185267253
0.41794179417941796,0.21210440595036945
0.41804180418041803,0.21213509242141904
0.41814181418141816,0.21216577794014843
0.41824182418241823,0.21219646250701196
0.41834183418341836,0.2122271461224303
0.41844184418441843,0.21225782878667282
0.41854185418541856,0.2122885105002405
0.41864186418641863,0.21231919126342536
0.41874187418741876,0.21234987107655467
0.41884188418841883,0.2123805499400748
0.41894189418941896,0.21241122785421454
0.41904190419041903,0.21244190481937839
0.41914191419141916,0.21247258083588788
0.41924192419241924,0.2125032559039848
0.41934193419341936,0.21253393002408116
0.41944194419441944,0.21256460319640533
0.41954195419541956,0.2125952754212483
0.41964196419641964,0.21262594669895307
0.41974197419741976,0.21265661702971095
0.41984198419841984,0.21268728641385976
0.41994199419941997,0.21271795485163736
0.42004200420042004,0.21274862234325392
0.42014201420142017,0.21277928888902656
0.42024202420242024,0.21280995448912995
0.42034203420342037,0.21284061914380928
0.42044204420442044,0.21287128285330909
0.42054205420542057,0.2129019456177872
0.42064206420642064,0.2129326074375018
0.42074207420742077,0.21296326831262102
0.42084208420842084,0.21299392824331687
0.42094209420942097,0.2130245872298094
0.42104210421042104,0.21305524527222883
0.42114211421142117,0.2130859023707611
0.42124212421242124,0.21311655852556288
0.42134213421342137,0.213147213736758
0.42144214421442144,0.2131778680045154
0.42154215421542157,0.2132085213289463
0.42164216421642164,0.21323917371017503
0.4217421742174218,0.21326982514832787
0.42184218421842185,0.21330047564349672
0.421942194219422,0.21333112519579273
0.42204220422042205,0.21336177380529994
0.4221422142214222,0.21339242147210288
0.42224222422242225,0.2134230681962768
0.4223422342234224,0.21345371397788623
0.42244224422442245,0.21348435881698888
0.4225422542254226,0.21351500271363189
0.42264226422642265,0.21354564566792972
0.4227422742274228,0.21357628768027942
0.42284228422842285,0.21360692875103915
0.422942294229423,0.21363756888051735
0.42304230423042305,0.21366820806926187
0.4231423142314232,0.21369884631756478
0.42324232423242325,0.213729483625903
0.4233423342334234,0.21376011999479133
0.42344234423442345,0.21379075542454087
0.4235423542354236,0.21382138991580546
0.42364236423642365,0.21385202346899723
0.4237423742374238,0.21388265608456136
0.42384238423842385,0.21391328776320395
0.423942394239424,0.2139439185052745
0.42404240424042405,0.2139745483114552
0.4241424142414242,0.214005177182339
0.42424242424242425,0.21403580511834286
0.4243424342434244,0.21406643212031326
0.42444244424442445,0.21409705818871316
0.4245424542454246,0.21412768332416104
0.42464246424642466,0.21415830752748824
0.4247424742474248,0.21418893079911147
0.42484248424842486,0.21421955313993185
0.42494249424942493,0.21425017455059442
0.42504250425042506,0.21428079503164962
0.42514251425142513,0.21431141458412034
0.42524252425242526,0.2143420332085086
0.42534253425342533,0.21437265090565008
0.42544254425442546,0.21440326767645354
0.42554255425542553,0.2144338835214268
0.42564256425642566,0.2144644984416903
0.42574257425742573,0.21449511243792066
0.42584258425842586,0.21452572551083834
0.42594259425942593,0.21455633766161042
0.42604260426042606,0.21458694889077912
0.42614261426142613,0.2146175591994343
0.42624262426242626,0.21464816858851327
0.42634263426342633,0.21467877705864968
0.42644264426442646,0.21470938461116812
0.42654265426542654,0.21473999124676402
0.42664266426642666,0.21477059696637227
0.42674267426742674,0.21480120177125656
0.42684268426842686,0.21483180566202148
0.42694269426942694,0.21486240864001474
0.42704270427042706,0.214893010706179
0.42714271427142714,0.21492361186131065
0.42724272427242727,0.21495421210690782
0.42734273427342734,0.21498481144367793
0.42744274427442747,0.215015409872826
0.42754275427542754,0.21504600739564578
0.42764276427642767,0.2150766040128442
0.42774277427742774,0.2151071997260136
0.42784278427842787,0.21513779453608634
0.42794279427942794,0.21516838844406846
0.42804280428042807,0.21519898145158275
0.42814281428142814,0.21522957355935937
0.42824282428242827,0.21526016476891272
0.42834283428342834,0.21529075508150708
0.42844284428442847,0.21532134449800172
0.42854285428542854,0.2153519330202024
0.42864286428642867,0.2153825206490238
0.42874287428742874,0.2154131073857393
0.42884288428842887,0.21544369323202744
0.42894289428942894,0.21547427818868198
0.4290429042904291,0.21550486225751458
0.42914291429142915,0.2155354454397424
0.4292429242924293,0.21556602773642622
0.42934293429342935,0.21559660914953468
0.4294429442944295,0.21562718967996589
0.42954295429542955,0.21565776932932998
0.4296429642964297,0.2156883480992716
0.42974297429742975,0.2157189259907087
0.4298429842984299,0.2157495030057184
0.42994299429942995,0.21578007914546254
0.4300430043004301,0.21581065441126399
0.43014301430143015,0.2158412288051821
0.4302430243024303,0.2158718023281282
0.43034303430343035,0.21590237498207587
0.4304430443044305,0.21593294676857744
0.43054305430543055,0.2159635176887408
0.4306430643064307,0.21599408774485448
0.43074307430743075,0.2160246569380268
0.4308430843084309,0.21605522526991572
0.43094309430943095,0.21608579274257597
0.4310431043104311,0.21611635935699727
0.43114311431143115,0.21614692511546973
0.4312431243124313,0.21617749001951983
0.43134313431343135,0.2162080540705652
0.4314431443144315,0.21623861727114455
0.43154315431543155,0.2162691796223597
0.4316431643164317,0.21629974112634948
0.43174317431743175,0.2163303017850713
0.4318431843184319,0.21636086159969478
0.43194319431943196,0.21639142057279231
0.4320432043204321,0.21642197870569296
0.43214321432143216,0.21645253600006945
0.4322432243224323,0.21648309245830252
0.43234323432343236,0.2165136480814432
0.43244324432443243,0.21654420287186635
0.43254325432543256,0.21657475683124908
0.43264326432643263,0.21660530996091354
0.43274327432743276,0.21663586226342915
0.43284328432843283,0.21666641373996276
0.43294329432943296,0.2166969643924622
0.43304330433043303,0.21672751422306283
0.43314331433143316,0.21675806323285773
0.43324332433243323,0.21678861142436873
0.43334333433343336,0.216819158799034
0.43344334433443343,0.2168497053583787
0.43354335433543356,0.2168802511048745
0.43364336433643363,0.21691079603958252
0.43374337433743376,0.2169413401647436
0.43384338433843384,0.21697188348218246
0.43394339433943396,0.21700242599312008
0.43404340434043404,0.2170329677001306
0.43414341434143416,0.21706350860445792
0.43424342434243424,0.21709404870788326
0.43434343434343436,0.21712458801268042
0.43444344434443444,0.21715512651989977
0.43454345434543457,0.21718566423198746
0.43464346434643464,0.21721620115049559
0.43474347434743477,0.21724673727682778
0.43484348434843484,0.2172772726135111
0.43494349434943497,0.2173078071616426
0.43504350435043504,0.21733834092331308
0.43514351435143517,0.21736887390049553
0.43524352435243524,0.2173994060943311
0.43534353435343537,0.21742993750737208
0.43544354435443544,0.21746046814094466
0.43554355435543557,0.21749099799669067
0.43564356435643564,0.21752152707698502
0.43574357435743577,0.21755205538286299
0.43584358435843584,0.2175825829166774
0.43594359435943597,0.21761310968009562
0.43604360436043604,0.21764363567442202
0.43614361436143617,0.21767416090221042
0.43624362436243624,0.2177046853646107
0.4363436343634364,0.21773520906356095
0.43644364436443644,0.2177657320011736
0.4365436543654366,0.21779625417852932
0.43664366436643665,0.21782677559813907
0.4367436743674368,0.21785729626141398
0.43684368436843685,0.21788781616987923
0.436943694369437,0.21791833532598048
0.43704370437043705,0.2179488537307589
0.4371437143714372,0.21797937138646287
0.43724372437243725,0.2180098882948737
0.4373437343734374,0.2180404044572148
0.43744374437443745,0.2180709198760449
0.4375437543754376,0.21810143455257172
0.43764376437643765,0.2181319484886268
0.4377437743774378,0.21816246168637968
0.43784378437843785,0.21819297414671665
0.437943794379438,0.21822348587099094
0.43804380438043805,0.21825399685992292
0.4381438143814382,0.21828450711423097
0.43824382438243825,0.21831501663515523
0.4383438343834384,0.21834552542323687
0.43844384438443845,0.21837603347954226
0.4385438543854386,0.21840654080501545
0.43864386438643865,0.21843704740024356
0.4387438743874388,0.21846755326648917
0.43884388438843885,0.21849805840439032
0.438943894389439,0.21852856281479424
0.43904390439043905,0.21855906649884282
0.4391439143914392,0.218589569457055
0.43924392439243926,0.21862007169061343
0.4393439343934394,0.21865057320030495
0.43944394439443946,0.2186810739868053
0.4395439543954396,0.2187115740513559
0.43964396439643966,0.21874207339450752
0.4397439743974398,0.2187725720172629
0.43984398439843986,0.21880306992060639
0.43994399439944,0.21883356710509422
0.44004400440044006,0.21886406357196556
0.44014401440144013,0.2188945593218802
0.44024402440244026,0.2189250543556323
0.44034403440344033,0.2189555486743819
0.44044404440444046,0.21898604227863952
0.44054405440544053,0.21901653516954364
0.44064406440644066,0.2190470273479105
0.44074407440744073,0.2190775188143775
0.44084408440844086,0.21910800957018006
0.44094409440944093,0.21913849961588056
0.44104410441044106,0.21916898895242273
0.44114411441144114,0.21919947758082406
0.44124412441244126,0.21922996550161583
0.44134413441344134,0.219260452716011
0.44144414441444146,0.21929093922468856
0.44154415441544154,0.2193214250283979
0.44164416441644166,0.2193519101283086
0.44174417441744174,0.2193823945249266
0.44184418441844187,0.21941287821934743
0.44194419441944194,0.2194433612124124
0.44204420442044207,0.2194738435047267
0.44214421442144214,0.21950432509751483
0.44224422442244227,0.2195348059913499
0.44234423442344234,0.2195652861871252
0.44244424442444247,0.219595765685881
0.44254425442544254,0.21962624448812978
0.44264426442644267,0.219656722595057
0.44274427442744274,0.21968720000735767
0.44284428442844287,0.2197176767257438
0.44294429442944294,0.21974815275138732
0.44304430443044307,0.21977862808479254
0.44314431443144314,0.21980910272701343
0.44324432443244327,0.2198395766789121
0.44334433443344334,0.21987004994106704
0.44344434443444347,0.2199005225146887
0.44354435443544354,0.21993099440035824
0.4436443644364437,0.21996146559892737
0.44374437443744374,0.21999193611144993
0.4438443844384439,0.22002240593842415
0.44394439443944395,0.22005287508100776
0.4440444044404441,0.22008334353990872
0.44414441444144415,0.22011381131580757
0.4442444244424443,0.22014427840987355
0.44434443444344435,0.2201747448226101
0.4444444444444445,0.22020521055503336
0.44454445444544455,0.2202356756080207
0.4446444644464447,0.22026613998212868
0.44474447444744475,0.22029660367855153
0.4448444844484449,0.22032706669787663
0.44494449444944495,0.22035752904092032
0.4450445044504451,0.22038799070874332
0.44514451445144515,0.22041845170183266
0.4452445244524453,0.22044891202131955
0.44534453445344535,0.22047937166792073
0.4454445444544455,0.2205098306422908
0.44554455445544555,0.22054028894559255
0.4456445644564457,0.22057074657832842
0.44574457445744575,0.22060120354148055
0.4458445844584459,0.22063165983593672
0.44594459445944595,0.22066211546223508
0.4460446044604461,0.22069257042155277
0.44614461446144615,0.22072302471448046
0.4462446244624463,0.22075347834180412
0.44634463446344635,0.2207839313045824
0.4464446444644465,0.22081438360331454
0.44654465446544656,0.22084483523922602
0.4466446644664467,0.2208752862131728
0.44674467446744676,0.22090573652589032
0.4468446844684469,0.22093618617877064
0.44694469446944696,0.2209666351724271
0.4470447044704471,0.2209970835080336
0.44714471447144716,0.2210275311867297
0.4472447244724473,0.22105797820917522
0.44734473447344736,0.22108842457688407
0.4474447444744475,0.22111887029064564
0.44754475447544756,0.22114931535147284
0.44764476447644763,0.22117975976082202
0.44774477447744776,0.2212102035193364
0.44784478447844783,0.2212406466285386
0.44794479447944796,0.22127108908946932
0.44804480448044803,0.22130153090300558
0.44814481448144816,0.22133197207083316
0.44824482448244823,0.2213624125936907
0.44834483448344836,0.2213928524729733
0.44844484448444843,0.2214232917100597
0.44854485448544856,0.2214537303057279
0.44864486448644864,0.2214841682617822
0.44874487448744876,0.22151460557916494
0.44884488448844884,0.22154504225906618
0.44894489448944896,0.22157547830321878
0.44904490449044904,0.22160591371237756
0.44914491449144917,0.2216363484883323
0.44924492449244924,0.2216667826323137
0.44934493449344937,0.22169721614534219
0.44944494449444944,0.22172764902939754
0.44954495449544957,0.22175808128534277
0.44964496449644964,0.22178851291479837
0.44974497449744977,0.2218189439193788
0.44984498449844984,0.22184937429998194
0.44994499449944997,0.22187980405870447
0.45004500450045004,0.22191023319663877
0.45014501450145017,0.2219406617151566
0.45024502450245024,0.22197108961626516
0.45034503450345037,0.22200151690083042
0.45044504450445044,0.22203194357091427
0.45054505450545057,0.22206236962793233
0.45064506450645064,0.22209279507305302
0.45074507450745077,0.2221232199085495
0.45084508450845084,0.22215364413540617
0.45094509450945097,0.2221840677554772
0.45104510451045104,0.2222144907706056
0.4511451145114512,0.22224491318181275
0.45124512451245125,0.22227533499149002
0.4513451345134514,0.22230575620087484
0.45144514451445145,0.22233617681152876
0.4515451545154516,0.22236659682572793
0.45164516451645165,0.22239701624444994
0.4517451745174518,0.2224274350700358
0.45184518451845185,0.22245785330407794
0.451945194519452,0.22248827094789955
0.45204520452045205,0.222518688004066
0.4521452145214522,0.2225491044736786
0.45224522452245225,0.2225795203588375
0.4523452345234524,0.2226099356616032
0.45244524452445245,0.22264035038312532
0.4525452545254526,0.22267076452609405
0.45264526452645265,0.22270117809188383
0.4527452745274528,0.22273159108225746
0.45284528452845285,0.22276200349974104
0.452945294529453,0.22279241534544558
0.45304530453045305,0.22282282662197936
0.4531453145314532,0.22285323733179477
0.45324532453245325,0.22288364747684553
0.4533453345334534,0.2229140570609723
0.45344534453445345,0.22294446608576013
0.4535453545354536,0.22297487455431025
0.45364536453645365,0.22300528246950424
0.4537453745374538,0.22303568983298336
0.45384538453845386,0.22306609664849586
0.453945394539454,0.22309650291787192
0.45404540454045406,0.2231269086435472
0.4541454145414542,0.22315731382885498
0.45424542454245426,0.22318771847522081
0.4543454345434544,0.22321812258608464
0.45444544454445446,0.22324852616362578
0.4545454545454546,0.22327892920976122
0.45464546454645466,0.22330933172801387
0.4547454745474548,0.22333973371983434
0.45484548454845486,0.22337013518813595
0.454945494549455,0.22340053613553854
0.45504550455045506,0.22343093656357949
0.4551455145514552,0.22346133647572874
0.45524552455245526,0.22349173587364757
0.45534553455345533,0.22352213475962707
0.45544554455445546,0.22355253313670786
0.45554555455545553,0.22358293100620805
0.45564556455645566,0.22361332837132541
0.45574557455745573,0.22364372523402667
0.45584558455845586,0.22367412159611189
0.45594559455945594,0.22370451746080697
0.45604560456045606,0.22373491282942815
0.45614561456145614,0.22376530770470426
0.45624562456245626,0.2237957020889882
0.45634563456345634,0.22382609598371694
0.45644564456445647,0.22385648939208044
0.45654565456545654,0.22388688231556947
0.45664566456645667,0.22391727475633508
0.45674567456745674,0.2239476667171196
0.45684568456845687,0.22397805819913644
0.45694569456945694,0.2240084492053402
0.45704570457045707,0.22403883973748367
0.45714571457145714,0.22406922979725286
0.45724572457245727,0.22409961938757247
0.45734573457345734,0.2241300085096274
0.45744574457445747,0.22416039716595942
0.45754575457545754,0.22419078535865442
0.45764576457645767,0.22422117308905148
0.45774577457745774,0.22425156036005633
0.45784578457845787,0.2242819471729907
0.45794579457945794,0.22431233352986693
0.45804580458045807,0.22434271943312536
0.45814581458145814,0.2243731048838783
0.45824582458245827,0.22440348988483258
0.45834583458345834,0.22443387443752924
0.4584458445844585,0.22446425854354096
0.45854585458545855,0.22449464220548782
0.4586458645864587,0.22452502542442695
0.45874587458745875,0.22455540820270783
0.4588458845884589,0.22458579054215244
0.45894589458945895,0.2246161724440023
0.4590459045904591,0.2246465539108745
0.45914591459145915,0.22467693494392557
0.4592459245924593,0.224707315545027
0.45934593459345935,0.2247376957163158
0.4594459445944595,0.22476807545880645
0.45954595459545955,0.22479845477495145
0.4596459645964597,0.22482883366608522
0.45974597459745975,0.22485921213366522
0.4598459845984599,0.2248895901800041
0.45994599459945995,0.22491996780603682
0.4600460046004601,0.2249503450139105
0.46014601460146015,0.22498072180519066
0.4602460246024603,0.22501109818102005
0.46034603460346035,0.2250414741437224
0.4604460446044605,0.22507184969429408
0.46054605460546055,0.2251022248344608
0.4606460646064607,0.2251325995660576
0.46074607460746075,0.2251629738900034
0.4608460846084609,0.2251933478084885
0.46094609460946095,0.22522372132264804
0.4610461046104611,0.22525409443381997
0.46114611461146116,0.22528446714400838
0.4612461246124613,0.22531483945403183
0.46134613461346136,0.22534521136582283
0.4614461446144615,0.22537558288070028
0.46154615461546156,0.22540595399970542
0.4616461646164617,0.2254363247248642
0.46174617461746176,0.22546669505701983
0.4618461846184619,0.2254970649977489
0.46194619461946196,0.2255274345485604
0.4620462046204621,0.22555780371026632
0.46214621462146216,0.2255881724847209
0.4622462246224623,0.22561854087281702
0.46234623462346236,0.22564890887570863
0.4624462446244625,0.225679276494965
0.46254625462546256,0.22570964373123703
0.4626462646264627,0.22574001058607426
0.46274627462746276,0.22577037706043232
0.46284628462846283,0.22580074315514445
0.46294629462946296,0.22583110887169677
0.46304630463046303,0.22586147421068062
0.46314631463146316,0.22589183917328132
0.46324632463246324,0.2259222037605141
0.46334633463346336,0.2259525679729769
0.46344634463446344,0.22598293181196627
0.46354635463546356,0.22601329527806757
0.46364636463646364,0.2260436583721118
0.46374637463746377,0.22607402109511948
0.46384638463846384,0.22610438344753078
0.46394639463946397,0.2261347454303843
0.46404640464046404,0.22616510704426135
0.46414641464146417,0.2261954682897262
0.46424642464246424,0.226225829167692
0.46434643464346437,0.226256189678513
0.46444644464446444,0.22628654982293878
0.46454645464546457,0.22631690960152936
0.46464646464646464,0.22634726901465307
0.46474647464746477,0.22637762806303824
0.46484648464846484,0.22640798674698612
0.46494649464946497,0.2264383450669713
0.46504650465046504,0.2264687030234884
0.46514651465146517,0.22649906061676525
0.46524652465246524,0.2265294178473046
0.46534653465346537,0.22655977471534486
0.46544654465446544,0.22659013122115357
0.46554655465546557,0.22662048736508053
0.46564656465646564,0.22665084314725578
0.4657465746574658,0.22668119856795274
0.46584658465846585,0.22671155362731596
0.465946594659466,0.2267419083254634
0.46604660466046605,0.2267722626625494
0.4661466146614662,0.22680261663861492
0.46624662466246625,0.22683297025373658
0.4663466346634664,0.22686332350791594
0.46644664466446645,0.22689367640116057
0.4665466546654666,0.2269240289334158
0.46664666466646665,0.22695438110460917
0.4667466746674668,0.22698473291467747
0.46684668466846685,0.2270150843634242
0.466946694669467,0.22704543545076364
0.46704670467046705,0.2270757861764539
0.4671467146714672,0.22710613654026587
0.46724672467246725,0.22713648654204027
0.4673467346734674,0.22716683618135872
0.46744674467446745,0.2271971854580247
0.4675467546754676,0.22722753437166715
0.46764676467646765,0.22725788292183866
0.4677467746774678,0.2272882311083102
0.46784678467846785,0.227318578930453
0.467946794679468,0.2273489263879165
0.46804680468046805,0.22737927348026432
0.4681468146814682,0.22740962020678135
0.46824682468246825,0.22743996656716758
0.4683468346834684,0.22747031256062286
0.46844684468446846,0.2275006581866316
0.4685468546854686,0.22753100344474217
0.46864686468646866,0.22756134833414332
0.4687468746874688,0.22759169285452432
0.46884688468846886,0.2276220370052261
0.468946894689469,0.22765238078570382
0.46904690469046906,0.22768272419563174
0.4691469146914692,0.22771306723428922
0.46924692469246926,0.2277434099013659
0.4693469346934694,0.22777375219639295
0.46944694469446946,0.2278040941188094
0.4695469546954696,0.22783443566837672
0.46964696469646966,0.22786477684450285
0.4697469746974698,0.22789511764687403
0.46984698469846986,0.22792545807516817
0.46994699469947,0.22795579812886643
0.47004700470047006,0.22798613780777746
0.4701470147014702,0.22801647711145878
0.47024702470247026,0.22804681603959878
0.47034703470347033,0.22807715459198433
0.47044704470447046,0.22810749276818273
0.47054705470547054,0.22813783056802733
0.47064706470647066,0.2281681679912261
0.47074707470747074,0.22819850503748623
0.47084708470847086,0.22822884170667404
0.47094709470947094,0.22825917799846887
0.47104710471047107,0.22828951391272925
0.47114711471147114,0.22831984944928171
0.47124712471247127,0.22835018460789308
0.47134713471347134,0.22838051938848272
0.47144714471447147,0.22841085379085108
0.47154715471547154,0.22844118781489353
0.47164716471647167,0.22847152146052335
0.47174717471747174,0.22850185472759862
0.47184718471847187,0.22853218761608102
0.47194719471947194,0.22856252012588318
0.47204720472047207,0.2285928522569575
0.47214721472147214,0.22862318400928125
0.47224722472247227,0.2286535153828181
0.47234723472347234,0.228683846377578
0.47244724472447247,0.22871417699355973
0.47254725472547254,0.22874450723080178
0.47264726472647267,0.2287748370893311
0.47274727472747274,0.22880516656921432
0.47284728472847287,0.22883549567052705
0.47294729472947294,0.22886582439332806
0.4730473047304731,0.2288961527377624
0.47314731473147315,0.22892648070390692
0.4732473247324733,0.22895680829191078
0.47334733473347335,0.22898713550194144
0.4734473447344735,0.22901746233410042
0.47354735473547355,0.22904778878864285
0.4736473647364737,0.2290781148657107
0.47374737473747375,0.22910844056550325
0.4738473847384739,0.2291387658883097
0.47394739473947395,0.2291690908342673
0.4740474047404741,0.22919941540372704
0.47414741474147415,0.22922973959691947
0.4742474247424743,0.22926006341407235
0.47434743474347435,0.22929038685560757
0.4744474447444745,0.2293207099217084
0.47454745474547455,0.22935103261279077
0.4746474647464747,0.22938135492920522
0.47474747474747475,0.22941167687119637
0.4748474847484749,0.2294419984393109
0.47494749474947495,0.22947231963380538
0.4750475047504751,0.22950264045511454
0.47514751475147515,0.2295329609037476
0.4752475247524753,0.22956328097996268
0.47534753475347535,0.22959360068440712
0.4754475447544755,0.22962392001744272
0.47554755475547555,0.22965423897949602
0.4756475647564757,0.22968455757124578
0.47574757475747576,0.2297148757929808
0.4758475847584759,0.22974519364540807
0.47594759475947596,0.22977551112903125
0.4760476047604761,0.22980582824426202
0.47614761476147616,0.22983614499193067
0.4762476247624763,0.2298664613723944
0.47634763476347636,0.22989677738636274
0.4764476447644765,0.22992709303452571
0.47654765476547656,0.22995740831728118
0.4766476647664767,0.22998772323557742
0.47674767476747676,0.2300180377898863
0.4768476847684769,0.23004835198086432
0.47694769476947696,0.23007866580942396
0.4770477047704771,0.23010897927600119
0.47714771477147716,0.2301392923818575
0.4772477247724773,0.23016960512781587
0.47734773477347736,0.2301999175146612
0.4774477447744775,0.23023022954382988
0.47754775477547756,0.2302605412159147
0.4776477647764777,0.23029085253225612
0.47774777477747776,0.23032116349396708
0.4778477847784779,0.23035147410179477
0.47794779477947796,0.23038178435741252
0.47804780478047804,0.2304120942615823
0.47814781478147816,0.2304424038155737
0.47824782478247824,0.2304727130208787
0.47834783478347837,0.23050302187822208
0.47844784478447844,0.2305333303894355
0.47854785478547857,0.230563638555526
0.47864786478647864,0.2305939463776571
0.47874787478747877,0.23062425385768845
0.47884788478847884,0.23065456099638704
0.47894789478947897,0.23068486779563602
0.47904790479047904,0.2307151742567676
0.47914791479147917,0.23074548038084639
0.47924792479247924,0.23077578617003275
0.47934793479347937,0.23080609162523685
0.47944794479447944,0.23083639674825893
0.47954795479547957,0.23086670154085065
0.47964796479647964,0.23089700600399846
0.47974797479747977,0.23092731014006926
0.47984798479847984,0.23095761395022424
0.47994799479947997,0.2309879174360799
0.48004800480048004,0.2310182205998545
0.48014801480148017,0.2310485234425111
0.48024802480248024,0.23107882596650114
0.4803480348034804,0.23110912817332568
0.48044804480448045,0.23113943006442952
0.4805480548054806,0.2311697316424183
0.48064806480648065,0.2312000329083464
0.4807480748074808,0.23123033386460135
0.48084808480848085,0.23126063451312479
0.480948094809481,0.23129093485521848
0.48104810481048105,0.2313212348937663
0.4811481148114812,0.23135153463005312
0.48124812481248125,0.2313818340662372
0.4813481348134814,0.23141213320480575
0.48144814481448145,0.2314424320469622
0.4815481548154816,0.23147273059573276
0.48164816481648165,0.23150302885274368
0.4817481748174818,0.23153332681989766
0.48184818481848185,0.23156362450017945
0.481948194819482,0.23159392189480776
0.48204820482048205,0.23162421900678878
0.4821482148214822,0.2316545158381982
0.48224822482248225,0.23168481239071875
0.4823482348234824,0.23171510866770953
0.48244824482448245,0.23174540467056073
0.4825482548254826,0.2317757004020699
0.48264826482648265,0.23180599586488354
0.4827482748274828,0.2318362910605122
0.48284828482848285,0.23186658599254062
0.482948294829483,0.23189688066268702
0.48304830483048306,0.23192717507340394
0.4831483148314832,0.23195746922796395
0.48324832483248326,0.23198776312779346
0.4833483348334834,0.2320180567765275
0.48344834483448346,0.23204835017633038
0.4835483548354836,0.23207864332935965
0.48364836483648366,0.23210893623932974
0.4837483748374838,0.23213922890760225
0.48384838483848386,0.23216952133720126
0.483948394839484,0.23219981353039973
0.48404840484048406,0.23223010548878947
0.4841484148414842,0.23226039721573172
0.48424842484248426,0.23229068871265535
0.4843484348434844,0.2323209799820625
0.48444844484448446,0.2323512710266317
0.4845484548454846,0.23238156184769304
0.48464846484648466,0.23241185244849416
0.4847484748474848,0.23244214283067818
0.48484848484848486,0.23247243299627163
0.484948494849485,0.23250272294824437
0.48504850485048506,0.23253301268780413
0.4851485148514852,0.23256330221793614
0.48524852485248526,0.23259359154056036
0.4853485348534854,0.23262388065732184
0.48544854485448546,0.23265416957131638
0.48554855485548554,0.23268445828378037
0.48564856485648566,0.23271474679729962
0.48574857485748574,0.2327450351141279
0.48584858485848587,0.23277532323561714
0.48594859485948594,0.23280561116483542
0.48604860486048607,0.2328358989031723
0.48614861486148614,0.23286618645273305
0.48624862486248627,0.23289647381611212
0.48634863486348634,0.23292676099446577
0.48644864486448647,0.23295704799069183
0.48654865486548654,0.23298733480639705
0.48664866486648667,0.23301762144328386
0.48674867486748674,0.23304790790414187
0.48684868486848687,0.23307819419007156
0.48694869486948694,0.2331084803036701
0.48704870487048707,0.2331387662468152
0.48714871487148714,0.2331690520208914
0.48724872487248727,0.23319933762873613
0.48734873487348734,0.23322962307152642
0.48744874487448747,0.23325990835144134
0.48754875487548754,0.2332901934706765
0.4876487648764877,0.23332047843037787
0.48774877487748775,0.2333507632332951
0.4878487848784879,0.2333810478807677
0.48794879487948795,0.23341133237455514
0.4880488048804881,0.2334416167171075
0.48814881488148815,0.23347190090944028
0.4882488248824883,0.2335021849540919
0.48834883488348835,0.23353246885261467
0.4884488448844885,0.23356275260643003
0.48854885488548855,0.233593036218102
0.4886488648864887,0.23362331968864153
0.48874887488748875,0.23365360302026392
0.4888488848884889,0.23368388621477887
0.48894889488948895,0.23371416927334537
0.4890489048904891,0.23374445219851228
0.48914891489148915,0.23377473499139484
0.4892489248924893,0.233805017653803
0.48934893489348935,0.23383530018782417
0.4894489448944895,0.23386558259443094
0.48954895489548955,0.23389586487603964
0.4896489648964897,0.23392614703392597
0.48974897489748975,0.23395642906954606
0.4898489848984899,0.23398671098515747
0.48994899489948995,0.23401699278165736
0.4900490049004901,0.23404727446122423
0.49014901490149015,0.23407755602533495
0.4902490249024903,0.23410783747516495
0.49034903490349036,0.23413811881301871
0.4904490449044905,0.23416840003982672
0.49054905490549056,0.23419868115743503
0.4906490649064907,0.23422896216755754
0.49074907490749076,0.23425924307115578
0.4908490849084909,0.23428952387047
0.49094909490949096,0.2343198045665432
0.4910491049104911,0.2343500851608591
0.49114911491149116,0.23438036565534537
0.4912491249124913,0.2344106460508287
0.49134913491349136,0.23444092634938532
0.4914491449144915,0.23447120655220963
0.49154915491549156,0.23450148666049084
0.4916491649164917,0.2345317666762555
0.49174917491749176,0.2345620466002971
0.4918491849184919,0.2345923264344396
0.49194919491949196,0.23462260618006114
0.4920492049204921,0.23465288583812074
0.49214921492149216,0.23468316541064238
0.4922492249224923,0.23471344489846416
0.49234923492349236,0.23474372430310664
0.4924492449244925,0.2347740036259238
0.49254925492549256,0.23480428286760752
0.4926492649264927,0.234834562029788
0.49274927492749276,0.23486484111327288
0.4928492849284929,0.23489512011907412
0.49294929492949296,0.23492539904863702
0.4930493049304931,0.23495567790254604
0.49314931493149317,0.23498595668224417
0.49324932493249324,0.2350162353886302
0.49334933493349337,0.23504651402249097
0.49344934493449344,0.23507679258526634
0.49354935493549357,0.23510707107752
0.49364936493649364,0.23513734950044984
0.49374937493749377,0.2351676278550569
0.49384938493849384,0.23519790614195557
0.49394939493949397,0.23522818436250453
0.49404940494049404,0.2352584625172983
0.49414941494149417,0.2352887406072668
0.49424942494249424,0.23531901863350163
0.49434943494349437,0.2353492965964954
0.49444944494449444,0.23537957449746444
0.49454945494549457,0.23540985233705228
0.49464946494649464,0.23544013011596931
0.49474947494749477,0.23547040783532253
0.49484948494849484,0.23550068549554368
0.494949494949495,0.2355309630976617
0.49504950495049505,0.23556124064237643
0.4951495149514952,0.23559151813022772
0.49524952495249525,0.2356217955622694
0.4953495349534954,0.23565207293892207
0.49544954495449545,0.23568235026099651
0.4955495549554956,0.23571262752924885
0.49564956495649565,0.23574290474408963
0.4957495749574958,0.23577318190646654
0.49584958495849585,0.23580345901681415
0.495949594959496,0.2358337360757364
0.49604960496049605,0.23586401308401078
0.4961496149614962,0.2358942900419625
0.49624962496249625,0.23592456695039413
0.4963496349634964,0.23595484380975826
0.49644964496449645,0.23598512062049737
0.4965496549654966,0.23601539738334928
0.49664966496649665,0.23604567409859564
0.4967496749674968,0.23607595076687063
0.49684968496849685,0.236106227388641
0.496949694969497,0.23613650396422609
0.49704970497049705,0.23616678049427778
0.4971497149714972,0.23619705697906085
0.49724972497249725,0.23622733341903385
0.4973497349734974,0.23625760981466515
0.49744974497449745,0.23628788616618207
0.4975497549754976,0.23631816247411908
0.49764976497649765,0.236348438738728
0.4977497749774978,0.23637871496032312
0.49784978497849786,0.2364089911393308
0.497949794979498,0.23643926727591819
0.49804980498049806,0.23646954337048556
0.4981498149814982,0.23649981942326473
0.49824982498249826,0.23653009543446002
0.4983498349834984,0.23656037140441719
0.49844984498449846,0.23659064733326265
0.4985498549854986,0.23662092322126135
0.49864986498649866,0.23665119906861012
0.4987498749874988,0.23668147487543084
0.49884988498849886,0.23671175064194036
0.498949894989499,0.2367420263683072
0.49904990499049906,0.23677230205466618
0.4991499149914992,0.23680257770189264
0.49924992499249926,0.23683285331033385
0.4993499349934994,0.2368631288809199
0.49944994499449946,0.2368934044141771
0.4995499549954996,0.23692367991065874
0.49964996499649966,0.23695395537129776
0.4997499749974998,0.2369842307964655
0.49984998499849986,0.23701450618704875
0.4999499949995,0.23704478154370387
0.5000500050005001,0.237075056866914
0.5001500150015001,0.23710533215769264
0.5002500250025003,0.23713560741646633
0.5003500350035004,0.23716588264403282
0.5004500450045005,0.23719615784120926
0.5005500550055005,0.2372264330084255
0.5006500650065007,0.23725670814673186
0.5007500750075008,0.237286983256648
0.5008500850085008,0.23731725833886333
0.5009500950095009,0.2373475333943521
0.5010501050105011,0.23737780842352255
0.5011501150115012,0.23740808342741304
0.5012501250125012,0.23743835840666605
0.5013501350135013,0.23746863336187798
0.5014501450145015,0.23749890829413892
0.5015501550155016,0.23752918320388347
0.5016501650165016,0.23755945809208404
0.5017501750175017,0.23758973295953834
0.5018501850185019,0.2376200078067672
0.501950195019502,0.23765028263493093
0.502050205020502,0.23768055744454142
0.5021502150215021,0.23771083223645093
0.5022502250225023,0.237741107011642
0.5023502350235024,0.23777138177058257
0.5024502450245024,0.23780165651445162
0.5025502550255025,0.2378319312438746
0.5026502650265027,0.23786220595958454
0.5027502750275028,0.237892480662721
0.5028502850285028,0.23792275535374385
0.502950295029503,0.23795303003379445
0.5030503050305031,0.23798330470364498
0.5031503150315032,0.23801357936392864
0.5032503250325032,0.23804385401589348
0.5033503350335033,0.23807412866004682
0.5034503450345035,0.23810440329742996
0.5035503550355036,0.23813467792899853
0.5036503650365036,0.23816495255530756
0.5037503750375038,0.2381952271776598
0.5038503850385039,0.23822550179666266
0.503950395039504,0.23825577641321352
0.504050405040504,0.2382860510284674
0.5041504150415042,0.23831632564293345
0.5042504250425043,0.23834660025790966
0.5043504350435044,0.23837687487413955
0.5044504450445044,0.2384071494923934
0.5045504550455046,0.23843742411397867
0.5046504650465047,0.2384676987394142
0.5047504750475048,0.23849797336992978
0.5048504850485048,0.2385282480064425
0.504950495049505,0.23855852264961835
0.5050505050505051,0.23858879730086074
0.5051505150515052,0.2386190719607614
0.5052505250525052,0.23864934663041232
0.5053505350535054,0.23867962131094447
0.5054505450545055,0.23870989600294518
0.5055505550555056,0.23874017070785203
0.5056505650565056,0.23877044542637957
0.5057505750575058,0.23880072015946271
0.5058505850585059,0.23883099490843362
0.505950595059506,0.23886126967384705
0.506050605060506,0.2388915444571088
0.5061506150615062,0.23892181925909486
0.5062506250625063,0.23895209408060702
0.5063506350635064,0.23898236892312008
0.5064506450645064,0.23901264378722156
0.5065506550655066,0.23904291867421357
0.5066506650665067,0.239073193585175
0.5067506750675068,0.2391034685208008
0.5068506850685068,0.23913374348264488
0.506950695069507,0.23916401847139532
0.5070507050705071,0.2391942934881824
0.5071507150715072,0.23922456853432267
0.5072507250725072,0.23925484361043667
0.5073507350735074,0.23928511871808836
0.5074507450745075,0.23931539385811282
0.5075507550755076,0.23934566903148144
0.5076507650765076,0.23937594423968783
0.5077507750775078,0.2394062194832865
0.5078507850785079,0.2394364947635441
0.507950795079508,0.2394667700813144
0.508050805080508,0.23949704543729014
0.5081508150815082,0.23952732083285908
0.5082508250825083,0.23955759626859022
0.5083508350835083,0.23958787174563678
0.5084508450845084,0.2396181472650806
0.5085508550855086,0.23964842282754034
0.5086508650865087,0.2396786984344841
0.5087508750875087,0.23970897408660602
0.5088508850885088,0.23973924978491362
0.508950895089509,0.23976952553073064
0.5090509050905091,0.23979980132463566
0.5091509150915091,0.2398300771681098
0.5092509250925092,0.23986035306201625
0.5093509350935094,0.2398906290072319
0.5094509450945095,0.23992090500527172
0.5095509550955095,0.23995118105673846
0.5096509650965096,0.2399814571630499
0.5097509750975098,0.24001173332528528
0.5098509850985099,0.24004200954421379
0.5099509950995099,0.24007228582147866
0.51005100510051,0.2401025621577807
0.5101510151015102,0.24013283855438994
0.5102510251025103,0.24016311501265314
0.5103510351035103,0.24019339153325855
0.5104510451045104,0.24022366811790627
0.5105510551055106,0.24025394476745435
0.5106510651065107,0.24028422148300216
0.5107510751075107,0.2403144982661491
0.5108510851085108,0.24034477511755764
0.510951095109511,0.24037505203890386
0.5110511051105111,0.24040532903125297
0.5111511151115111,0.24043560609555836
0.5112511251125113,0.2404658832336048
0.5113511351135114,0.2404961604461074
0.5114511451145115,0.24052643773462898
0.5115511551155115,0.24055671510049575
0.5116511651165117,0.2405869925445441
0.5117511751175118,0.24061727006866832
0.5118511851185119,0.24064754767371907
0.5119511951195119,0.24067782536106122
0.512051205120512,0.24070810313232666
0.5121512151215122,0.24073838098827277
0.5122512251225123,0.24076865893081847
0.5123512351235123,0.24079893696100768
0.5124512451245125,0.24082921508001673
0.5125512551255126,0.24085949328972905
0.5126512651265127,0.24088977159090014
0.5127512751275127,0.24092004998537944
0.5128512851285129,0.24095032847446077
0.512951295129513,0.24098060705916263
0.5130513051305131,0.2410108857415398
0.5131513151315131,0.2410411645224383
0.5132513251325133,0.24107144340353473
0.5133513351335134,0.2411017223864336
0.5134513451345135,0.24113200147203137
0.5135513551355135,0.24116228066246467
0.5136513651365137,0.2411925599587544
0.5137513751375138,0.2412228393623426
0.5138513851385139,0.24125311887515916
0.5139513951395139,0.24128339849803593
0.5140514051405141,0.24131367823309277
0.5141514151415142,0.24134395808158227
0.5142514251425143,0.24137423804471878
0.5143514351435143,0.24140451812479774
0.5144514451445145,0.241434798322858
0.5145514551455146,0.24146507864144662
0.5146514651465147,0.24149535908250136
0.5147514751475147,0.24152563964736737
0.5148514851485149,0.24155592033888984
0.514951495149515,0.2415862011582725
0.5150515051505151,0.24161648210763617
0.5151515151515151,0.24164676318923917
0.5152515251525153,0.24167704440420607
0.5153515351535154,0.24170732575528425
0.5154515451545155,0.2417376072438535
0.5155515551555155,0.24176788887163336
0.5156515651565157,0.24179817064112474
0.5157515751575158,0.24182845255334526
0.5158515851585158,0.24185873461082222
0.5159515951595159,0.2418890168151626
0.5160516051605161,0.24191929916776306
0.5161516151615162,0.2419495816712298
0.5162516251625162,0.24197986432659804
0.5163516351635163,0.24201014713606242
0.5164516451645165,0.24204043010150397
0.5165516551655166,0.24207071322406956
0.5166516651665166,0.24210099650634295
0.5167516751675167,0.24213127994948208
0.5168516851685169,0.24216156355527688
0.516951695169517,0.24219184732589252
0.517051705170517,0.24222213126230535
0.5171517151715171,0.24225241536695868
0.5172517251725173,0.24228269964118726
0.5173517351735174,0.24231298408643762
0.5174517451745174,0.24234326870504086
0.5175517551755175,0.24237355349791834
0.5176517651765177,0.2424038384672646
0.5177517751775178,0.24243412361463532
0.5178517851785178,0.2424644089412048
0.517951795179518,0.24249469444934718
0.5180518051805181,0.24252498014003948
0.5181518151815182,0.24255526601512858
0.5182518251825182,0.24258555207643054
0.5183518351835184,0.24261583832491412
0.5184518451845185,0.2426461247628824
0.5185518551855186,0.24267641139144347
0.5186518651865186,0.24270669821208582
0.5187518751875188,0.24273698522684206
0.5188518851885189,0.24276727243656304
0.518951895189519,0.2427975598433768
0.519051905190519,0.24282784744856467
0.5191519151915192,0.24285813525332578
0.5192519251925193,0.2428884232597901
0.5193519351935194,0.24291871146879743
0.5194519451945194,0.2429489998822066
0.5195519551955196,0.24297928850150882
0.5196519651965197,0.24300957732767822
0.5197519751975198,0.2430398663628331
0.5198519851985198,0.2430701556078948
0.51995199519952,0.2431004450643803
0.5200520052005201,0.24313073473401084
0.5201520152015202,0.24316102461759936
0.5202520252025202,0.2431913147171528
0.5203520352035204,0.2432216050337227
0.5204520452045205,0.24325189556852442
0.5205520552055206,0.24328218632342127
0.5206520652065206,0.24331247729915828
0.5207520752075208,0.24334276849754113
0.5208520852085209,0.24337305991978592
0.520952095209521,0.24340335156686926
0.521052105210521,0.24343364344069143
0.5211521152115212,0.24346393554202184
0.5212521252125213,0.2434942278723846
0.5213521352135214,0.24352452043319053
0.5214521452145214,0.24355481322523465
0.5215521552155216,0.24358510625035934
0.5216521652165217,0.2436153995094251
0.5217521752175218,0.24364569300365033
0.5218521852185218,0.24367598673461976
0.521952195219522,0.2437062807030147
0.5220522052205221,0.2437365749105341
0.5221522152215222,0.2437668693581627
0.5222522252225222,0.2437971640468712
0.5223522352235224,0.24382745897832
0.5224522452245225,0.24385775415316313
0.5225522552255226,0.24388804957288132
0.5226522652265226,0.2439183452386108
0.5227522752275228,0.2439486411511301
0.5228522852285229,0.24397893731208417
0.522952295229523,0.24400923372217606
0.523052305230523,0.24403953038260986
0.5231523152315232,0.24406982729469084
0.5232523252325233,0.24410012445905566
0.5233523352335234,0.24413042187723855
0.5234523452345234,0.24416071955001015
0.5235523552355236,0.24419101747830393
0.5236523652365237,0.24422131566347613
0.5237523752375237,0.24425161410607224
0.5238523852385238,0.24428191280741302
0.523952395239524,0.24431221176834342
0.5240524052405241,0.2443425109895736
0.5241524152415241,0.24437281047242138
0.5242524252425242,0.2444031102174097
0.5243524352435244,0.24443341022559908
0.5244524452445245,0.24446371049791377
0.5245524552455245,0.24449401103489501
0.5246524652465246,0.24452431183774898
0.5247524752475248,0.24455461290701838
0.5248524852485249,0.2445849142434985
0.5249524952495249,0.24461521584816537
0.525052505250525,0.2446455177214449
0.5251525152515252,0.2446758198643757
0.5252525252525253,0.24470612227753058
0.5253525352535253,0.2447364249614961
0.5254525452545254,0.2447667279172199
0.5255525552555256,0.24479703114507095
0.5256525652565257,0.24482733464588394
0.5257525752575257,0.2448576384202611
0.5258525852585259,0.24488794246863038
0.525952595259526,0.24491824679184704
0.5260526052605261,0.24494855139026303
0.5261526152615261,0.24497885626449256
0.5262526252625263,0.2450091614151563
0.5263526352635264,0.24503946684256447
0.5264526452645265,0.24506977254743495
0.5265526552655265,0.24510007853011298
0.5266526652665267,0.24513038479102722
0.5267526752675268,0.24516069133076338
0.5268526852685269,0.24519099814955658
0.5269526952695269,0.24522130524796115
0.527052705270527,0.24525161262630954
0.5271527152715272,0.24528192028489035
0.5272527252725273,0.24531222822420035
0.5273527352735273,0.24534253644442974
0.5274527452745275,0.24537284494596198
0.5275527552755276,0.24540315372910143
0.5276527652765277,0.24543346279403205
0.5277527752775277,0.24546377214112708
0.5278527852785279,0.2454940817705403
0.527952795279528,0.24552439168250306
0.5280528052805281,0.2455547018772601
0.5281528152815281,0.24558501235491903
0.5282528252825283,0.24561532311571416
0.5283528352835284,0.24564563415975138
0.5284528452845285,0.24567594548714933
0.5285528552855285,0.24570625709805072
0.5286528652865287,0.24573656899250546
0.5287528752875288,0.24576688117061313
0.5288528852885289,0.24579719363241076
0.5289528952895289,0.24582750637793427
0.5290529052905291,0.24585781940720097
0.5291529152915292,0.24588813272020196
0.5292529252925293,0.2459184463169266
0.5293529352935293,0.2459487601973115
0.5294529452945295,0.24597907436133026
0.5295529552955296,0.2460093888089738
0.5296529652965297,0.2460397035397893
0.5297529752975297,0.24607001855358784
0.5298529852985299,0.24610033384797358
0.52995299529953,0.246130649422103
0.5300530053005301,0.24616096527389478
0.5301530153015301,0.24619128140203267
0.5302530253025303,0.2462215978054261
0.5303530353035304,0.24625191448205225
0.5304530453045305,0.24628223143112207
0.5305530553055305,0.2463125486510524
0.5306530653065307,0.2463428661404606
0.5307530753075308,0.24637318389856017
0.5308530853085309,0.24640350192359622
0.5309530953095309,0.2464338202147914
0.5310531053105311,0.2464641387710301
0.5311531153115312,0.2464944575909388
0.5312531253125312,0.2465247766739392
0.5313531353135313,0.24655509601862594
0.5314531453145315,0.24658541562423478
0.5315531553155316,0.24661573549000665
0.5316531653165316,0.24664605561471828
0.5317531753175317,0.24667637599791187
0.5318531853185319,0.24670669663856756
0.531953195319532,0.24673701753595909
0.532053205320532,0.24676733868959339
0.5321532153215321,0.24679766009849627
0.5322532253225323,0.24682798176228748
0.5323532353235324,0.24685830368031997
0.5324532453245324,0.24688862585195712
0.5325532553255325,0.24691894827690206
0.5326532653265327,0.24694927095448382
0.5327532753275328,0.24697959388441043
0.5328532853285328,0.24700991706632314
0.532953295329533,0.24704024049977652
0.5330533053305331,0.24707056418461298
0.5331533153315332,0.2471008881204736
0.5332533253325332,0.24713121230719373
0.5333533353335334,0.24716153674462557
0.5334533453345335,0.24719186143258629
0.5335533553355336,0.2472221863710411
0.5336533653365336,0.24725251155990652
0.5337533753375338,0.24728283699920717
0.5338533853385339,0.24731316268895107
0.533953395339534,0.24734348862924402
0.534053405340534,0.24737381482020018
0.5341534153415342,0.24740414126193847
0.5342534253425343,0.24743446795474844
0.5343534353435344,0.24746479489876483
0.5344534453445344,0.247495122094362
0.5345534553455346,0.24752544954185707
0.5346534653465347,0.24755577724150726
0.5347534753475348,0.24758610519391047
0.5348534853485348,0.24761643339934036
0.534953495349535,0.24764676185837398
0.5350535053505351,0.24767709057160842
0.5351535153515352,0.2477074195393985
0.5352535253525352,0.24773774876264706
0.5353535353535354,0.24776807824182123
0.5354535453545355,0.24779840797760186
0.5355535553555356,0.24782873797095265
0.5356535653565356,0.2478590682223127
0.5357535753575358,0.24788939873284008
0.5358535853585359,0.24791972950326654
0.535953595359536,0.24795006053432228
0.536053605360536,0.24798039182735596
0.5361536153615362,0.24801072338293198
0.5362536253625363,0.24804105520236688
0.5363536353635364,0.24807138728674996
0.5364536453645364,0.24810171963683406
0.5365536553655366,0.24813205225431986
0.5366536653665367,0.24816238513998642
0.5367536753675368,0.2481927182951669
0.5368536853685368,0.24822305172142203
0.536953695369537,0.2482533854195258
0.5370537053705371,0.2482837193914499
0.5371537153715372,0.2483140536382862
0.5372537253725372,0.2483443881613109
0.5373537353735374,0.24837472296257826
0.5374537453745375,0.2484050580429444
0.5375537553755376,0.24843539340452325
0.5376537653765376,0.24846572904882883
0.5377537753775378,0.24849606497706941
0.5378537853785379,0.24852640119172803
0.537953795379538,0.24855673769386544
0.538053805380538,0.24858707448555914
0.5381538153815382,0.24861741156888092
0.5382538253825383,0.24864774894498395
0.5383538353835384,0.24867808661666188
0.5384538453845384,0.24870842458530673
0.5385538553855386,0.24873876285279645
0.5386538653865387,0.24876910142182185
0.5387538753875387,0.24879944029354575
0.5388538853885388,0.24882977947092438
0.538953895389539,0.24886011895586055
0.5390539053905391,0.24889045875009316
0.5391539153915391,0.24892079885690485
0.5392539253925392,0.24895113927765272
0.5393539353935394,0.24898148001528228
0.5394539453945395,0.2490118210723711
0.5395539553955395,0.2490421624505399
0.5396539653965396,0.24907250415351903
0.5397539753975398,0.24910284618305967
0.5398539853985399,0.2491331885418565
0.5399539953995399,0.24916353123331658
0.54005400540054,0.249193874259005
0.5401540154015402,0.24922421762289557
0.5402540254025403,0.24925456132730334
0.5403540354035403,0.24928490537464607
0.5404540454045405,0.24931524976907046
0.5405540554055406,0.24934559451227048
0.5406540654065407,0.24937593960819848
0.5407540754075407,0.2494062850599218
0.5408540854085409,0.2494366308696207
0.540954095409541,0.24946697704199544
0.5410541054105411,0.24949732357912424
0.5411541154115411,0.24952767048461832
0.5412541254125413,0.24955801776251044
0.5413541354135414,0.2495883654148152
0.5414541454145415,0.2496187134465385
0.5415541554155415,0.24964906186036445
0.5416541654165417,0.24967941065947002
0.5417541754175418,0.24970975984880828
0.5418541854185419,0.24974010943042768
0.5419541954195419,0.24977045940932946
0.5420542054205421,0.2498008097890164
0.5421542154215422,0.24983116057229152
0.5422542254225423,0.24986151176479743
0.5423542354235423,0.24989186336892075
0.5424542454245425,0.24992221538928358
0.5425542554255426,0.24995256783045205
0.5426542654265427,0.24998292069494704
0.5427542754275427,0.25001327398880696
0.5428542854285429,0.2500436277150545
0.542954295429543,0.25007398187770497
0.5430543054305431,0.2501043364824536
0.5431543154315431,0.2501346915317336
0.5432543254325433,0.25016504703162074
0.5433543354335434,0.25019540298601195
0.5434543454345435,0.2502257593983962
0.5435543554355435,0.25025611627532324
0.5436543654365437,0.2502864736194908
0.5437543754375438,0.25031683143658656
0.5438543854385439,0.2503471897316538
0.5439543954395439,0.25037754850777005
0.5440544054405441,0.25040790777199645
0.5441544154415442,0.2504382675276745
0.5442544254425443,0.25046862777973267
0.5443544354435443,0.2504989885345446
0.5444544454445445,0.2505293497949659
0.5445544554455446,0.25055971156803497
0.5446544654465447,0.2505900738584243
0.5447544754475447,0.25062043667002015
0.5448544854485449,0.25065080001607604
0.544954495449545,0.25068116390177764
0.5450545054505451,0.25071152833901134
0.5451545154515451,0.25074189333679536
0.5452545254525453,0.2507722589012708
0.5453545354535454,0.25080262504528816
0.5454545454545455,0.2508329917744001
0.5455545554555455,0.2508633590977164
0.5456545654565457,0.2508937270253998
0.5457545754575458,0.25092409556226714
0.5458545854585459,0.2509544647199117
0.5459545954595459,0.2509848345044583
0.5460546054605461,0.2510152049227327
0.5461546154615462,0.25104557598527866
0.5462546254625462,0.25107594769630454
0.5463546354635463,0.25110632006554634
0.5464546454645465,0.2511366930998454
0.5465546554655466,0.2511670668043036
0.5466546654665466,0.2511974411890251
0.5467546754675467,0.2512278162582263
0.5468546854685469,0.25125819201937016
0.546954695469547,0.25128856848005876
0.547054705470547,0.2513189456441501
0.5471547154715471,0.25134932352065953
0.5472547254725473,0.2513797021140878
0.5473547354735474,0.251410081429882
0.5474547454745474,0.25144046147586363
0.5475547554755475,0.2514708422552052
0.5476547654765477,0.2515012237753595
0.5477547754775478,0.2515316060411887
0.5478547854785478,0.25156198905662586
0.547954795479548,0.25159237282901387
0.5480548054805481,0.25162275736133105
0.5481548154815482,0.25165314265917393
0.5482548254825482,0.2516835287277516
0.5483548354835484,0.25171391556989675
0.5484548454845485,0.2517443031919549
0.5485548554855486,0.2517746915969296
0.5486548654865486,0.2518050807887209
0.5487548754875488,0.25183547077250745
0.5488548854885489,0.2518658615504341
0.548954895489549,0.2518962531275135
0.549054905490549,0.2519266455067787
0.5491549154915492,0.25195703869087116
0.5492549254925493,0.25198743268437535
0.5493549354935494,0.2520178274890987
0.5494549454945494,0.2520482231085739
0.5495549554955496,0.2520786195457714
0.5496549654965497,0.2521090168024193
0.5497549754975498,0.2521394148821322
0.5498549854985498,0.2521698137865044
0.54995499549955,0.25220021351774263
0.5500550055005501,0.25223061407845515
0.5501550155015502,0.25226101546974516
0.5502550255025502,0.2522914176940727
0.5503550355035504,0.25232182075274406
0.5504550455045505,0.252352224647004
0.5505550555055506,0.2523826293786869
0.5506550655065506,0.25241303494846545
0.5507550755075508,0.25244344135765895
0.5508550855085509,0.2524738486071084
0.550955095509551,0.25250425669736787
0.551055105510551,0.25253466562927895
0.5511551155115512,0.2525650754030779
0.5512551255125513,0.25259548601916576
0.5513551355135514,0.25262589747763115
0.5514551455145514,0.25265630977851256
0.5515551555155516,0.2526867229216412
0.5516551655165517,0.2527171369066535
0.5517551755175518,0.2527475517333201
0.5518551855185518,0.25277796740072744
0.551955195519552,0.25280838390842364
0.5520552055205521,0.2528388012554189
0.5521552155215522,0.2528692194404808
0.5522552255225522,0.25289963846293845
0.5523552355235524,0.25293005832083015
0.5524552455245525,0.2529604790130521
0.5525552555255526,0.25299090053812967
0.5526552655265526,0.25302132289364976
0.5527552755275528,0.25305174607856357
0.5528552855285529,0.25308217009002704
0.552955295529553,0.25311259492602184
0.553055305530553,0.2531430205847999
0.5531553155315532,0.25317344706268885
0.5532553255325533,0.2532038743581029
0.5533553355335534,0.25323430246769935
0.5534553455345534,0.2532647313881996
0.5535553555355536,0.2532951611176939
0.5536553655365537,0.2533255916510932
0.5537553755375538,0.2533560229847374
0.5538553855385538,0.25338645511370705
0.553955395539554,0.2534168880309675
0.5540554055405541,0.2534473217334662
0.5541554155415541,0.2534777562134951
0.5542554255425542,0.2535081914660523
0.5543554355435544,0.2535386274866588
0.5544554455445545,0.25356906426673415
0.5545554555455545,0.2535995018026783
0.5546554655465546,0.25362994008703715
0.5547554755475548,0.2536603791128799
0.5548554855485549,0.25369081887612216
0.5549554955495549,0.25372125936712947
0.555055505550555,0.25375170058112095
0.5551555155515552,0.2537821425115366
0.5552555255525553,0.25381258514918476
0.5553555355535553,0.2538430284900686
0.5554555455545555,0.2538734725242221
0.5555555555555556,0.253903917245153
0.5556555655565557,0.2539343626471267
0.5557555755575557,0.25396480871916804
0.5558555855585559,0.2539952554566567
0.555955595559556,0.25402570285022047
0.5560556055605561,0.2540561508910354
0.5561556155615561,0.2540865995739863
0.5562556255625563,0.25411704888703157
0.5563556355635564,0.25414749882413995
0.5564556455645565,0.2541779493772443
0.5565556555655565,0.2542084005348383
0.5566556655665567,0.25423885229206045
0.5567556755675568,0.25426930463686476
0.5568556855685569,0.254299757563149
0.5569556955695569,0.2543302110652958
0.5570557055705571,0.2543606651333287
0.5571557155715572,0.2543911197632033
0.5572557255725573,0.2544215749469199
0.5573557355735573,0.2544520306773092
0.5574557455745575,0.25448248695028963
0.5575557555755576,0.2545129437567111
0.5576557655765577,0.25454340109222906
0.5577557755775577,0.2545738589510985
0.5578557855785579,0.2546043173255869
0.557955795579558,0.2546347762124669
0.5580558055805581,0.254665235604079
0.5581558155815581,0.25469569549562554
0.5582558255825583,0.25472615588303216
0.5583558355835584,0.25475661675885664
0.5584558455845585,0.2547870781200903
0.5585558555855585,0.25481753996098827
0.5586558655865587,0.2548480022762586
0.5587558755875588,0.25487846506300826
0.5588558855885589,0.2549089283147362
0.5589558955895589,0.25493939202833604
0.5590559055905591,0.2549698561998611
0.5591559155915592,0.25500032082391594
0.5592559255925593,0.2550307858983012
0.5593559355935593,0.2550612514178882
0.5594559455945595,0.2550917173794297
0.5595559555955596,0.2551221837802819
0.5596559655965597,0.25515265061560516
0.5597559755975597,0.2551831178834637
0.5598559855985599,0.25521358558031
0.55995599559956,0.2552440537028259
0.5600560056005601,0.2552745222492829
0.5601560156015601,0.2553049912158368
0.5602560256025603,0.2553354606006834
0.5603560356035604,0.255365930401613
0.5604560456045605,0.2553964006156462
0.5605560556055605,0.2554268712416196
0.5606560656065607,0.2554573422768979
0.5607560756075608,0.2554878137198768
0.5608560856085609,0.25551828556929235
0.560956095609561,0.25554875782294967
0.5610561056105611,0.25557923048004033
0.5611561156115612,0.2556097035391183
0.5612561256125613,0.2556401769989675
0.5613561356135613,0.25567065085899043
0.5614561456145615,0.25570112511799314
0.5615561556155616,0.25573159977555815
0.5616561656165616,0.25576207483112956
0.5617561756175617,0.2557925502842328
0.5618561856185619,0.2558230261347554
0.561956195619562,0.25585350238248933
0.562056205620562,0.25588397902759336
0.5621562156215621,0.2559144560701207
0.5622562256225623,0.25594493351055714
0.5623562356235624,0.25597541134929097
0.5624562456245624,0.25600588958685977
0.5625562556255626,0.25603636822429315
0.5626562656265627,0.2560668472620916
0.5627562756275628,0.2560973267016853
0.5628562856285628,0.25612780654415007
0.562956295629563,0.25615828679048736
0.5630563056305631,0.2561887674428159
0.5631563156315632,0.25621924850210415
0.5632563256325632,0.2562497299704743
0.5633563356335634,0.25628021184999583
0.5634563456345635,0.25631069414196916
0.5635563556355636,0.2563411768495841
0.5636563656365636,0.2563716599745148
0.5637563756375638,0.2564021435191473
0.5638563856385639,0.2564326274869078
0.563956395639564,0.2564631118793709
0.564056405640564,0.2564935967005397
0.5641564156415642,0.2565240819531159
0.5642564256425643,0.2565545676395511
0.5643564356435644,0.2565850537646403
0.5644564456445644,0.2566155403304857
0.5645564556455646,0.25664602734140407
0.5646564656465647,0.2566765148015567
0.5647564756475648,0.2567070027134171
0.5648564856485648,0.2567374910828848
0.564956495649565,0.2567679799130318
0.5650565056505651,0.2567984692079441
0.5651565156515652,0.25682895897359725
0.5652565256525652,0.25685944921263193
0.5653565356535654,0.2568899399315421
0.5654565456545655,0.2569204311348174
0.5655565556555656,0.2569509228262466
0.5656565656565656,0.25698141501337246
0.5657565756575658,0.25701190769951476
0.5658565856585659,0.2570424008910014
0.565956595659566,0.2570728945943062
0.566056605660566,0.2571033888130027
0.5661566156615662,0.25713388355567884
0.5662566256625663,0.25716437882694676
0.5663566356635664,0.2571948746324325
0.5664566456645664,0.2572253709808101
0.5665566556655666,0.2572558678758047
0.5666566656665667,0.257286365326274
0.5667566756675668,0.25731686333869996
0.5668566856685668,0.2573473619180903
0.566956695669567,0.25737786107478733
0.5670567056705671,0.2574083608134517
0.5671567156715672,0.2574388611421904
0.5672567256725672,0.2574693620700484
0.5673567356735674,0.25749986360163424
0.5674567456745675,0.25753036574816546
0.5675567556755676,0.2575608685159766
0.5676567656765676,0.25759137191206394
0.5677567756775678,0.257621875947938
0.5678567856785679,0.2576523806284654
0.567956795679568,0.2576828859646829
0.568056805680568,0.2577133919653196
0.5681568156815682,0.2577438986364836
0.5682568256825683,0.2577744059913379
0.5683568356835684,0.2578049140360416
0.5684568456845684,0.2578354227802007
0.5685568556855686,0.25786593223573745
0.5686568656865687,0.2578964424085659
0.5687568756875688,0.2579269533149806
0.5688568856885688,0.25795746496493704
0.568956895689569,0.2579879773682681
0.5690569056905691,0.25801849054191905
0.5691569156915691,0.2580490044929719
0.5692569256925692,0.2580795192363899
0.5693569356935694,0.25811003478492833
0.5694569456945695,0.2581405511466309
0.5695569556955695,0.2581710683392835
0.5696569656965697,0.25820158637149404
0.5697569756975698,0.2582321052553153
0.5698569856985699,0.25826262500680097
0.5699569956995699,0.25829314563308275
0.57005700570057,0.25832366715125255
0.5701570157015702,0.25835418957232503
0.5702570257025703,0.2583847129059648
0.5703570357035703,0.25841523717021286
0.5704570457045705,0.25844576237279077
0.5705570557055706,0.2584762885284621
0.5706570657065707,0.25850681565153
0.5707570757075707,0.2585373437499931
0.5708570857085709,0.2585678728423187
0.570957095709571,0.25859840293812164
0.5710571057105711,0.2586289340491483
0.5711571157115711,0.25865946619287555
0.5712571257125713,0.25868999937676
0.5713571357135714,0.25872053361728065
0.5714571457145715,0.25875106893000316
0.5715571557155715,0.2587816053260706
0.5716571657165717,0.2588121428315074
0.5717571757175718,0.25884268145737005
0.5718571857185719,0.25887322122226175
0.5719571957195719,0.2589037621461674
0.5720572057205721,0.25893430423898384
0.5721572157215722,0.25896484752364696
0.5722572257225723,0.25899539201268224
0.5723572357235723,0.25902593771941956
0.5724572457245725,0.2590564846650068
0.5725572557255726,0.2590870328581489
0.5726572657265727,0.25911758231737686
0.5727572757275727,0.25914813305723056
0.5728572857285729,0.2591786850873233
0.572957295729573,0.25920923842760063
0.5730573057305731,0.259239793087264
0.5731573157315731,0.25927034907955465
0.5732573257325733,0.2593009064208543
0.5733573357335734,0.2593314651184958
0.5734573457345735,0.2593620251893981
0.5735573557355735,0.2593925866438602
0.5736573657365737,0.2594231494911182
0.5737573757375738,0.2594537137473269
0.5738573857385739,0.2594842794192372
0.5739573957395739,0.2595148465194747
0.5740574057405741,0.25954541505966694
0.5741574157415742,0.2595759850463118
0.5742574257425743,0.25960655649356856
0.5743574357435743,0.25963712940852784
0.5744574457445745,0.2596677037997151
0.5745574557455746,0.2596982796791407
0.5746574657465747,0.25972885705184084
0.5747574757475747,0.25975943592878775
0.5748574857485749,0.25979001631759674
0.574957495749575,0.2598205982239307
0.5750575057505751,0.2598511816584847
0.5751575157515751,0.2598817666259301
0.5752575257525753,0.25991235313356353
0.5753575357535754,0.259942941189299
0.5754575457545755,0.2599735307969175
0.5755575557555755,0.26000412196469685
0.5756575657565757,0.2600347146971819
0.5757575757575758,0.2600653089988727
0.5758575857585759,0.2600959048766929
0.575957595759576,0.2601265023334647
0.5760576057605761,0.2601571013745691
0.5761576157615762,0.26018770200423685
0.5762576257625763,0.2602183042250717
0.5763576357635763,0.2602489080420122
0.5764576457645765,0.26027951345725236
0.5765576557655766,0.2603101204736465
0.5766576657665766,0.2603407290943901
0.5767576757675767,0.26037133932084094
0.5768576857685769,0.26040195115560494
0.576957695769577,0.26043256459998787
0.577057705770577,0.2604631796551526
0.5771577157715772,0.26049379632240205
0.5772577257725773,0.26052441460209985
0.5773577357735774,0.26055503449484363
0.5774577457745774,0.2605856560004449
0.5775577557755776,0.2606162791188905
0.5776577657765777,0.26064690384939576
0.5777577757775778,0.260677530191005
0.5778577857785778,0.2607081581430152
0.577957795779578,0.26073878770309716
0.5780578057805781,0.26076941887012817
0.5781578157815782,0.2608000516417407
0.5782578257825782,0.2608306860149538
0.5783578357835784,0.2608613219882015
0.5784578457845785,0.2608919595569935
0.5785578557855786,0.26092259871860185
0.5786578657865786,0.2609532394699295
0.5787578757875788,0.26098388180527266
0.5788578857885789,0.2610145257221557
0.578957895789579,0.2610451712146362
0.579057905790579,0.2610758182775613
0.5791579157915792,0.26110646690745815
0.5792579257925793,0.26113711709607323
0.5793579357935794,0.26116776883924214
0.5794579457945794,0.26119842213086636
0.5795579557955796,0.26122907696233444
0.5796579657965797,0.2612597333297181
0.5797579757975798,0.26129039122314934
0.5798579857985798,0.26132105063577127
0.57995799579958,0.2613517115617683
0.5800580058005801,0.26138237398926356
0.5801580158015802,0.2614130379129108
0.5802580258025802,0.26144370332241107
0.5803580358035804,0.26147437020989417
0.5804580458045805,0.2615050385710797
0.5805580558055806,0.2615357083966495
0.5806580658065806,0.2615663796810063
0.5807580758075808,0.2615970524182638
0.5808580858085809,0.26162772659804645
0.580958095809581,0.2616584022158702
0.581058105810581,0.26168907926212936
0.5811581158115812,0.2617197577281911
0.5812581258125813,0.26175043760869954
0.5813581358135814,0.26178111889126515
0.5814581458145814,0.261811801569427
0.5815581558155816,0.26184248563486723
0.5816581658165817,0.2618731710751364
0.5817581758175818,0.26190385788476106
0.5818581858185818,0.26193454605093663
0.581958195819582,0.26196523556403
0.5820582058205821,0.26199592641686
0.5821582158215822,0.26202661859425813
0.5822582258225822,0.26205731208900307
0.5823582358235824,0.26208800688992506
0.5824582458245825,0.26211870298291884
0.5825582558255826,0.26214940036131235
0.5826582658265826,0.26218009900905237
0.5827582758275828,0.262210798915693
0.5828582858285829,0.2622415000719145
0.582958295829583,0.2622722024599938
0.583058305830583,0.2623029060719956
0.5831583158315832,0.26233361089342194
0.5832583258325833,0.2623643169088628
0.5833583358335834,0.2623950241104855
0.5834583458345834,0.2624257324841306
0.5835583558355836,0.26245644202335155
0.5836583658365837,0.26248715272091405
0.5837583758375838,0.26251786456525983
0.5838583858385838,0.2625485775515527
0.583958395839584,0.2625792916697677
0.5840584058405841,0.26261000691158576
0.5841584158415841,0.2626407232718181
0.5842584258425843,0.2626714407393257
0.5843584358435844,0.26270215930863033
0.5844584458445845,0.2627328789727486
0.5845584558455845,0.2627635997218968
0.5846584658465847,0.26279432155189864
0.5847584758475848,0.26282504445345445
0.5848584858485849,0.2628557684198964
0.5849584958495849,0.2628864934463698
0.585058505850585,0.2629172195231742
0.5851585158515852,0.2629479466458789
0.5852585258525853,0.262978674807931
0.5853585358535853,0.26300940400130585
0.5854585458545855,0.2630401342223778
0.5855585558555856,0.26307086546283825
0.5856585658565857,0.26310159771743896
0.5857585758575857,0.26313233098173394
0.5858585858585859,0.2631630652475587
0.585958595859586,0.26319380051138475
0.5860586058605861,0.26322453676724195
0.5861586158615861,0.26325527400880105
0.5862586258625863,0.2632860122329327
0.5863586358635864,0.26331675143252103
0.5864586458645865,0.2633474916035448
0.5865586558655865,0.26337823274205885
0.5866586658665867,0.2634089748414803
0.5867586758675868,0.2634397178990692
0.5868586858685869,0.263470461909605
0.5869586958695869,0.2635012068683478
0.5870587058705871,0.2635319527726583
0.5871587158715872,0.2635626996167598
0.5872587258725873,0.26359344739769863
0.5873587358735873,0.26362419611213755
0.5874587458745875,0.26365494575507714
0.5875587558755876,0.2636856963244689
0.5876587658765877,0.263716447816052
0.5877587758775877,0.26374720022650344
0.5878587858785879,0.2637779535537176
0.587958795879588,0.2638087077933569
0.5880588058805881,0.2638394629434048
0.5881588158815881,0.2638702190012507
0.5882588258825883,0.2639009759634443
0.5883588358835884,0.2639317338285641
0.5884588458845885,0.2639624925934986
0.5885588558855885,0.2639932522561702
0.5886588658865887,0.2640240128150742
0.5887588758875888,0.2640547742673722
0.5888588858885889,0.26408553661187983
0.5889588958895889,0.26411629984684065
0.5890589058905891,0.2641470639702892
0.5891589158915892,0.2641778289814025
0.5892589258925893,0.26420859487836473
0.5893589358935893,0.2642393616601997
0.5894589458945895,0.2642701293260816
0.5895589558955896,0.2643008978746972
0.5896589658965897,0.2643316673056119
0.5897589758975897,0.26436243761805694
0.5898589858985899,0.26439320881146317
0.58995899589959,0.2644239808856087
0.5900590059005901,0.26445475384008216
0.5901590159015901,0.26448552767488837
0.5902590259025903,0.2645163023899671
0.5903590359035904,0.26454707798552823
0.5904590459045905,0.2645778544618238
0.5905590559055905,0.2646086318192103
0.5906590659065907,0.2646394100584076
0.5907590759075908,0.26467018917982205
0.5908590859085909,0.26470096918452424
0.590959095909591,0.2647317500734009
0.5910591059105911,0.2647625318472495
0.5911591159115912,0.2647933145077789
0.5912591259125913,0.2648240980558815
0.5913591359135913,0.26485488249317674
0.5914591459145915,0.26488566782160466
0.5915591559155916,0.26491645404221575
0.5916591659165917,0.2649472411570126
0.5917591759175918,0.2649780291660048
0.5918591859185919,0.2650088180693207
0.591959195919592,0.2650396078676053
0.592059205920592,0.26507039856129677
0.5921592159215922,0.26510119015124955
0.5922592259225923,0.2651319826386284
0.5923592359235924,0.26516277602413957
0.5924592459245924,0.26519357030963076
0.5925592559255926,0.2652243654963657
0.5926592659265927,0.2652551615857336
0.5927592759275928,0.2652859585802989
0.5928592859285928,0.26531675648131864
0.592959295929593,0.2653475552914663
0.5930593059305931,0.2653783550132985
0.5931593159315932,0.2654091556484975
0.5932593259325932,0.2654399572009573
0.5933593359335934,0.2654707596729179
0.5934593459345935,0.2655015630671651
0.5935593559355936,0.265532367388093
0.5936593659365936,0.26556317263777784
0.5937593759375938,0.26559397882082153
0.5938593859385939,0.2656247859410617
0.593959395939594,0.26565559400123545
0.594059405940594,0.2656864030072919
0.5941594159415942,0.265717212962389
0.5942594259425943,0.26574802387083263
0.5943594359435944,0.2657788357387618
0.5944594459445944,0.2658096485690906
0.5945594559455946,0.26584046236843173
0.5946594659465947,0.26587127714181463
0.5947594759475948,0.2659020928931103
0.5948594859485948,0.2659329096303166
0.594959495949595,0.2659637273574679
0.5950595059505951,0.26599454608050677
0.5951595159515952,0.2660253658072303
0.5952595259525952,0.2660561865414221
0.5953595359535954,0.2660870082917656
0.5954595459545955,0.2661178310644136
0.5955595559555956,0.26614865486444667
0.5956595659565956,0.2661794797018961
0.5957595759575958,0.2662103055816446
0.5958595859585959,0.2662411325113785
0.595959595959596,0.26627196050047036
0.596059605960596,0.26630278955361303
0.5961596159615962,0.26633361968160274
0.5962596259625963,0.2663644508916656
0.5963596359635964,0.26639528319016215
0.5964596459645964,0.2664261165891367
0.5965596559655966,0.26645695109430556
0.5966596659665967,0.2664877867151928
0.5967596759675968,0.26651862346267274
0.5968596859685968,0.2665494613423915
0.596959695969597,0.26658030036728547
0.5970597059705971,0.26661114054562285
0.5971597159715972,0.2666419818851053
0.5972597259725972,0.26667282439977025
0.5973597359735974,0.2667036680961639
0.5974597459745975,0.2667345129857251
0.5975597559755976,0.26676535908077265
0.5976597659765976,0.26679620638794865
0.5977597759775978,0.2668270549221523
0.5978597859785979,0.2668579046933906
0.597959795979598,0.26688875571089055
0.598059805980598,0.26691960799586645
0.5981598159815982,0.2669504615575593
0.5982598259825983,0.2669813164128705
0.5983598359835984,0.2670121725780984
0.5984598459845984,0.2670430300623652
0.5985598559855986,0.2670738888855046
0.5986598659865987,0.26710474905875764
0.5987598759875988,0.2671356105937839
0.5988598859885989,0.26716647350947687
0.598959895989599,0.2671973378142178
0.5990599059905991,0.2672282035236585
0.5991599159915992,0.2672590706523352
0.5992599259925993,0.26728993920866567
0.5993599359935994,0.26732080921070356
0.5994599459945995,0.2673516806684875
0.5995599559955995,0.2673825535927547
0.5996599659965997,0.2674134280004745
0.5997599759975998,0.2674443038991837
0.5998599859985999,0.2674751813031749
0.5999599959995999,0.26750606022533874
0.6000600060006,0.2675369406733407
0.6001600160016002,0.2675678226634064
0.6002600260026003,0.2675987062044419
0.6003600360036003,0.26762959130617653
0.6004600460046005,0.26766047798368636
0.6005600560056006,0.26769136624368806
0.6006600660066007,0.267722256099004
0.6007600760076007,0.26775314756097335
0.6008600860086009,0.26778404063646305
0.600960096009601,0.2678149353398337
0.6010601060106011,0.2678458316789111
0.6011601160116011,0.2678767296623419
0.6012601260126013,0.267907629303336
0.6013601360136014,0.26793853060780254
0.6014601460146015,0.2679694335870051
0.6015601560156015,0.26800033825080194
0.6016601660166017,0.2680312446052204
0.6017601760176018,0.26806215266272665
0.6018601860186019,0.2680930624301025
0.6019601960196019,0.2681239739148507
0.6020602060206021,0.2681548871283331
0.6021602160216022,0.268185802075656
0.6022602260226023,0.26821671876645725
0.6023602360236023,0.26824763720916023
0.6024602460246025,0.26827855740891965
0.6025602560256026,0.2683094793762834
0.6026602660266027,0.268340403117007
0.6027602760276027,0.26837132863738733
0.6028602860286029,0.26840225594688605
0.602960296029603,0.2684331850503808
0.6030603060306031,0.2684641159572956
0.6031603160316031,0.2684950486762184
0.6032603260326033,0.2685259832122818
0.6033603360336034,0.2685569195757225
0.6034603460346035,0.26858785777198146
0.6035603560356035,0.2686187978069862
0.6036603660366037,0.2686497396893637
0.6037603760376038,0.2686806834229314
0.6038603860386039,0.2687116290145695
0.6039603960396039,0.2687425764701136
0.6040604060406041,0.26877352579306524
0.6041604160416042,0.2688044769901487
0.6042604260426043,0.26883543006487676
0.6043604360436043,0.2688663850210179
0.6044604460446045,0.2688973418637895
0.6045604560456046,0.268928300595474
0.6046604660466047,0.2689592612199754
0.6047604760476047,0.26899022374041215
0.6048604860486049,0.26902118815865617
0.604960496049605,0.26905215447791586
0.6050605060506051,0.2690831226996956
0.6051605160516051,0.26911409282564636
0.6052605260526053,0.269145064857512
0.6053605360536054,0.2691760387959805
0.6054605460546055,0.26920701464206953
0.6055605560556055,0.2692379923960351
0.6056605660566057,0.26926897205813577
0.6057605760576058,0.26929995362808434
0.6058605860586059,0.2693309371052558
0.605960596059606,0.2693619224892571
0.6060606060606061,0.26939290977828456
0.6061606160616062,0.269423898971347
0.6062606260626063,0.26945489006671886
0.6063606360636064,0.2694858830616007
0.6064606460646065,0.269516877954659
0.6065606560656066,0.26954787474216685
0.6066606660666067,0.26957887342120196
0.6067606760676068,0.2696098739894274
0.6068606860686069,0.2696408764414209
0.606960696069607,0.2696718807743973
0.607060706070607,0.2697028869840751
0.6071607160716072,0.2697338950643763
0.6072607260726073,0.2697649050123845
0.6073607360736074,0.269795916821042
0.6074607460746074,0.26982693048490725
0.6075607560756076,0.26985794599981777
0.6076607660766077,0.2698889633566828
0.6077607760776078,0.26991998255077015
0.6078607860786078,0.2699510035754631
0.607960796079608,0.2699820264211719
0.6080608060806081,0.2700130510833781
0.6081608160816082,0.2700440775518722
0.6082608260826082,0.27007510581840954
0.6083608360836084,0.2701061358771287
0.6084608460846085,0.2701371677152614
0.6085608560856086,0.27016820132592895
0.6086608660866086,0.27019923670042256
0.6087608760876088,0.27023027382542053
0.6088608860886089,0.27026131269473164
0.608960896089609,0.2702923532952673
0.609060906090609,0.2703233956156239
0.6091609160916092,0.2703544396483639
0.6092609260926093,0.2703854853770977
0.6093609360936094,0.27041653279254363
0.6094609460946094,0.27044758188415313
0.6095609560956096,0.27047863263442806
0.6096609660966097,0.2705096850360931
0.6097609760976098,0.2705407390746628
0.6098609860986098,0.2705717947415673
0.60996099609961,0.2706028520312329
0.6100610061006101,0.27063391093167666
0.6101610161016102,0.27066497143603174
0.6102610261026102,0.27069603353724137
0.6103610361036104,0.2707270972234741
0.6104610461046105,0.2707581624893467
0.6105610561056106,0.2707892293253852
0.6106610661066106,0.27082029772176447
0.6107610761076108,0.27085136767324053
0.6108610861086109,0.2708824391682466
0.610961096109611,0.27091351219956195
0.611061106110611,0.2709445867606642
0.6111611161116112,0.2709756628397339
0.6112611261126113,0.27100674043121
0.6113611361136114,0.2710378195264234
0.6114611461146114,0.27106890011509277
0.6115611561156116,0.27109998219218223
0.6116611661166117,0.27113106574667045
0.6117611761176118,0.2711621507709173
0.6118611861186118,0.2711932372588993
0.611961196119612,0.27122432519891304
0.6120612061206121,0.2712554145851606
0.6121612161216122,0.2712865054097455
0.6122612261226122,0.2713175976620257
0.6123612361236124,0.2713486913370667
0.6124612461246125,0.2713797864245212
0.6125612561256126,0.27141088291626025
0.6126612661266126,0.27144198080671206
0.6127612761276128,0.2714730800844105
0.6128612861286129,0.27150418074325583
0.612961296129613,0.27153528277607925
0.613061306130613,0.27156638617199286
0.6131613161316132,0.27159749092604096
0.6132613261326133,0.27162859702869147
0.6133613361336134,0.2716597044712528
0.6134613461346134,0.2716908132485482
0.6135613561356136,0.27172192334948475
0.6136613661366137,0.2717530347675905
0.6137613761376138,0.2717841474963682
0.6138613861386139,0.27181526152481733
0.613961396139614,0.2718463768478319
0.6140614061406141,0.2718774934567847
0.6141614161416142,0.2719086113425104
0.6142614261426143,0.2719397305002968
0.6143614361436144,0.2719708509202415
0.6144614461446145,0.2720019725962067
0.6145614561456145,0.27203309552288324
0.6146614661466147,0.2720642196908729
0.6147614761476148,0.27209534509582173
0.6148614861486149,0.27212647173137483
0.6149614961496149,0.2721575995899438
0.6150615061506151,0.2721887286679886
0.6151615161516152,0.2722198589581531
0.6152615261526153,0.27225099045530515
0.6153615361536153,0.27228212315569944
0.6154615461546155,0.27231325705223075
0.6155615561556156,0.2723443921414561
0.6156615661566157,0.2723755284190823
0.6157615761576157,0.27240666587930124
0.6158615861586159,0.272437804519586
0.615961596159616,0.272468944335047
0.6160616061606161,0.2725000853217884
0.6161616161616161,0.2725312274774323
0.6162616261626163,0.2725623707972648
0.6163616361636164,0.27259351527889375
0.6164616461646165,0.27262466091978904
0.6165616561656165,0.27265580771621656
0.6166616661666167,0.27268695566664486
0.6167616761676168,0.2727181047684369
0.6168616861686169,0.2727492550192402
0.6169616961696169,0.27278040641788676
0.6170617061706171,0.2728115589620442
0.6171617161716172,0.2728427126505764
0.6172617261726173,0.2728738674824542
0.6173617361736173,0.2729050234562133
0.6174617461746175,0.2729361805714165
0.6175617561756176,0.2729673388273284
0.6176617661766177,0.27299849822352723
0.6177617761776177,0.273029658759948
0.6178617861786179,0.273060820436504
0.617961796179618,0.2730919832535943
0.6180618061806181,0.27312314721147546
0.6181618161816181,0.2731543123110318
0.6182618261826183,0.2731854785530959
0.6183618361836184,0.2732166459385039
0.6184618461846185,0.2732478144690655
0.6185618561856185,0.2732789841458316
0.6186618661866187,0.27331015497067934
0.6187618761876188,0.2733413269459066
0.6188618861886189,0.27337250007289776
0.6189618961896189,0.27340367435482665
0.6190619061906191,0.27343484979405197
0.6191619161916192,0.27346602639270406
0.6192619261926193,0.27349720415499595
0.6193619361936193,0.27352838308323907
0.6194619461946195,0.27355956318087493
0.6195619561956196,0.2735907444525097
0.6196619661966197,0.2736219269005824
0.6197619761976197,0.27365311053033836
0.6198619861986199,0.27368429534601024
0.61996199619962,0.2737154813508094
0.6200620062006201,0.2737466685513733
0.6201620162016201,0.27377785695150686
0.6202620262026203,0.2738090465558738
0.6203620362036204,0.2738402373716586
0.6204620462046205,0.273871429402443
0.6205620562056205,0.2739026226551452
0.6206620662066207,0.27393381713632214
0.6207620762076208,0.2739650128501288
0.6208620862086209,0.27399620980547496
0.620962096209621,0.27402740800799086
0.6210621062106211,0.27405860746329314
0.6211621162116212,0.27408980818124784
0.6212621262126213,0.2741210101668427
0.6213621362136214,0.2741522134281011
0.6214621462146215,0.27418341797443374
0.6215621562156216,0.27421462381090206
0.6216621662166217,0.2742458309483376
0.6217621762176218,0.27427703939464093
0.6218621862186219,0.2743082491561957
0.621962196219622,0.2743394602454627
0.622062206220622,0.2743706726691714
0.6221622162216222,0.2744018864360719
0.6222622262226223,0.27443310155866657
0.6223622362236224,0.2744643180431286
0.6224622462246224,0.27449553590163395
0.6225622562256226,0.274526755144927
0.6226622662266227,0.2745579757800698
0.6227622762276228,0.2745891978218121
0.6228622862286228,0.27462042127906877
0.622962296229623,0.2746516461610826
0.6230623062306231,0.2746828724834234
0.6231623162316232,0.27471410025382437
0.6232623262326232,0.2747453294850031
0.6233623362336234,0.27477656019123353
0.6234623462346235,0.2748077923802915
0.6235623562356236,0.27483902606865884
0.6236623662366236,0.274870261268022
0.6237623762376238,0.2749014979879904
0.6238623862386239,0.274932736246918
0.623962396239624,0.2749639760546413
0.624062406240624,0.27499521742354455
0.6241624162416242,0.27502646037473316
0.6242624262426243,0.2750577049185339
0.6243624362436244,0.2750889510756003
0.6244624462446244,0.2751201988631151
0.6245624562456246,0.2751514482923953
0.6246624662466247,0.2751826993861593
0.6247624762476248,0.2752139521575917
0.6248624862486248,0.2752452066203608
0.624962496249625,0.27527646279655543
0.6250625062506251,0.27530772069688464
0.6251625162516252,0.2753389803386172
0.6252625262526252,0.2753702417405347
0.6253625362536254,0.2754015049121968
0.6254625462546255,0.2754327698714194
0.6255625562556256,0.27546403662990465
0.6256625662566256,0.275495305197215
0.6257625762576258,0.2755265755907401
0.6258625862586259,0.27555784781945514
0.625962596259626,0.275589121894732
0.626062606260626,0.2756203978319665
0.6261626162616262,0.2756516756385675
0.6262626262626263,0.27568295532822884
0.6263626362636264,0.2757142369127654
0.6264626462646264,0.27574552039964
0.6265626562656266,0.2757768058035234
0.6266626662666267,0.27580809313311505
0.6267626762676268,0.27583938239691086
0.6268626862686268,0.27587067360870576
0.626962696269627,0.27590196677524537
0.6270627062706271,0.27593326190655665
0.6271627162716272,0.2759645590140796
0.6272627262726272,0.275995858103704
0.6273627362736274,0.2760271591869265
0.6274627462746275,0.2760584622720988
0.6275627562756276,0.276089767365465
0.6276627662766276,0.27612107447847767
0.6277627762776278,0.27615238361730365
0.6278627862786279,0.27618369478901833
0.627962796279628,0.27621500800371174
0.628062806280628,0.27624632326625564
0.6281628162816282,0.27627764058479687
0.6282628262826283,0.27630895996710664
0.6283628362836284,0.2763402814176827
0.6284628462846285,0.27637160494516483
0.6285628562856286,0.2764029305550482
0.6286628662866287,0.27643425825212187
0.6287628762876288,0.2764655880443492
0.6288628862886289,0.2764969199357609
0.628962896289629,0.2765282539316104
0.6290629062906291,0.2765595900383683
0.6291629162916292,0.2765909282592471
0.6292629262926293,0.2766222685999287
0.6293629362936294,0.27665361106495956
0.6294629462946295,0.2766849556573667
0.6295629562956296,0.276716302382529
0.6296629662966297,0.2767476512435068
0.6297629762976298,0.27677900224335533
0.6298629862986299,0.27681035538646054
0.6299629962996299,0.2768417106749653
0.6300630063006301,0.2768730681118946
0.6301630163016302,0.2769044277002946
0.6302630263026303,0.27693578944180386
0.6303630363036303,0.27696715333913935
0.6304630463046305,0.27699851939404985
0.6305630563056306,0.27702988760791947
0.6306630663066307,0.27706125798264086
0.6307630763076307,0.2770926305191143
0.6308630863086309,0.27712400521838176
0.630963096309631,0.2771553820812695
0.6310631063106311,0.2771867611081697
0.6311631163116311,0.2772181422995097
0.6312631263126313,0.27724952565513816
0.6313631363136314,0.27728091117509435
0.6314631463146315,0.2773122988588137
0.6315631563156315,0.27734368870552434
0.6316631663166317,0.27737508071479416
0.6317631763176318,0.27740647488491704
0.6318631863186319,0.2774378712147921
0.6319631963196319,0.27746926970320424
0.6320632063206321,0.2775006703474788
0.6321632163216322,0.2775320731463143
0.6322632263226323,0.2775634780972444
0.6323632363236323,0.27759488519711506
0.6324632463246325,0.2776262944442914
0.6325632563256326,0.2776577058347399
0.6326632663266327,0.27768911936532203
0.6327632763276327,0.2777205350336429
0.6328632863286329,0.2777519528343451
0.632963296329633,0.27778337276439713
0.6330633063306331,0.2778147948201467
0.6331633163316331,0.2778462189954655
0.6332633263326333,0.2778776452873632
0.6333633363336334,0.2779090736902821
0.6334633463346335,0.27794050419818117
0.6335633563356335,0.2779719368076722
0.6336633663366337,0.27800337151115245
0.6337633763376338,0.27803480830316973
0.6338633863386339,0.27806624717926964
0.6339633963396339,0.2780976881304101
0.6340634063406341,0.27812913115163274
0.6341634163416342,0.27816057623674917
0.6342634263426343,0.27819202337618126
0.6343634363436343,0.2782234725652176
0.6344634463446345,0.27825492379512917
0.6345634563456346,0.27828637705699216
0.6346634663466347,0.27831783234561397
0.6347634763476347,0.2783492896497812
0.6348634863486349,0.2783807489616973
0.634963496349635,0.27841221027480917
0.6350635063506351,0.2784436735763573
0.6351635163516351,0.2784751388594072
0.6352635263526353,0.278506606115222
0.6353635363536354,0.27853807533071984
0.6354635463546355,0.2785695464994165
0.6355635563556356,0.278601019609337
0.6356635663566357,0.27863249464873613
0.6357635763576358,0.278663971611305
0.6358635863586359,0.27869545048740646
0.635963596359636,0.2787269312714465
0.6360636063606361,0.27875841395853057
0.6361636163616362,0.2787898985396903
0.6362636263626363,0.27882138501034837
0.6363636363636364,0.2788528733645041
0.6364636463646365,0.2788843635951355
0.6365636563656366,0.2789158556994452
0.6366636663666367,0.2789473496728138
0.6367636763676368,0.27897884551082486
0.6368636863686369,0.2790103432109889
0.636963696369637,0.27904184276813865
0.6370637063706371,0.27907334417899005
0.6371637163716372,0.27910484744081515
0.6372637263726373,0.2791363525485756
0.6373637363736374,0.2791678594997676
0.6374637463746374,0.27919936829126785
0.6375637563756376,0.2792308789186289
0.6376637663766377,0.27926239137982534
0.6377637763776378,0.2792939056712321
0.6378637863786378,0.2793254217893532
0.637963796379638,0.27935693973230574
0.6380638063806381,0.2793884594961604
0.6381638163816382,0.2794199810783793
0.6382638263826382,0.2794515044769531
0.6383638363836384,0.27948302968809735
0.6384638463846385,0.2795145567099379
0.6385638563856386,0.27954608554023735
0.6386638663866386,0.27957761617570515
0.6387638763876388,0.27960914861488667
0.6388638863886389,0.2796406828552622
0.638963896389639,0.2796722188942881
0.639063906390639,0.279703756730692
0.6391639163916392,0.27973529636179
0.6392639263926393,0.2797668377858177
0.6393639363936394,0.27979838100148113
0.6394639463946394,0.27982992600626655
0.6395639563956396,0.27986147279895685
0.6396639663966397,0.27989302137818206
0.6397639763976398,0.27992457174184554
0.6398639863986398,0.27995612388908514
0.63996399639964,0.2799876778184498
0.6400640064006401,0.28001923352841296
0.6401640164016402,0.2800507910183101
0.6402640264026402,0.28008235028668815
0.6403640364036404,0.2801139113326118
0.6404640464046405,0.2801454741554839
0.6405640564056406,0.2801770387540733
0.6406640664066406,0.2802086051278665
0.6407640764076408,0.28024017327632084
0.6408640864086409,0.2802717431985793
0.640964096409641,0.28030331489440685
0.641064106410641,0.28033488836335485
0.6411641164116412,0.2803664636050014
0.6412641264126413,0.2803980406192914
0.6413641364136414,0.2804296194059577
0.6414641464146414,0.2804611999649811
0.6415641564156416,0.2804927822964343
0.6416641664166417,0.2805243664003633
0.6417641764176418,0.28055595227703034
0.6418641864186418,0.28058753992666496
0.641964196419642,0.28061912934969147
0.6420642064206421,0.2806507205465552
0.6421642164216422,0.2806823135177227
0.6422642264226422,0.28071390826397336
0.6423642364236424,0.2807455047858813
0.6424642464246425,0.2807771030842737
0.6425642564256426,0.28080870316017514
0.6426642664266426,0.2808403050143009
0.6427642764276428,0.2808719086479353
0.6428642864286429,0.2809035140622222
0.642964296429643,0.28093512125810205
0.643064306430643,0.2809667302373008
0.6431643164316432,0.2809983410010248
0.6432643264326433,0.2810299535505566
0.6433643364336434,0.2810615678879643
0.6434643464346435,0.2810931840145019
0.6435643564356436,0.2811248019319529
0.6436643664366437,0.28115642164254484
0.6437643764376438,0.2811880431476244
0.6438643864386439,0.2812196664496217
0.643964396439644,0.28125129155071227
0.6440644064406441,0.28128291845248954
0.6441644164416442,0.28131454715796045
0.6442644264426443,0.2813461776692113
0.6443644364436444,0.28137780998823875
0.6444644464446445,0.2814094441184582
0.6445644564456446,0.28144108006188767
0.6446644664466447,0.2814727178211172
0.6447644764476448,0.28150435739972207
0.6448644864486449,0.28153599879971514
0.6449644964496449,0.28156764202450424
0.6450645064506451,0.28159928707750154
0.6451645164516452,0.2816309339609129
0.6452645264526453,0.281662582678939
0.6453645364536453,0.28169423323471565
0.6454645464546455,0.2817258856308634
0.6455645564556456,0.28175753987214675
0.6456645664566457,0.2817891959614778
0.6457645764576457,0.28182085390211054
0.6458645864586459,0.28185251369906517
0.645964596459646,0.28188417535512306
0.6460646064606461,0.2819158388744276
0.6461646164616461,0.28194750426187115
0.6462646264626463,0.2819791715202733
0.6463646364636464,0.28201084065484444
0.6464646464646465,0.28204251167000666
0.6465646564656465,0.2820741845689412
0.6466646664666467,0.28210585935767457
0.6467646764676468,0.2821375360402068
0.6468646864686469,0.282169214620335
0.6469646964696469,0.2822008951045427
0.6470647064706471,0.28223257749652736
0.6471647164716472,0.2822642618009807
0.6472647264726473,0.28229594802437086
0.6473647364736473,0.28232763617037093
0.6474647464746475,0.2823593262446884
0.6475647564756476,0.28239101825628266
0.6476647664766477,0.28242271221039433
0.6477647764776477,0.2824544081174337
0.6478647864786479,0.2824861059851
0.647964796479648,0.2825178058194949
0.6480648064806481,0.28254950763184933
0.6481648164816481,0.28258121142895287
0.6482648264826483,0.2826129172179848
0.6483648364836484,0.28264462501036136
0.6484648464846485,0.28267633481226495
0.6485648564856485,0.2827080466323724
0.6486648664866487,0.28273976048154054
0.6487648764876488,0.28277147636569494
0.6488648864886489,0.2828031942953883
0.648964896489649,0.2828349142801891
0.6490649064906491,0.2828666363263979
0.6491649164916492,0.28289836044601285
0.6492649264926493,0.28293008664736946
0.6493649364936493,0.2829618149376228
0.6494649464946495,0.2829935453295053
0.6495649564956496,0.283025277830432
0.6496649664966497,0.28305701244883913
0.6497649764976497,0.2830887491975341
0.6498649864986499,0.2831204880830133
0.64996499649965,0.2831522291151451
0.6500650065006501,0.28318397230320674
0.6501650165016502,0.28321571765252046
0.6502650265026503,0.28324746517257576
0.6503650365036504,0.2832792148711051
0.6504650465046505,0.2833109667535156
0.6505650565056506,0.28334272082961803
0.6506650665066507,0.28337447710572305
0.6507650765076508,0.2834062355875903
0.6508650865086509,0.2834379962847205
0.650965096509651,0.28346975920239775
0.6510651065106511,0.2835015243469121
0.6511651165116512,0.28353329172692743
0.6512651265126513,0.28356506134704623
0.6513651365136514,0.28359683321421647
0.6514651465146515,0.2836286073358389
0.6515651565156516,0.28366038371617774
0.6516651665166517,0.2836921623627697
0.6517651765176518,0.2837239432815725
0.6518651865186519,0.2837557264768919
0.651965196519652,0.28378751195633123
0.6520652065206521,0.2838192997247271
0.6521652165216522,0.28385108978658574
0.6522652265226523,0.2838828821491156
0.6523652365236524,0.28391467681634225
0.6524652465246524,0.28394647379307275
0.6525652565256526,0.2839782730857533
0.6526652665266527,0.28401007469786055
0.6527652765276528,0.2840418786345566
0.6528652865286528,0.2840736849012513
0.652965296529653,0.2841054935011186
0.6530653065306531,0.2841373044395901
0.6531653165316532,0.2841691177209524
0.6532653265326532,0.28420093334832747
0.6533653365336534,0.28423275132703635
0.6534653465346535,0.2842645716604949
0.6535653565356536,0.284296394351861
0.6536653665366536,0.2843282194060263
0.6537653765376538,0.2843600468257717
0.6538653865386539,0.2843918766143238
0.653965396539654,0.28442370877591744
0.654065406540654,0.28445554331288747
0.6541654165416542,0.2844873802285203
0.6542654265426543,0.28451921952625225
0.6543654365436544,0.2845510612081277
0.6544654465446544,0.2845829052774116
0.6545654565456546,0.28461475173671513
0.6546654665466547,0.2846466005879358
0.6547654765476548,0.2846784518340722
0.6548654865486548,0.28471030547709003
0.654965496549655,0.284742161518769
0.6550655065506551,0.284774019961648
0.6551655165516552,0.28480588080721714
0.6552655265526552,0.28483774405711554
0.6553655365536554,0.28486960971331193
0.6554655465546555,0.2849014777769485
0.6555655565556556,0.2849333482494621
0.6556655665566556,0.28496522113222067
0.6557655765576558,0.2849970964261058
0.6558655865586559,0.2850289741322504
0.655965596559656,0.2850608542514711
0.656065606560656,0.2850927367844354
0.6561656165616562,0.2851246217318321
0.6562656265626563,0.2851565090940544
0.6563656365636564,0.28518839887153385
0.6564656465646564,0.28522029106442537
0.6565656565656566,0.2852521856728134
0.6566656665666567,0.2852840826968257
0.6567656765676568,0.28531598213606996
0.6568656865686568,0.2853478839903974
0.656965696569657,0.2853797882595273
0.6570657065706571,0.2854116949425819
0.6571657165716572,0.28544360403921704
0.6572657265726572,0.28547551554860257
0.6573657365736574,0.28550742946950997
0.6574657465746575,0.2855393458013859
0.6575657565756576,0.28557126454271825
0.6576657665766577,0.28560318569208965
0.6577657765776578,0.28563510924865027
0.6578657865786579,0.2856670352101979
0.657965796579658,0.2856989635751993
0.658065806580658,0.28573089434240123
0.6581658165816582,0.28576282750897863
0.6582658265826583,0.2857947630733078
0.6583658365836584,0.28582670103353947
0.6584658465846585,0.2858586413867575
0.6585658565856586,0.2858905841317241
0.6586658665866587,0.28592252926660744
0.6587658765876588,0.28595447678882946
0.6588658865886589,0.2859864266971681
0.658965896589659,0.28601837898924637
0.6590659065906591,0.2860503336626381
0.6591659165916592,0.28608229071601815
0.6592659265926593,0.28611425014649183
0.6593659365936594,0.28614621195184686
0.6594659465946595,0.28617817613054447
0.6595659565956596,0.2862101426792869
0.6596659665966597,0.28624211159604135
0.6597659765976598,0.286274082878962
0.6598659865986599,0.2863060565244855
0.65996599659966,0.28633803253071266
0.6600660066006601,0.28637001089538644
0.6601660166016602,0.28640199161483665
0.6602660266026603,0.28643397468724124
0.6603660366036603,0.286465960109817
0.6604660466046605,0.28649794787896726
0.6605660566056606,0.2865299379928776
0.6606660666066607,0.2865619304481201
0.6607660766076607,0.2865939252413661
0.6608660866086609,0.2866259223706708
0.660966096609661,0.2866579218318417
0.6610661066106611,0.28668992362249796
0.6611661166116611,0.2867219277410061
0.6612661266126613,0.28675393418707223
0.6613661366136614,0.2867859429606555
0.6614661466146615,0.28681795406171273
0.6615661566156615,0.2868499674899583
0.6616661666166617,0.28688198324545783
0.6617661766176618,0.2869140013282101
0.6618661866186619,0.28694602173810463
0.6619661966196619,0.28697804447530895
0.6620662066206621,0.2870100695398852
0.6621662166216622,0.28704209693190363
0.6622662266226623,0.28707412665161347
0.6623662366236623,0.28710615869916406
0.6624662466246625,0.28713819307479604
0.6625662566256626,0.2871702297788266
0.6626662666266627,0.28720226881152894
0.6627662766276627,0.28723431017328244
0.6628662866286629,0.2872663538644746
0.662966296629663,0.2872983998855305
0.6630663066306631,0.2873304482369371
0.6631663166316631,0.2873624989191646
0.6632663266326633,0.2873945519328022
0.6633663366336634,0.2874266072784209
0.6634663466346635,0.2874586649565947
0.6635663566356635,0.2874907249680721
0.6636663666366637,0.2875227873134939
0.6637663766376638,0.28755485199356645
0.6638663866386639,0.287586919009177
0.663966396639664,0.2876189883610295
0.6640664066406641,0.2876510600499988
0.6641664166416642,0.28768313407707513
0.6642664266426643,0.2877152104430303
0.6643664366436643,0.2877472891489406
0.6644664466446645,0.2877793701958592
0.6645664566456646,0.2878114535846467
0.6646664666466647,0.2878435393165846
0.6647664766476648,0.28787562739277034
0.6648664866486649,0.28790771781417734
0.664966496649665,0.2879398105822802
0.6650665066506651,0.28797190569821085
0.6651665166516652,0.2880040031630856
0.6652665266526653,0.288036102978547
0.6653665366536654,0.28806820514575787
0.6654665466546655,0.28810030966601496
0.6655665566556656,0.2881324165410883
0.6656665666566657,0.2881645257721766
0.6657665766576658,0.28819663736080053
0.6658665866586659,0.2882287513088045
0.665966596659666,0.2882608676174342
0.6660666066606661,0.28829298628848443
0.6661666166616662,0.2883251073238071
0.6662666266626663,0.28835723072472824
0.6663666366636664,0.2883893564933276
0.6664666466646665,0.28842148463143136
0.6665666566656666,0.28845361514048523
0.6666666666666667,0.2884857480228251
0.6667666766676668,0.2885178832802511
0.6668666866686669,0.2885500209143656
0.666966696669667,0.2885821609277192
0.6670667066706671,0.2886143033220919
0.6671667166716672,0.2886464480992857
0.6672667266726673,0.2886785952620129
0.6673667366736674,0.28871074481204523
0.6674667466746675,0.28874289675143283
0.6675667566756676,0.28877505108298457
0.6676667666766677,0.2888072078084824
0.6677667766776678,0.28883936693027823
0.6678667866786678,0.28887152845120145
0.667966796679668,0.2889036923730683
0.6680668066806681,0.28893585869859184
0.6681668166816682,0.28896802743053424
0.6682668266826682,0.28900019857079706
0.6683668366836684,0.2890323721224559
0.6684668466846685,0.28906454808817106
0.6685668566856686,0.2890967264699831
0.6686668666866686,0.28912890727127993
0.6687668766876688,0.2891610904946315
0.6688668866886689,0.28919327614226353
0.668966896689669,0.28922546421781464
0.669066906690669,0.2892576547237988
0.6691669166916692,0.2892898476627309
0.6692669266926693,0.2893220430382011
0.6693669366936694,0.2893542408503609
0.6694669466946694,0.28938644109932576
0.6695669566956696,0.289418643784738
0.6696669666966697,0.28945084890670425
0.6697669766976698,0.2894830564652047
0.6698669866986698,0.28951526646022624
0.66996699669967,0.2895474788920021
0.6700670067006701,0.2895796937606571
0.6701670167016702,0.28961191106642337
0.6702670267026702,0.2896441308096472
0.6703670367036704,0.2896763529906371
0.6704670467046705,0.2897085776098386
0.6705670567056706,0.28974080466770913
0.6706670667066706,0.2897730341647788
0.6707670767076708,0.289805266101668
0.6708670867086709,0.28983750047895573
0.670967096709671,0.28986973729741644
0.671067106710671,0.2899019765578146
0.6711671167116712,0.2899342182608693
0.6712671267126713,0.28996646240760565
0.6713671367136714,0.2899987089989096
0.6714671467146714,0.29003095803566614
0.6715671567156716,0.29006320951914305
0.6716671667166717,0.2900954634503327
0.6717671767176718,0.29012771983031704
0.6718671867186718,0.29015997866057036
0.671967196719672,0.2901922399422615
0.6720672067206721,0.2902245036768355
0.6721672167216722,0.29025676986618515
0.6722672267226723,0.29028903851160665
0.6723672367236724,0.2903213096148637
0.6724672467246725,0.2903535831779052
0.6725672567256726,0.2903858592021082
0.6726672667266727,0.2904181376895239
0.6727672767276728,0.2904504186421267
0.6728672867286729,0.2904827020614044
0.672967296729673,0.2905149879496891
0.673067306730673,0.2905472763089695
0.6731673167316732,0.29057956714086935
0.6732673267326733,0.2906118604479828
0.6733673367336734,0.29064415623230944
0.6734673467346735,0.2906764544956377
0.6735673567356736,0.2907087552407955
0.6736673667366737,0.2907410584697945
0.6737673767376738,0.29077336418462113
0.6738673867386739,0.29080567238830035
0.673967396739674,0.2908379830828616
0.6740674067406741,0.2908702962705261
0.6741674167416742,0.29090261195447087
0.6742674267426743,0.29093493013675337
0.6743674367436744,0.2909672508198697
0.6744674467446745,0.29099957400709664
0.6745674567456746,0.29103189970053395
0.6746674667466747,0.291064227902997
0.6747674767476748,0.2910965586178012
0.6748674867486749,0.29112889184710733
0.674967496749675,0.29116122759409785
0.6750675067506751,0.29119356586205863
0.6751675167516752,0.2912259066532468
0.6752675267526753,0.2912582499712234
0.6753675367536753,0.2912905958192099
0.6754675467546755,0.2913229441996013
0.6755675567556756,0.2913552951163044
0.6756675667566757,0.2913876485724817
0.6757675767576757,0.2914200045706984
0.6758675867586759,0.29145236311516803
0.675967596759676,0.29148472420900245
0.6760676067606761,0.29151708785497343
0.6761676167616761,0.2915494540575549
0.6762676267626763,0.2915818228198208
0.6763676367636764,0.2916141941447875
0.6764676467646765,0.2916465680371379
0.6765676567656765,0.29167894449992304
0.6766676667666767,0.29171132353644547
0.6767676767676768,0.2917437051515388
0.6768676867686769,0.29177608934825067
0.6769676967696769,0.29180847613021305
0.6770677067706771,0.2918408655023472
0.6771677167716772,0.29187325746771897
0.6772677267726773,0.2919056520303363
0.6773677367736773,0.2919380491951388
0.6774677467746775,0.2919704489652353
0.6775677567756776,0.2920028513450582
0.6776677667766777,0.29203525633949257
0.6777677767776777,0.29206766395171974
0.6778677867786779,0.29210007418663897
0.677967796779678,0.2921324870490105
0.6780678067806781,0.2921649025421419
0.6781678167816781,0.2921973206713733
0.6782678267826783,0.29222974144133607
0.6783678367836784,0.2922621648555035
0.6784678467846785,0.2922945909196102
0.6785678567856785,0.29232701963817326
0.6786678667866787,0.29235945101486754
0.6787678767876788,0.29239188505577146
0.6788678867886789,0.2924243217653051
0.678967896789679,0.29245676114738284
0.6790679067906791,0.2924892032083717
0.6791679167916792,0.29252164795261415
0.6792679267926793,0.2925540953843038
0.6793679367936794,0.29258654551003727
0.6794679467946795,0.29261899833410115
0.6795679567956796,0.2926514538610093
0.6796679667966797,0.2926839120975259
0.6797679767976798,0.2927163730479054
0.6798679867986799,0.29274883671702395
0.67996799679968,0.2927813031117968
0.6800680068006801,0.2928137722362856
0.6801680168016802,0.2928462440955519
0.6802680268026803,0.2928787186956823
0.6803680368036804,0.2929111960404203
0.6804680468046805,0.2929436761347543
0.6805680568056806,0.29297615898443463
0.6806680668066807,0.2930086445930584
0.6807680768076808,0.29304113296573336
0.6808680868086809,0.2930736241077991
0.680968096809681,0.2931061180227368
0.6810681068106811,0.2931386147157665
0.6811681168116812,0.29317111419179737
0.6812681268126813,0.29320361645423515
0.6813681368136814,0.29323612150835443
0.6814681468146815,0.29326862935866876
0.6815681568156816,0.29330114000852947
0.6816681668166817,0.2933336534632035
0.6817681768176818,0.2933661697268514
0.6818681868186819,0.29339868880278447
0.681968196819682,0.29343121069620676
0.6820682068206821,0.2934637354109652
0.6821682168216822,0.2934962629503407
0.6822682268226823,0.29352879331942733
0.6823682368236824,0.293561326521793
0.6824682468246825,0.2935938625606959
0.6825682568256826,0.29362640144105623
0.6826682668266827,0.29365894316628227
0.6827682768276828,0.29369148773967824
0.6828682868286828,0.2937240351665233
0.682968296829683,0.2937565854502348
0.6830683068306831,0.2937891385943617
0.6831683168316832,0.29382169460397467
0.6832683268326832,0.2938542534823102
0.6833683368336834,0.2938868152329405
0.6834683468346835,0.2939193798607351
0.6835683568356836,0.29395194736877245
0.6836683668366836,0.29398451776064877
0.6837683768376838,0.2940170910410107
0.6838683868386839,0.2940496672127983
0.683968396839684,0.29408224627962987
0.684068406840684,0.29411482824591234
0.6841684168416842,0.2941474131144642
0.6842684268426843,0.29418000088892265
0.6843684368436844,0.29421259157344143
0.6844684468446844,0.2942451851707319
0.6845684568456846,0.29427778168444535
0.6846684668466847,0.2943103811184735
0.6847684768476848,0.29434298347543275
0.6848684868486848,0.29437558875898134
0.684968496849685,0.2944081969727438
0.6850685068506851,0.29444080811925466
0.6851685168516852,0.29447342220216244
0.6852685268526852,0.2945060392248307
0.6853685368536854,0.29453865918972494
0.6854685468546855,0.29457128210045336
0.6855685568556856,0.2946039079601408
0.6856685668566856,0.2946365367711882
0.6857685768576858,0.29466916853713654
0.6858685868586859,0.29470180326089235
0.685968596859686,0.2947344409447952
0.686068606860686,0.2947670815922952
0.6861686168616862,0.29479972520609926
0.6862686268626863,0.2948323717884871
0.6863686368636864,0.29486502134279796
0.6864686468646864,0.2948976738715553
0.6865686568656866,0.2949303293769798
0.6866686668666867,0.29496298786228203
0.6867686768676868,0.29499564932981737
0.6868686868686869,0.29502831378174643
0.686968696869687,0.295060981221137
0.6870687068706871,0.2950936516501894
0.6871687168716872,0.295126325071002
0.6872687268726873,0.2951590014864887
0.6873687368736874,0.2951916808987056
0.6874687468746875,0.29522436330968627
0.6875687568756876,0.2952570487221815
0.6876687668766877,0.29528973713811363
0.6877687768776878,0.29532242855944696
0.6878687868786879,0.2953551229887627
0.687968796879688,0.29538782042785794
0.688068806880688,0.2954205208786233
0.6881688168816882,0.2954532243434651
0.6882688268826883,0.29548593082406277
0.6883688368836884,0.29551864032222813
0.6884688468846885,0.2955513528401898
0.6885688568856886,0.29558406837951545
0.6886688668866887,0.2956167869419321
0.6887688768876888,0.2956495085294897
0.6888688868886889,0.2956822331436489
0.688968896889689,0.29571496078604564
0.6890689068906891,0.29574769145855123
0.6891689168916892,0.295780425162524
0.6892689268926893,0.2958131618995017
0.6893689368936894,0.2958459016711785
0.6894689468946895,0.2958786444788131
0.6895689568956896,0.29591139032383895
0.6896689668966897,0.2959441392077746
0.6897689768976898,0.2959768911317824
0.6898689868986899,0.2960096460971833
0.68996899689969,0.29604240410532484
0.6900690069006901,0.29607516515727367
0.6901690169016902,0.2961079292542314
0.6902690269026903,0.2961406963973785
0.6903690369036903,0.29617346658768723
0.6904690469046905,0.2962062398262324
0.6905690569056906,0.29623901611398323
0.6906690669066907,0.29627179545197224
0.6907690769076907,0.2963045778412061
0.6908690869086909,0.29633736328495275
0.690969096909691,0.2963701517853966
0.6910691069106911,0.29640294334557166
0.6911691169116911,0.2964357379685042
0.6912691269126913,0.2964685356564117
0.6913691369136914,0.296501336412329
0.6914691469146915,0.2965341402392067
0.6915691569156915,0.2965669471392481
0.6916691669166917,0.2965997571154998
0.6917691769176918,0.29663257017084166
0.6918691869186919,0.29666538630746375
0.6919691969196919,0.29669820552841863
0.6920692069206921,0.2967310278365201
0.6921692169216922,0.29676385323394566
0.6922692269226923,0.29679668172374823
0.6923692369236923,0.2968295133086797
0.6924692469246925,0.29686234799090544
0.6925692569256926,0.29689518577347424
0.6926692669266927,0.2969280266590802
0.6927692769276927,0.2969608706498764
0.6928692869286929,0.29699371774890304
0.692969296929693,0.2970265679588002
0.6930693069306931,0.29705942128170937
0.6931693169316931,0.2970922777206571
0.6932693269326933,0.2971251372782338
0.6933693369336934,0.2971579999565685
0.6934693469346935,0.29719086575867154
0.6935693569356935,0.2972237346870862
0.6936693669366937,0.2972566067439288
0.6937693769376938,0.29728948193219057
0.6938693869386939,0.2973223602543703
0.693969396939694,0.29735524171257127
0.6940694069406941,0.297388126309763
0.6941694169416942,0.29742101404840265
0.6942694269426943,0.29745390493057966
0.6943694369436944,0.2974867989592393
0.6944694469446945,0.2975196961367998
0.6945694569456946,0.29755259646533644
0.6946694669466947,0.29758549994776745
0.6947694769476948,0.29761840658647454
0.6948694869486949,0.2976513163835183
0.694969496949695,0.2976842293417884
0.6950695069506951,0.2977171454636319
0.6951695169516952,0.29775006475109367
0.6952695269526953,0.2977829872070334
0.6953695369536954,0.2978159128337653
0.6954695469546955,0.29784884163331754
0.6955695569556956,0.2978817736085187
0.6956695669566957,0.2979147087616518
0.6957695769576958,0.297947647094728
0.6958695869586959,0.29798058861054266
0.695969596959696,0.29801353331134983
0.6960696069606961,0.29804648119914234
0.6961696169616962,0.2980794322766815
0.6962696269626963,0.2981123865461935
0.6963696369636964,0.2981453440096525
0.6964696469646965,0.2981783046697847
0.6965696569656966,0.29821126852878965
0.6966696669666967,0.29824423558862184
0.6967696769676968,0.2982772058519714
0.6968696869686969,0.2983101793210129
0.696969696969697,0.29834315599768035
0.6970697069706971,0.29837613588462686
0.6971697169716972,0.2984091189840027
0.6972697269726973,0.29844210529772125
0.6973697369736974,0.29847509482839707
0.6974697469746975,0.29850808757815794
0.6975697569756976,0.2985410835488957
0.6976697669766977,0.29857408274318564
0.6977697769776978,0.29860708516313383
0.697869786978698,0.29864009081061005
0.697969796979698,0.2986730996881495
0.6980698069806981,0.2987061117978374
0.6981698169816982,0.2987391271415206
0.6982698269826982,0.29877214572169397
0.6983698369836984,0.29880516754042263
0.6984698469846985,0.29883819259953026
0.6985698569856986,0.2988712209014697
0.6986698669866986,0.2989042524482873
0.6987698769876988,0.29893728724178337
0.6988698869886989,0.2989703252843675
0.698969896989699,0.2990033665780681
0.699069906990699,0.2990364111246618
0.6991699169916992,0.2990694589265142
0.6992699269926993,0.2991025099856364
0.6993699369936994,0.299135564303781
0.6994699469946994,0.2991686218832688
0.6995699569956996,0.2992016827260941
0.6996699669966997,0.2992347468339854
0.6997699769976998,0.2992678142092176
0.6998699869986998,0.2993008848537689
0.6999699969997,0.29933395876934393
0.7000700070007001,0.2993670359581702
0.7001700170017002,0.29940011642221065
0.7002700270027002,0.299433200163146
0.7003700370037004,0.299466287183155
0.7004700470047005,0.2994993774841861
0.7005700570057006,0.2995324710678963
0.7006700670067006,0.29956556793641453
0.7007700770077008,0.299598668091675
0.7008700870087009,0.29963177153531145
0.700970097009701,0.2996648782694016
0.701070107010701,0.2996979882958654
0.7011701170117012,0.29973110161631467
0.7012701270127013,0.2997642182327198
0.7013701370137014,0.2997973381472984
0.7014701470147015,0.2998304613618781
0.7015701570157016,0.29986358787891404
0.7016701670167017,0.29989671770076576
0.7017701770177018,0.2999298508293263
0.7018701870187019,0.299962987267007
0.701970197019702,0.299996127016203
0.7020702070207021,0.30002927007881225
0.7021702170217022,0.3000624164572183
0.7022702270227023,0.30009556615385335
0.7023702370237024,0.30012871917062106
0.7024702470247025,0.3001618755098764
0.7025702570257026,0.3001950351740879
0.7026702670267027,0.30022819816516616
0.7027702770277028,0.3002613644854371
0.7028702870287029,0.30029453413740526
0.702970297029703,0.3003277071229892
0.7030703070307031,0.3003608834444851
0.7031703170317032,0.30039406310443256
0.7032703270327033,0.3004272461047597
0.7033703370337034,0.30046043244773335
0.7034703470347035,0.3004936221359259
0.7035703570357036,0.30052681517127705
0.7036703670367037,0.30056001155602446
0.7037703770377038,0.30059321129277106
0.7038703870387039,0.30062641438346976
0.703970397039704,0.3006596208303301
0.7040704070407041,0.3006928306359826
0.7041704170417042,0.30072604380239637
0.7042704270427043,0.30075926033175243
0.7043704370437044,0.30079248022670646
0.7044704470447045,0.30082570348924575
0.7045704570457046,0.300858930121524
0.7046704670467047,0.3008921601262185
0.7047704770477048,0.30092539350533737
0.7048704870487049,0.30095863026100855
0.704970497049705,0.3009918703959261
0.7050705070507051,0.30102511391212255
0.7051705170517052,0.30105836081170123
0.7052705270527053,0.3010916110973684
0.7053705370537054,0.301124864771184
0.7054705470547055,0.301158121835229
0.7055705570557056,0.30119138229221615
0.7056705670567057,0.30122464614423683
0.7057705770577057,0.3012579133933513
0.7058705870587059,0.30129118404227334
0.705970597059706,0.3013244580931291
0.7060706070607061,0.30135773554796064
0.7061706170617061,0.30139101640947635
0.7062706270627063,0.3014243006798415
0.7063706370637064,0.3014575883610827
0.7064706470647065,0.3014908794558955
0.7065706570657065,0.3015241739664889
0.7066706670667067,0.3015574718948773
0.7067706770677068,0.30159077324373496
0.7068706870687069,0.3016240780153201
0.7069706970697069,0.30165738621163807
0.7070707070707071,0.3016906978353334
0.7071707170717072,0.30172401288871864
0.7072707270727073,0.30175733137379385
0.7073707370737073,0.30179065329316473
0.7074707470747075,0.30182397864920324
0.7075707570757076,0.30185730744390865
0.7076707670767077,0.30189063967983765
0.7077707770777077,0.30192397535942783
0.7078707870787079,0.30195731448468216
0.707970797079708,0.3019906570580973
0.7080708070807081,0.30202400308218297
0.7081708170817081,0.3020573525589477
0.7082708270827083,0.30209070549082506
0.7083708370837084,0.3021240618803952
0.7084708470847085,0.30215742172967525
0.7085708570857085,0.30219078504103924
0.7086708670867087,0.30222415181712875
0.7087708770877088,0.30225752205997475
0.7088708870887089,0.3022908957718958
0.708970897089709,0.30232427295558495
0.7090709070907091,0.3023576536130931
0.7091709170917092,0.3023910377466878
0.7092709270927093,0.3024244253591033
0.7093709370937094,0.30245781645241615
0.7094709470947095,0.30249121102884763
0.7095709570957096,0.30252460909116174
0.7096709670967097,0.3025580106414678
0.7097709770977098,0.3025914156819459
0.7098709870987099,0.3026248242153774
0.70997099709971,0.30265823624391147
0.7100710071007101,0.30269165176969315
0.7101710171017102,0.302725070795507
0.7102710271027103,0.3027584933235503
0.7103710371037104,0.3027919193559389
0.7104710471047105,0.30282534889544716
0.7105710571057106,0.30285878194432747
0.7106710671067107,0.30289221850467396
0.7107710771077108,0.302925658579235
0.7108710871087109,0.3029591021703272
0.710971097109711,0.30299254928002967
0.7110711071107111,0.30302599991104867
0.7111711171117112,0.30305945406577445
0.7112711271127113,0.30309291174627867
0.7113711371137114,0.3031263729552081
0.7114711471147115,0.30315983769503607
0.7115711571157116,0.30319330596783584
0.7116711671167117,0.3032267777760837
0.7117711771177118,0.30326025312271865
0.7118711871187119,0.3032937320106239
0.711971197119712,0.3033272144440283
0.7120712071207121,0.30336070042742
0.7121712171217122,0.3033941899640673
0.7122712271227123,0.3034276830578642
0.7123712371237124,0.30346117971325937
0.7124712471247125,0.30349467993344187
0.7125712571257126,0.3035281837220316
0.7126712671267127,0.30356169108341025
0.7127712771277128,0.3035952020207031
0.712871287128713,0.30362871653728424
0.712971297129713,0.3036622346374237
0.7130713071307131,0.30369575632419665
0.7131713171317132,0.30372928160075835
0.7132713271327132,0.30376281047122616
0.7133713371337134,0.30379634293863667
0.7134713471347135,0.303829879005952
0.7135713571357136,0.30386341867709904
0.7136713671367136,0.3038969619550856
0.7137713771377138,0.3039305088427039
0.7138713871387139,0.3039640593436574
0.713971397139714,0.303997613460932
0.714071407140714,0.3040311711971715
0.7141714171417142,0.3040647325558281
0.7142714271427143,0.3040982975398698
0.7143714371437144,0.30413186615181076
0.7144714471447144,0.3041654383948291
0.7145714571457146,0.3041990142718764
0.7146714671467147,0.3042325937853513
0.7147714771477148,0.304266176938147
0.7148714871487148,0.30429976373319073
0.714971497149715,0.3043333541727689
0.7150715071507151,0.30436694825951544
0.7151715171517152,0.30440054599629157
0.7152715271527152,0.30443414738528246
0.7153715371537154,0.3044677524288929
0.7154715471547155,0.3045013611298752
0.7155715571557156,0.30453497349032377
0.7156715671567156,0.30456858951244087
0.7157715771577158,0.30460220919883363
0.7158715871587159,0.30463583255151233
0.715971597159716,0.30466945957250074
0.716071607160716,0.3047030902642312
0.7161716171617162,0.3047367246286332
0.7162716271627163,0.30477036266757185
0.7163716371637164,0.3048040043832832
0.7164716471647165,0.30483764977761457
0.7165716571657166,0.30487129885228864
0.7166716671667167,0.30490495160933184
0.7167716771677168,0.30493860805050405
0.7168716871687169,0.30497226817739775
0.716971697169717,0.30500593199182463
0.7170717071707171,0.30503959949544696
0.7171717171717172,0.30507327068973483
0.7172717271727173,0.30510694557629053
0.7173717371737174,0.3051406241566625
0.7174717471747175,0.30517430643219884
0.7175717571757176,0.30520799240431695
0.7176717671767177,0.3052416820744209
0.7177717771777178,0.3052753754437391
0.7178717871787179,0.3053090725135269
0.717971797179718,0.30534277328502013
0.7180718071807181,0.30537647775932586
0.7181718171817182,0.3054101859375548
0.7182718271827183,0.30544389782076187
0.7183718371837184,0.3054776134099254
0.7184718471847185,0.30551133270602393
0.7185718571857186,0.3055450557099289
0.7186718671867187,0.30557878242247727
0.7187718771877188,0.3056125128445221
0.7188718871887189,0.3056462469767608
0.718971897189719,0.3056799848198698
0.7190719071907191,0.3057137263745781
0.7191719171917192,0.30574747164143035
0.7192719271927193,0.3057812206209171
0.7193719371937194,0.3058149733136391
0.7194719471947195,0.30584872972001953
0.7195719571957196,0.3058824898403344
0.7196719671967197,0.30591625367505276
0.7197719771977198,0.305950021224496
0.7198719871987199,0.30598379248871466
0.71997199719972,0.30601756746803593
0.7200720072007201,0.30605134616268853
0.7201720172017202,0.3060851285725043
0.7202720272027203,0.3061189146976495
0.7203720372037205,0.30615270453826293
0.7204720472047205,0.30618649809397874
0.7205720572057206,0.3062202953647756
0.7206720672067207,0.30625409635069833
0.7207720772077207,0.30628790105121867
0.7208720872087209,0.306321709466094
0.720972097209721,0.3063555215952622
0.7210721072107211,0.3063893374380851
0.7211721172117211,0.3064231569940563
0.7212721272127213,0.3064569802629869
0.7213721372137214,0.3064908072441959
0.7214721472147215,0.3065246379368632
0.7215721572157215,0.3065584723406623
0.7216721672167217,0.30659231045490054
0.7217721772177218,0.3066261522784389
0.7218721872187219,0.30665999781079517
0.721972197219722,0.30669384705126684
0.7220722072207221,0.3067276999986259
0.7221722172217222,0.306761556650974
0.7222722272227223,0.3067954170062166
0.7223722372237223,0.30682928106010404
0.7224722472247225,0.3068631488102065
0.7225722572257226,0.3068970202543266
0.7226722672267227,0.3069308953888672
0.7227722772277227,0.3069647742114713
0.7228722872287229,0.30699865672032023
0.722972297229723,0.3070325429124429
0.7230723072307231,0.30706643278553375
0.7231723172317231,0.3071003263380863
0.7232723272327233,0.3071342235678256
0.7233723372337234,0.30716812447250313
0.7234723472347235,0.30720202905090954
0.7235723572357236,0.30723593730139026
0.7236723672367237,0.3072698492218876
0.7237723772377238,0.3073037648114522
0.7238723872387239,0.30733768406894846
0.723972397239724,0.3073716069926501
0.7240724072407241,0.3074055335818357
0.7241724172417242,0.3074394638358042
0.7242724272427243,0.30747339775326454
0.7243724372437244,0.30750733533370955
0.7244724472447245,0.30754127657680963
0.7245724572457246,0.3075752214819577
0.7246724672467247,0.30760917004799493
0.7247724772477248,0.3076431222738958
0.7248724872487249,0.30767707815697093
0.724972497249725,0.3077110376950728
0.7250725072507251,0.30774500088699736
0.7251725172517252,0.30777896773107105
0.7252725272527253,0.30781293822549066
0.7253725372537254,0.30784691236949585
0.7254725472547255,0.30788089016212866
0.7255725572557256,0.3079148716021121
0.7256725672567257,0.3079488566890984
0.7257725772577258,0.3079828454227343
0.7258725872587259,0.30801683780238603
0.725972597259726,0.30805083382812215
0.7260726072607261,0.30808483350011845
0.7261726172617262,0.3081188368184294
0.7262726272627263,0.3081528437835804
0.7263726372637264,0.3081868543962367
0.7264726472647265,0.3082208686571115
0.7265726572657266,0.3082548865672661
0.7266726672667267,0.3082889081278495
0.7267726772677268,0.30832293334013916
0.7268726872687269,0.30835696220583747
0.726972697269727,0.3083909947265856
0.7270727072707271,0.3084250309041416
0.7271727172717272,0.30845907074090334
0.7272727272727273,0.3084931142390431
0.7273727372737274,0.3085271614007557
0.7274727472747275,0.30856121222910826
0.7275727572757276,0.30859526672688425
0.7276727672767277,0.3086293248967131
0.7277727772777278,0.30866338674221905
0.727872787278728,0.30869745226692147
0.727972797279728,0.3087315214739252
0.7280728072807281,0.308765594367212
0.7281728172817282,0.3087996709512051
0.7282728272827282,0.308833751229514
0.7283728372837284,0.3088678352063599
0.7284728472847285,0.3089019228871106
0.7285728572857286,0.3089360142759432
0.7286728672867286,0.30897010937732006
0.7287728772877288,0.3090042081974272
0.7288728872887289,0.30903831074114396
0.728972897289729,0.3090724170132242
0.729072907290729,0.3091065270204474
0.7291729172917292,0.30914064076858017
0.7292729272927293,0.30917475826276714
0.7293729372937294,0.30920887951005677
0.7294729472947294,0.30924300451733827
0.7295729572957296,0.3092771332902657
0.7296729672967297,0.3093112658358256
0.7297729772977298,0.30934540216221973
0.7298729872987298,0.3093795422756607
0.72997299729973,0.30941368618310117
0.7300730073007301,0.309447833893833
0.7301730173017302,0.3094819854148209
0.7302730273027302,0.30951614075310163
0.7303730373037304,0.30955029991868854
0.7304730473047305,0.3095844629195597
0.7305730573057306,0.309618629763011
0.7306730673067307,0.3096528004592933
0.7307730773077308,0.30968697501771836
0.7308730873087309,0.3097211534460611
0.730973097309731,0.30975533575424835
0.731073107310731,0.30978952195326426
0.7311731173117312,0.3098237120514415
0.7312731273127313,0.3098579060583467
0.7313731373137314,0.30989210398638906
0.7314731473147315,0.30992630584469344
0.7315731573157316,0.3099605116426734
0.7316731673167317,0.30999472139360945
0.7317731773177318,0.31002893510777724
0.7318731873187319,0.31006315279470814
0.731973197319732,0.3100973744678698
0.7320732073207321,0.310131600139114
0.7321732173217322,0.3101658298184181
0.7322732273227323,0.3102000635187323
0.7323732373237324,0.3102343012535732
0.7324732473247325,0.31026854303254026
0.7325732573257326,0.3103027888663358
0.7326732673267327,0.31033703876832636
0.7327732773277328,0.31037129274813713
0.7328732873287329,0.31040555081568094
0.732973297329733,0.31043981298449713
0.7330733073307331,0.3104740792648213
0.7331733173317332,0.3105083496661129
0.7332733273327333,0.31054262420134454
0.7333733373337334,0.31057690288172757
0.7334733473347335,0.3106111857166236
0.7335733573357336,0.31064547271774534
0.7336733673367337,0.31067976389760144
0.7337733773377338,0.31071405926556434
0.7338733873387339,0.3107483588321887
0.733973397339734,0.31078266261080073
0.7340734073407341,0.3108169706110696
0.7341734173417342,0.3108512828427763
0.7342734273427343,0.3108855993192966
0.7343734373437344,0.31091992005098007
0.7344734473447345,0.3109542450472241
0.7345734573457346,0.31098857432067445
0.7346734673467347,0.31102290788272235
0.7347734773477348,0.3110572457428139
0.7348734873487349,0.31109158791216274
0.734973497349735,0.3111259344062205
0.7350735073507351,0.31116028523617334
0.7351735173517352,0.31119464041428824
0.7352735273527353,0.31122899995619513
0.7353735373537355,0.3112633638731138
0.7354735473547355,0.3112977321759627
0.7355735573557356,0.31133210487944374
0.7356735673567357,0.3113664819951601
0.7357735773577359,0.3114008635332233
0.7358735873587359,0.3114352495065329
0.735973597359736,0.31146963992742716
0.7360736073607361,0.3115040348054669
0.7361736173617361,0.31153843415157345
0.7362736273627363,0.3115728379785397
0.7363736373637364,0.31160724629555997
0.7364736473647365,0.31164165911211406
0.7365736573657365,0.3116760764405253
0.7366736673667367,0.3117104982899954
0.7367736773677368,0.31174492466903164
0.7368736873687369,0.3117793555887038
0.736973697369737,0.31181379105852325
0.7370737073707371,0.3118482310863803
0.7371737173717372,0.31188267568157574
0.7372737273727373,0.31191712485403766
0.7373737373737373,0.31195157861112527
0.7374737473747375,0.3119860369607085
0.7375737573757376,0.3120204999124622
0.7376737673767377,0.312054967473482
0.7377737773777377,0.3120894396506203
0.7378737873787379,0.3121239164526336
0.737973797379738,0.31215839788659233
0.7380738073807381,0.3121928839586602
0.7381738173817382,0.3122273746761835
0.7382738273827383,0.31226187004635414
0.7383738373837384,0.31229637007475025
0.7384738473847385,0.3123308747674185
0.7385738573857386,0.31236538413130155
0.7386738673867387,0.31239989817153246
0.7387738773877388,0.3124344168931991
0.7388738873887389,0.3124689403024827
0.738973897389739,0.3125034684042287
0.7390739073907391,0.31253800120281633
0.7391739173917392,0.3125725387033363
0.7392739273927393,0.3126070809104113
0.7393739373937394,0.31264162782781374
0.7394739473947395,0.31267617945956694
0.7395739573957396,0.3127107358098777
0.7396739673967397,0.3127452968819607
0.7397739773977398,0.31277986267901936
0.7398739873987399,0.3128144332045248
0.73997399739974,0.31284900846119085
0.7400740074007401,0.31288358845155106
0.7401740174017402,0.3129181731782203
0.7402740274027403,0.31295276264336824
0.7403740374037404,0.3129873568489027
0.7404740474047405,0.31302195579667536
0.7405740574057406,0.31305655948815814
0.7406740674067407,0.3130911679246298
0.7407740774077408,0.3131257811073138
0.7408740874087409,0.31316039903689696
0.740974097409741,0.31319502171396557
0.7410741074107411,0.3132296491391427
0.7411741174117412,0.31326428131246187
0.7412741274127413,0.3132989182336427
0.7413741374137414,0.31333355990266604
0.7414741474147415,0.3133682063191394
0.7415741574157416,0.3134028574817605
0.7416741674167417,0.3134375133898157
0.7417741774177418,0.3134721740424939
0.7418741874187419,0.3135068394376536
0.741974197419742,0.3135415095736832
0.7420742074207421,0.31357618444923485
0.7421742174217422,0.3136108640617592
0.7422742274227423,0.31364554840842657
0.7423742374237424,0.31368023748720486
0.7424742474247426,0.3137149312955367
0.7425742574257426,0.313749629827918
0.7426742674267427,0.31378433308065606
0.7427742774277428,0.31381904105000713
0.742874287428743,0.3138537537301297
0.742974297429743,0.31388847111671186
0.7430743074307431,0.3139231932061387
0.7431743174317432,0.3139579199932897
0.7432743274327434,0.3139926514728387
0.7433743374337434,0.31402738764111005
0.7434743474347435,0.3140621284938264
0.7435743574357436,0.3140968740249326
0.7436743674367436,0.3141316242304543
0.7437743774377438,0.3141663791065515
0.7438743874387439,0.31420113864727084
0.743974397439744,0.3142359028479139
0.744074407440744,0.3142706717046774
0.7441744174417442,0.314305445212506
0.7442744274427443,0.31434022336560413
0.7443744374437444,0.3143750061600844
0.7444744474447444,0.3144097935916587
0.7445744574457446,0.31444458565400657
0.7446744674467447,0.31447938234281153
0.7447744774477448,0.3145141836541121
0.7448744874487448,0.3145489895819631
0.744974497449745,0.3145838001211417
0.7450745074507451,0.3146186152677021
0.7451745174517452,0.3146534350164658
0.7452745274527453,0.314688259364417
0.7453745374537454,0.3147230883103672
0.7454745474547455,0.31475792185321233
0.7455745574557456,0.3147927599911063
0.7456745674567457,0.3148276027232065
0.7457745774577458,0.31486245004898133
0.7458745874587459,0.3148973019674927
0.745974597459746,0.3149321584780994
0.746074607460746,0.31496701958079976
0.7461746174617462,0.3150018852755062
0.7462746274627463,0.3150367555619968
0.7463746374637464,0.3150716304407404
0.7464746474647465,0.3151065099122888
0.7465746574657466,0.31514139397709556
0.7466746674667467,0.3151762826360666
0.7467746774677468,0.3152111758903018
0.7468746874687469,0.3152460737409434
0.746974697469747,0.3152809761894266
0.7470747074707471,0.31531588323739396
0.7471747174717472,0.3153507948865448
0.7472747274727473,0.3153857111389592
0.7473747374737474,0.3154206319968582
0.7474747474747475,0.3154555574624674
0.7475747574757476,0.31549048753840087
0.7476747674767477,0.3155254222276112
0.7477747774777478,0.31556036153287986
0.7478747874787479,0.3155953054571916
0.747974797479748,0.3156302540043085
0.7480748074807481,0.3156652071776403
0.7481748174817482,0.3157001649805837
0.7482748274827483,0.3157351274174519
0.7483748374837484,0.3157700944925125
0.7484748474847485,0.3158050662097085
0.7485748574857486,0.3158400425734988
0.7486748674867487,0.31587502358925074
0.7487748774877488,0.31591000926151963
0.7488748874887489,0.3159449995949716
0.748974897489749,0.31597999459570986
0.7490749074907491,0.3160149942691963
0.7491749174917492,0.31604999862056166
0.7492749274927493,0.3160850076559558
0.7493749374937494,0.3161200213821855
0.7494749474947495,0.3161550398049698
0.7495749574957496,0.3161900629303786
0.7496749674967497,0.31622509076629346
0.7497749774977498,0.3162601233193186
0.7498749874987499,0.3162951605958043
0.74997499749975,0.3163302026038002
0.7500750075007501,0.31636524935135407
0.7501750175017502,0.3164003008454041
0.7502750275027503,0.3164353570935743
0.7503750375037505,0.31647041810544835
0.7504750475047505,0.3165054838887702
0.7505750575057506,0.3165405544511894
0.7506750675067507,0.316575629802716
0.7507750775077509,0.31661070995256557
0.7508750875087509,0.3166457949089282
0.750975097509751,0.31668088468113365
0.7510751075107511,0.31671597928035894
0.7511751175117511,0.31675107871551944
0.7512751275127513,0.31678618299565947
0.7513751375137514,0.3168212921327402
0.7514751475147515,0.3168564061371337
0.7515751575157515,0.3168915250183101
0.7516751675167517,0.3169266487874427
0.7517751775177518,0.3169617774571885
0.7518751875187519,0.3169969110376867
0.751975197519752,0.31703204953946845
0.7520752075207521,0.3170671929764113
0.7521752175217522,0.31710234136006393
0.7522752275227523,0.31713749470120484
0.7523752375237523,0.317172653012313
0.7524752475247525,0.3172078163109269
0.7525752575257526,0.31724298461496
0.7526752675267527,0.3172781579450183
0.7527752775277528,0.3173133363266384
0.7528752875287529,0.31734851977927214
0.752975297529753,0.3173837083210629
0.7530753075307531,0.3174189019742193
0.7531753175317532,0.31745410076006875
0.7532753275327533,0.3174893046956489
0.7533753375337534,0.31752451379903335
0.7534753475347535,0.3175597280923989
0.7535753575357536,0.3175949475924913
0.7536753675367537,0.31763017231517715
0.7537753775377538,0.3176654022799983
0.7538753875387539,0.3177006375049402
0.753975397539754,0.31773587800472625
0.7540754075407541,0.317771123795065
0.7541754175417542,0.317806374894735
0.7542754275427543,0.31784163131787724
0.7543754375437544,0.31787689307802647
0.7544754475447545,0.31791216019176943
0.7545754575457546,0.317947432673948
0.7546754675467547,0.31798271053691646
0.7547754775477548,0.31801799379385143
0.7548754875487549,0.31805328246010883
0.754975497549755,0.31808857654726636
0.7550755075507551,0.3181238760664585
0.7551755175517552,0.31815918103111973
0.7552755275527553,0.31819449145306183
0.7553755375537554,0.3182298073422123
0.7554755475547555,0.3182651287090781
0.7555755575557556,0.318300455565574
0.7556755675567557,0.318335787920714
0.7557755775577558,0.31837112578316146
0.755875587558756,0.318406469163071
0.755975597559756,0.31844181806926286
0.7560756075607561,0.31847717250917773
0.7561756175617562,0.31851253249055556
0.7562756275627563,0.3185478980218391
0.7563756375637564,0.31858326910963575
0.7564756475647565,0.31861864575959903
0.7565756575657566,0.3186540279761516
0.7566756675667567,0.3186894157539519
0.7567756775677568,0.3187248090896333
0.7568756875687569,0.3187602079791206
0.756975697569757,0.3187956124162385
0.7570757075707572,0.31883102239648603
0.7571757175717572,0.31886643791553676
0.7572757275727573,0.31890185896697787
0.7573757375737574,0.3189372855443147
0.7574757475747576,0.31897271764242274
0.7575757575757576,0.31900815525554244
0.7576757675767577,0.3190435983752158
0.7577757775777578,0.3190790469950907
0.757875787578758,0.31911450110914336
0.757975797579758,0.31914996070907087
0.7580758075807581,0.3191854257860797
0.7581758175817582,0.3192208963333259
0.7582758275827584,0.31925637234337784
0.7583758375837584,0.31929185380548586
0.7584758475847585,0.3193273407113151
0.7585758575857586,0.31936283305310026
0.7586758675867586,0.3193983308208008
0.7587758775877588,0.3194338340031302
0.7588758875887589,0.31946934259146925
0.758975897589759,0.3195048565767447
0.759075907590759,0.3195403759459653
0.7591759175917592,0.319575900688631
0.7592759275927593,0.31961143079519705
0.7593759375937594,0.31964696625402594
0.7594759475947594,0.31968250705119555
0.7595759575957596,0.3197180531762124
0.7596759675967597,0.3197536046183643
0.7597759775977598,0.31978916136256763
0.7598759875987598,0.3198247233959047
0.75997599759976,0.3198602907070145
0.7600760076007601,0.31989586328278596
0.7601760176017602,0.3199314411065975
0.7602760276027603,0.31996702416592293
0.7603760376037604,0.3200026124483634
0.7604760476047605,0.3200382059370229
0.7605760576057606,0.3200738046154239
0.7606760676067607,0.32010940847413266
0.7607760776077608,0.32014501750534524
0.7608760876087609,0.32018063170501293
0.760976097609761,0.3202162510702621
0.761076107610761,0.3202518755985743
0.7611761176117612,0.32028750528678585
0.7612761276127613,0.3203231401322886
0.7613761376137614,0.32035878013365693
0.7614761476147615,0.3203944252894913
0.7615761576157616,0.32043007559799525
0.7616761676167617,0.3204657310585964
0.7617761776177618,0.320501391671095
0.7618761876187619,0.3205370574352511
0.761976197619762,0.32057272835120243
0.7620762076207621,0.3206084044198517
0.7621762176217622,0.32064408564224
0.7622762276227623,0.3206797720196717
0.7623762376237624,0.3207154635540898
0.7624762476247625,0.32075116024766465
0.7625762576257626,0.32078686210281526
0.7626762676267627,0.3208225691227308
0.7627762776277628,0.32085828131074096
0.7628762876287629,0.3208939986702893
0.762976297629763,0.3209297212056139
0.7630763076307631,0.3209654489215183
0.7631763176317632,0.3210011818225953
0.7632763276327633,0.3210369199137281
0.7633763376337634,0.32107266320126815
0.7634763476347635,0.3211084116911972
0.7635763576357636,0.32114416538941093
0.7636763676367637,0.3211799243027186
0.7637763776377638,0.32121568843920495
0.7638763876387639,0.32125145780597225
0.763976397639764,0.32128723241029233
0.7640764076407641,0.3213230122614989
0.7641764176417642,0.3213587973686255
0.7642764276427643,0.32139458774007396
0.7643764376437644,0.3214303833849689
0.7644764476447645,0.3214661843148204
0.7645764576457647,0.3215019905394976
0.7646764676467647,0.3215378020687544
0.7647764776477648,0.3215736189143383
0.7648764876487649,0.3216094410889533
0.764976497649765,0.3216452686035665
0.7650765076507651,0.3216811014695387
0.7651765176517652,0.32171693970154513
0.7652765276527653,0.32175278331271107
0.7653765376537655,0.3217886323153848
0.7654765476547655,0.32182448672328906
0.7655765576557656,0.32186034655305623
0.7656765676567657,0.3218962118184968
0.7657765776577659,0.32193208253337025
0.7658765876587659,0.3219679587147226
0.765976597659766,0.3220038403797234
0.7660766076607661,0.322039727543353
0.7661766176617663,0.32207562022126796
0.7662766276627663,0.32211151843253866
0.7663766376637664,0.3221474222060542
0.7664766476647665,0.32218333156933493
0.7665766576657665,0.3222192465550993
0.7666766676667667,0.322255167199363
0.7667766776677668,0.3222910935301006
0.7668766876687669,0.32232702557479764
0.766976697669767,0.32236296336668147
0.7670767076707671,0.32239890693617185
0.7671767176717672,0.32243485630904123
0.7672767276727673,0.32247081151176743
0.7673767376737674,0.32250677257648547
0.7674767476747675,0.3225427395288794
0.7675767576757676,0.3225787123928439
0.7676767676767677,0.32261469119458186
0.7677767776777678,0.32265067596283714
0.7678767876787679,0.3226866667200533
0.767976797679768,0.3227226634882539
0.7680768076807681,0.32275866629362965
0.7681768176817682,0.322794675160093
0.7682768276827683,0.3228306901079173
0.7683768376837684,0.3228667111577464
0.7684768476847685,0.32290273833421707
0.7685768576857686,0.32293877165713897
0.7686768676867687,0.32297481114483156
0.7687768776877688,0.32301085681695374
0.7688768876887689,0.32304690869501534
0.768976897689769,0.3230829667958219
0.7690769076907691,0.32311903113571183
0.7691769176917692,0.3231551017334301
0.7692769276927693,0.32319117860644725
0.7693769376937694,0.3232272617693215
0.7694769476947695,0.32326335123661426
0.7695769576957696,0.3232994470252394
0.7696769676967697,0.32333554914901613
0.7697769776977698,0.3233716576204653
0.7698769876987699,0.3234077724525266
0.76997699769977,0.3234438936592441
0.7700770077007701,0.3234800212515829
0.7701770177017702,0.3235161552399964
0.7702770277027703,0.32355229563622867
0.7703770377037704,0.3235884424486131
0.7704770477047705,0.32362459567529583
0.7705770577057706,0.3236607553118971
0.7706770677067707,0.3236969213512166
0.7707770777077708,0.32373309378648524
0.770877087708771,0.32376927261168137
0.770977097709771,0.3238054578200892
0.7710771077107711,0.3238416494018019
0.7711771177117712,0.32387784734864267
0.7712771277127713,0.32391405165272585
0.7713771377137714,0.32395026230459256
0.7714771477147715,0.3239864792920213
0.7715771577157716,0.32402270260533045
0.7716771677167718,0.324058932234743
0.7717771777177718,0.3240951681674159
0.7718771877187719,0.3241314103896268
0.771977197719772,0.3241676588899426
0.7720772077207722,0.32420391365647505
0.7721772177217722,0.32424017467281985
0.7722772277227723,0.3242764419242371
0.7723772377237724,0.32431271539735546
0.7724772477247726,0.324348995077678
0.7725772577257726,0.32438528094579755
0.7726772677267727,0.3244215729858226
0.7727772777277728,0.32445787118241715
0.772877287728773,0.3244941755178782
0.772977297729773,0.3245304859705743
0.7730773077307731,0.3245668025232104
0.7731773177317732,0.32460312515845907
0.7732773277327734,0.32463945385472676
0.7733773377337734,0.3246757885891312
0.7734773477347735,0.3247121293426145
0.7735773577357736,0.32474847609565366
0.7736773677367738,0.32478482882254545
0.7737773777377738,0.32482118749975625
0.7738773877387739,0.32485755210619616
0.773977397739774,0.3248939226196222
0.774077407740774,0.32493029901090237
0.7741774177417742,0.3249666812556312
0.7742774277427743,0.32500306933065937
0.7743774377437744,0.32503946321043214
0.7744774477447744,0.32507586286183204
0.7745774577457746,0.325112268265804
0.7746774677467747,0.32514867940818337
0.7747774777477748,0.32518509628169373
0.7748774877487749,0.3252215188774265
0.774977497749775,0.3252579471890167
0.7750775077507751,0.32529438121034093
0.7751775177517752,0.32533082093401916
0.7752775277527753,0.32536726635361324
0.7753775377537754,0.32540371746432317
0.7754775477547755,0.3254401742614888
0.7755775577557756,0.32547663673934457
0.7756775677567757,0.32551310489370006
0.7757775777577758,0.3255495787212985
0.7758775877587759,0.32558605821894143
0.775977597759776,0.3256225433828079
0.7760776077607761,0.3256590342106842
0.7761776177617762,0.3256955307008782
0.7762776277627763,0.3257320328517221
0.7763776377637764,0.32576854066151417
0.7764776477647765,0.32580505412983163
0.7765776577657766,0.3258415732565678
0.7766776677667767,0.32587809804171586
0.7767776777677768,0.3259146284857311
0.7768776877687769,0.3259511645898714
0.776977697769777,0.32598770635563695
0.7770777077707771,0.32602425378486366
0.7771777177717772,0.32606080688008426
0.7772777277727773,0.32609736564419306
0.7773777377737774,0.32613393008032315
0.7774777477747775,0.326170500192363
0.7775777577757776,0.3262070759847588
0.7776777677767777,0.32624365746204875
0.7777777777777778,0.32628024462906063
0.7778777877787779,0.3263168374918749
0.777977797779778,0.3263534360567088
0.7780778077807781,0.32639004032976626
0.7781778177817782,0.3264266503176715
0.7782778277827783,0.3264632660287418
0.7783778377837784,0.3264998874708783
0.7784778477847785,0.3265365146519726
0.7785778577857786,0.3265731475805798
0.7786778677867787,0.3266097862672201
0.7787778777877788,0.3266464307214381
0.7788778877887789,0.3266830809528347
0.778977897789779,0.3267197369720568
0.7790779077907791,0.3267563987917293
0.7791779177917793,0.32679306642303885
0.7792779277927793,0.32682973987731895
0.7793779377937794,0.326866419167487
0.7794779477947795,0.3269031043081232
0.7795779577957797,0.32693979531208933
0.7796779677967797,0.32697649219247377
0.7797779777977798,0.32701319496465625
0.7798779877987799,0.32704990364498593
0.77997799779978,0.327086618248058
0.7800780078007801,0.327123338788758
0.7801780178017802,0.32716006528507
0.7802780278027803,0.3271967977549559
0.7803780378037805,0.3272335362148061
0.7804780478047805,0.32727028068139297
0.7805780578057806,0.3273070311753015
0.7806780678067807,0.32734378771608413
0.7807780778077809,0.32738055032195273
0.7808780878087809,0.3274173190116686
0.780978097809781,0.32745409380837653
0.7810781078107811,0.32749087473320826
0.7811781178117813,0.327527661806011
0.7812781278127813,0.32756445504749837
0.7813781378137814,0.32760125449847477
0.7814781478147815,0.32763806020087005
0.7815781578157815,0.32767487219313696
0.7816781678167817,0.3277116905146241
0.7817781778177818,0.32774851521125886
0.7818781878187819,0.3277853463207909
0.781978197819782,0.3278221838789916
0.7820782078207821,0.327859027922932
0.7821782178217822,0.32789587849507423
0.7822782278227823,0.3279327356299948
0.7823782378237824,0.32796959936084047
0.7824782478247825,0.32800646972229736
0.7825782578257826,0.32804334675323993
0.7826782678267827,0.3280802304852077
0.7827782778277828,0.3281171209486871
0.7828782878287829,0.3281540181758518
0.782978297829783,0.32819092220192664
0.7830783078307831,0.328227833055505
0.7831783178317832,0.32826475076437595
0.7832783278327833,0.32830167535805893
0.7833783378337834,0.32833860686811345
0.7834783478347835,0.3283755453202403
0.7835783578357836,0.32841249073949125
0.7836783678367837,0.3284494431525868
0.7837783778377838,0.3284864025874342
0.7838783878387839,0.32852336906686486
0.783978397839784,0.3285603426131519
0.7840784078407841,0.32859732325007535
0.7841784178417842,0.3286343110019191
0.7842784278427843,0.3286713058886447
0.7843784378437844,0.32870830792970473
0.7844784478447845,0.328745317145806
0.7845784578457846,0.3287823335576413
0.7846784678467847,0.32881935718228505
0.7847784778477848,0.3288563880363256
0.7848784878487849,0.32889342613727995
0.784978497849785,0.3289304715022743
0.7850785078507851,0.32896752414546754
0.7851785178517852,0.3290045840805393
0.7852785278527853,0.32904165132192076
0.7853785378537854,0.32907872588358456
0.7854785478547855,0.32911580776508503
0.7855785578557856,0.32915289696248595
0.7856785678567857,0.329189993467681
0.7857785778577858,0.3292270972714453
0.785878587858786,0.32926420836589454
0.785978597859786,0.3293013267427435
0.7860786078607861,0.3293384523915497
0.7861786178617862,0.3293755853000604
0.7862786278627864,0.3294127254578225
0.7863786378637864,0.3294498728539791
0.7864786478647865,0.32948702747528197
0.7865786578657866,0.3295241893063748
0.7866786678667868,0.3295613583341905
0.7867786778677868,0.32959853454526256
0.7868786878687869,0.3296357179235711
0.786978697869787,0.32967290845057007
0.7870787078707872,0.32971010611052837
0.7871787178717872,0.32974731088733256
0.7872787278727873,0.3297845227622375
0.7873787378737874,0.32982174171341816
0.7874787478747876,0.3298589677224212
0.7875787578757876,0.32989620077044984
0.7876787678767877,0.32993344083608744
0.7877787778777878,0.32997068789414713
0.787878787878788,0.33000794192338323
0.787978797879788,0.33004520290227907
0.7880788078807881,0.33008247080680353
0.7881788178817882,0.3301197456083416
0.7882788278827884,0.33015702728276736
0.7883788378837884,0.33019431580580916
0.7884788478847885,0.3302316111508748
0.7885788578857886,0.3302689132858838
0.7886788678867888,0.3303062221837192
0.7887788778877888,0.3303435378173202
0.7888788878887889,0.3303808601575761
0.788978897889789,0.3304181891689464
0.789078907890789,0.3304555248211834
0.7891789178917892,0.3304928670843038
0.7892789278927893,0.33053021592632836
0.7893789378937894,0.3305675713135876
0.7894789478947895,0.33060493323645407
0.7895789578957896,0.33064230168591363
0.7896789678967897,0.33067967665332115
0.7897789778977898,0.3307170581285862
0.7898789878987899,0.33075444610414895
0.78997899789979,0.3307918405734312
0.7900790079007901,0.33082924153013954
0.7901790179017902,0.33086664896704304
0.7902790279027903,0.33090406287885404
0.7903790379037904,0.3309414832613183
0.7904790479047905,0.3309789101105482
0.7905790579057906,0.3310163434222009
0.7906790679067907,0.33105378319335016
0.7907790779077908,0.33109122942209834
0.7908790879087909,0.3311286821069482
0.790979097909791,0.33116614124642624
0.7910791079107911,0.3312036068400894
0.7911791179117912,0.3312410788884292
0.7912791279127913,0.3312785573923472
0.7913791379137914,0.3313160423531558
0.7914791479147915,0.3313535337730588
0.7915791579157916,0.3313910316549679
0.7916791679167917,0.3314285360022145
0.7917791779177918,0.33146604681876446
0.7918791879187919,0.33150356410964904
0.791979197919792,0.33154108788024234
0.7920792079207921,0.331578618136338
0.7921792179217922,0.33161615488444274
0.7922792279227923,0.3316536981325357
0.7923792379237924,0.3316912478885354
0.7924792479247925,0.3317288041607302
0.7925792579257926,0.33176636695809153
0.7926792679267927,0.3318039362915793
0.7927792779277928,0.33184151217179036
0.7928792879287929,0.33187909460954146
0.792979297929793,0.33191668361624
0.7930793079307931,0.3319542792057492
0.7931793179317932,0.33199188139154284
0.7932793279327933,0.3320294901869997
0.7933793379337934,0.3320671056059935
0.7934793479347935,0.33210472766508076
0.7935793579357936,0.3321423563808858
0.7936793679367937,0.33217999176938395
0.7937793779377939,0.332217633847017
0.7938793879387939,0.33225528263267073
0.793979397939794,0.33229293814647587
0.7940794079407941,0.3323306004070422
0.7941794179417943,0.3323682694334532
0.7942794279427943,0.3324059452467188
0.7943794379437944,0.3324436278705876
0.7944794479447945,0.33248131732645897
0.7945794579457947,0.3325190136359893
0.7946794679467947,0.3325567168215255
0.7947794779477948,0.3325944269208277
0.7948794879487949,0.3326321439801156
0.794979497949795,0.3326698680436754
0.7950795079507951,0.3327075991556786
0.7951795179517952,0.3327453373663542
0.7952795279527953,0.3327830827194166
0.7953795379537955,0.3328208352557499
0.7954795479547955,0.3328585950157572
0.7955795579557956,0.33289636204472395
0.7956795679567957,0.3329341363846415
0.7957795779577959,0.3329719180731608
0.7958795879587959,0.3330097071473722
0.795979597959796,0.3330475036469761
0.7960796079607961,0.3330853076122598
0.7961796179617963,0.3331231190776565
0.7962796279627963,0.33316093807696723
0.7963796379637964,0.33319876464486187
0.7964796479647965,0.33323659881883
0.7965796579657966,0.3332744406304332
0.7966796679667967,0.3333122901101364
0.7967796779677968,0.33335014728824836
0.7968796879687969,0.3333880121983585
0.796979697969797,0.33342588486945907
0.7970797079707971,0.3334637653286293
0.7971797179717972,0.333501653602371
0.7972797279727973,0.3335395497195191
0.7973797379737974,0.33357745370665987
0.7974797479747975,0.333615365587436
0.7975797579757976,0.33365328538487327
0.7976797679767977,0.33369121312274036
0.7977797779777978,0.3337291488249763
0.7978797879787979,0.3337670925118139
0.797979797979798,0.3338050442027753
0.7980798079807981,0.3338430039171725
0.7981798179817982,0.33388097167530306
0.7982798279827983,0.3339189474942005
0.7983798379837984,0.3339569313898423
0.7984798479847985,0.33399492337756664
0.7985798579857986,0.3340329234742722
0.7986798679867987,0.3340709316827528
0.7987798779877988,0.3341089480029636
0.7988798879887989,0.3341469724329848
0.798979897989799,0.33418500496945147
0.7990799079907991,0.33422304560701804
0.7991799179917992,0.33426109434043716
0.7992799279927993,0.33429915116366454
0.7993799379937994,0.3343372160693668
0.7994799479947995,0.3343752890469713
0.7995799579957996,0.3344133700865343
0.7996799679967997,0.3344514591775917
0.7997799779977998,0.3344895563087711
0.7998799879987999,0.3345276614649057
0.7999799979998,0.33456577463060927
0.8000800080008001,0.33460389579093064
0.8001800180018002,0.3346420249300665
0.8002800280028003,0.3346801620294743
0.8003800380038004,0.33471830706739936
0.8004800480048005,0.33475646002425413
0.8005800580058006,0.3347946208796652
0.8006800680068007,0.33483278961174384
0.8007800780078008,0.3348709661930885
0.800880088008801,0.33490915059861703
0.800980098009801,0.3349473428033206
0.8010801080108011,0.33498554278128917
0.8011801180118012,0.33502375050141386
0.8012801280128014,0.33506196593167736
0.8013801380138014,0.3351001890423713
0.8014801480148015,0.33513841980287995
0.8015801580158016,0.3351766581798413
0.8016801680168018,0.33521490413389143
0.8017801780178018,0.3352531576300309
0.8018801880188019,0.3352914186328671
0.801980198019802,0.33532968710582844
0.8020802080208022,0.335367963004805
0.8021802180218022,0.33540624628770627
0.8022802280228023,0.3354445369143037
0.8023802380238024,0.33548283484342045
0.8024802480248026,0.33552114002916766
0.8025802580258026,0.3355594524213087
0.8026802680268027,0.3355977719886557
0.8027802780278028,0.335636098702474
0.802880288028803,0.33567443253500795
0.802980298029803,0.335712773454671
0.8030803080308031,0.33575112143440894
0.8031803180318032,0.3357894764492108
0.8032803280328034,0.3358278384746484
0.8033803380338034,0.3358662074846023
0.8034803480348035,0.33590458345290697
0.8035803580358036,0.33594296635765936
0.8036803680368038,0.33598135617758484
0.8037803780378038,0.3360197528915583
0.8038803880388039,0.3360581564760694
0.803980398039804,0.3360965669115694
0.8040804080408042,0.3361349841799833
0.8041804180418042,0.33617340826384606
0.8042804280428043,0.33621183914452996
0.8043804380438044,0.33625027680407926
0.8044804480448045,0.3362887212276565
0.8045804580458046,0.3363271724010532
0.8046804680468047,0.3363656303103545
0.8047804780478048,0.33640409494042095
0.8048804880488049,0.3364425662791701
0.804980498049805,0.3364810443156935
0.8050805080508051,0.3365195290397192
0.8051805180518052,0.33655802044058364
0.8052805280528053,0.3365965185084957
0.8053805380538054,0.3366350232358865
0.8054805480548055,0.33667353461583926
0.8055805580558056,0.33671205264194287
0.8056805680568057,0.33675057730763464
0.8057805780578058,0.3367891086084219
0.8058805880588059,0.3368276465407865
0.805980598059806,0.3368661911018722
0.8060806080608061,0.3369047422892186
0.8061806180618062,0.3369433001013578
0.8062806280628063,0.3369818645382074
0.8063806380638064,0.3370204356003643
0.8064806480648065,0.3370590132891027
0.8065806580658066,0.33709759760661145
0.8066806680668067,0.3371361885562442
0.8067806780678068,0.3371747861420943
0.8068806880688069,0.33721339036894277
0.806980698069807,0.33725200124255494
0.8070807080708071,0.33729061877013333
0.8071807180718072,0.33732924295932565
0.8072807280728073,0.3373678738184646
0.8073807380738074,0.33740651135662464
0.8074807480748075,0.33744515558481936
0.8075807580758076,0.3374838065146772
0.8076807680768077,0.33752246415812637
0.8077807780778078,0.3375611285278098
0.8078807880788079,0.3375997996376025
0.807980798079808,0.33763847750377823
0.8080808080808081,0.3376771621420552
0.8081808180818082,0.33771585356872896
0.8082808280828083,0.3377545518008273
0.8083808380838085,0.3377932568579703
0.8084808480848085,0.3378319687607616
0.8085808580858086,0.33787068752919563
0.8086808680868087,0.3379094131840091
0.8087808780878089,0.3379481457470675
0.8088808880888089,0.33798688524415627
0.808980898089809,0.3380256316984743
0.8090809080908091,0.33806438513034603
0.8091809180918093,0.33810314555923054
0.8092809280928093,0.33814191300654906
0.8093809380938094,0.33818068749596536
0.8094809480948095,0.33821946904967326
0.8095809580958097,0.33825825769044726
0.8096809680968097,0.33829705344177347
0.8097809780978098,0.33833585633063595
0.8098809880988099,0.3383746663837938
0.8099809980998101,0.33841348362726026
0.8100810081008101,0.3384523080877077
0.8101810181018102,0.33849113979315515
0.8102810281028103,0.3385299787756286
0.8103810381038105,0.3385688250649791
0.8104810481048105,0.3386076786911731
0.8105810581058106,0.33864653968485153
0.8106810681068107,0.33868540807944403
0.8107810781078109,0.3387242839109184
0.8108810881088109,0.33876316721264044
0.810981098109811,0.3388020580186039
0.8110811081108111,0.33884095636358597
0.8111811181118113,0.3388798622871585
0.8112811281128113,0.3389187758281025
0.8113811381138114,0.33895769702381223
0.8114811481148115,0.3389966259123848
0.8115811581158117,0.339035562533417
0.8116811681168117,0.3390745069319108
0.8117811781178118,0.33911345914965
0.8118811881188119,0.3391524192281966
0.811981198119812,0.33919138720983255
0.8120812081208121,0.33923036313980615
0.8121812181218122,0.33926934706744244
0.8122812281228123,0.33930833903803537
0.8123812381238124,0.33934733909739917
0.8124812481248125,0.3393863472920904
0.8125812581258126,0.3394253636738743
0.8126812681268127,0.33946438829517706
0.8127812781278128,0.3395034212045655
0.8128812881288129,0.3395424624560884
0.812981298129813,0.3395815121116877
0.8130813081308131,0.3396205702509549
0.8131813181318132,0.3396596369447183
0.8132813281328133,0.3396987122595761
0.8133813381338134,0.3397377962610573
0.8134813481348135,0.33977688901500724
0.8135813581358136,0.3398159905922205
0.8136813681368137,0.33985510105513456
0.8137813781378138,0.3398942204638241
0.8138813881388139,0.33993334887727
0.813981398139814,0.33997248635575716
0.8140814081408141,0.34001163296181164
0.8141814181418142,0.3400507887503236
0.8142814281428143,0.3400899537747208
0.8143814381438144,0.3401291280873103
0.8144814481448145,0.3401683117425207
0.8145814581458146,0.34020750479407447
0.8146814681468147,0.34024670728978784
0.8147814781478148,0.3402859192763085
0.8148814881488149,0.3403251407991631
0.814981498149815,0.34036437190634267
0.8150815081508151,0.34040361264277436
0.8151815181518152,0.34044286304935695
0.8152815281528153,0.3404821231658131
0.8153815381538154,0.34052139303084034
0.8154815481548155,0.3405606726850904
0.8155815581558156,0.34059996216521266
0.8156815681568157,0.34063926150506074
0.8157815781578158,0.3406785707372793
0.815881588158816,0.3407178898935661
0.815981598159816,0.3407572190066255
0.8160816081608161,0.3407965581051746
0.8161816181618162,0.34083590721586193
0.8162816281628164,0.3408752663640922
0.8163816381638164,0.3409146355743083
0.8164816481648165,0.3409540148709092
0.8165816581658166,0.3409934042748384
0.8166816681668168,0.34103280380537243
0.8167816781678168,0.34107221348050903
0.8168816881688169,0.3411116333171468
0.816981698169817,0.3411510633311707
0.8170817081708172,0.3411905035357753
0.8171817181718172,0.34122995394269295
0.8172817281728173,0.3412694145623404
0.8173817381738174,0.3413088854037932
0.8174817481748176,0.3413483664742823
0.8175817581758176,0.3413878577791853
0.8176817681768177,0.3414273593225138
0.8177817781778178,0.34146687110692603
0.817881788178818,0.34150639313343395
0.817981798179818,0.3415459254000041
0.8180818081808181,0.3415854679058473
0.8181818181818182,0.34162502065879286
0.8182818281828184,0.3416645836710165
0.8183818381838184,0.34170415695299555
0.8184818481848185,0.34174374051222756
0.8185818581858186,0.3417833343534799
0.8186818681868188,0.3418229384794695
0.8187818781878188,0.341862552890873
0.8188818881888189,0.341902177585924
0.818981898189819,0.3419418125590474
0.8190819081908192,0.34198145780310313
0.8191819181918192,0.3420211133089702
0.8192819281928193,0.34206077906543186
0.8193819381938194,0.34210045505852293
0.8194819481948195,0.34214014126933207
0.8195819581958196,0.3421798376784795
0.8196819681968197,0.3422195442647371
0.8197819781978198,0.3422592610047246
0.8198819881988199,0.3422989878721843
0.81998199819982,0.34233872483462646
0.8200820082008201,0.3423784718600189
0.8201820182018202,0.34241822891475987
0.8202820282028203,0.3424579959629747
0.8203820382038204,0.3424977729658703
0.8204820482048205,0.34253755988069146
0.8205820582058206,0.3425773566937119
0.8206820682068207,0.3426171633922555
0.8207820782078208,0.3426569799640024
0.8208820882088209,0.34269680639614125
0.820982098209821,0.3427366426736736
0.8210821082108211,0.3427764887825079
0.8211821182118212,0.342816344709042
0.8212821282128213,0.34285621043941855
0.8213821382138214,0.3428960859595036
0.8214821482148215,0.3429359712530743
0.8215821582158216,0.34297586630420945
0.8216821682168217,0.34301577109788284
0.8217821782178218,0.3430556856188081
0.8218821882188219,0.343095609851438
0.821982198219822,0.3431355437785572
0.8220822082208221,0.3431754873822091
0.8221822182218222,0.34321544064591125
0.8222822282228223,0.34325540355292294
0.8223822382238224,0.3432953760862375
0.8224822482248225,0.34333535822769795
0.8225822582258226,0.34337534995734836
0.8226822682268227,0.3434153512571148
0.8227822782278228,0.3434553621087772
0.8228822882288229,0.3434953824938439
0.822982298229823,0.34353541239313595
0.8230823082308231,0.3435754517849456
0.8231823182318232,0.34361550064937113
0.8232823282328233,0.343655558966689
0.8233823382338235,0.34369562671689874
0.8234823482348235,0.3437357038796336
0.8235823582358236,0.3437757904318605
0.8236823682368237,0.3438158863515218
0.8237823782378239,0.3438559916173657
0.8238823882388239,0.34389610620785904
0.823982398239824,0.34393623010118646
0.8240824082408241,0.34397636327360853
0.8241824182418243,0.3440165057004961
0.8242824282428243,0.3440566573590367
0.8243824382438244,0.34409681822614135
0.8244824482448245,0.3441369882784332
0.8245824582458247,0.34417716749152405
0.8246824682468247,0.3442173558384875
0.8247824782478248,0.34425755329464325
0.8248824882488249,0.3442977598353234
0.8249824982498251,0.34433797543556777
0.8250825082508251,0.34437820006998987
0.8251825182518252,0.3444184337101951
0.8252825282528253,0.3444586763286924
0.8253825382538255,0.34449892790119924
0.8254825482548255,0.3445391884068764
0.8255825582558256,0.34457945782824556
0.8256825682568257,0.34461973614739305
0.8257825782578259,0.3446600233470471
0.8258825882588259,0.344700319412611
0.825982598259826,0.34474062433041647
0.8260826082608261,0.3447809380877072
0.8261826182618263,0.34482126067243263
0.8262826282628263,0.3448615920724473
0.8263826382638264,0.3449019322780108
0.8264826482648265,0.3449422812806021
0.8265826582658267,0.34498263907263316
0.8266826682668267,0.345023005647452
0.8267826782678268,0.3450633809987884
0.8268826882688269,0.34510376512176366
0.826982698269827,0.3451441580131045
0.8270827082708271,0.3451845596704915
0.8271827182718272,0.3452249700925633
0.8272827282728273,0.3452653892788563
0.8273827382738274,0.34530581722986536
0.8274827482748275,0.3453462539476124
0.8275827582758276,0.3453866994351469
0.8276827682768277,0.34542715369649785
0.8277827782778278,0.3454676167366782
0.8278827882788279,0.3455080885619347
0.827982798279828,0.3455485691798215
0.8280828082808281,0.3455890585988582
0.8281828182818282,0.34562955682856455
0.8282828282828283,0.345670063879466
0.8283828382838284,0.345710579763262
0.8284828482848285,0.3457511044935036
0.8285828582858286,0.34579163808436963
0.8286828682868287,0.3458321805509747
0.8287828782878288,0.34587273190946
0.828882888288829,0.3459132921769981
0.828982898289829,0.34595386137273326
0.8290829082908291,0.34599443951718084
0.8291829182918292,0.34603502663115504
0.8292829282928293,0.34607562273651904
0.8293829382938294,0.34611622785619
0.8294829482948295,0.3461568420143616
0.8295829582958296,0.34619746523807693
0.8296829682968297,0.34623809755434193
0.8297829782978298,0.3462787389908508
0.8298829882988299,0.34631938957637526
0.82998299829983,0.3463600493407687
0.8300830083008301,0.3464007183160162
0.8301830183018302,0.34644139653655115
0.8302830283028303,0.34648208403669084
0.8303830383038304,0.34652278084772486
0.8304830483048306,0.34656348699784756
0.8305830583058306,0.34660420251271934
0.8306830683068307,0.34664492742024
0.8307830783078308,0.3466856617479911
0.830883088308831,0.3467264055229814
0.830983098309831,0.3467671587724949
0.8310831083108311,0.34680792152409184
0.8311831183118312,0.3468486938058917
0.8312831283128314,0.3468894756479526
0.8313831383138314,0.3469302670791243
0.8314831483148315,0.3469710681281864
0.8315831583158316,0.34701187882420076
0.8316831683168318,0.3470526991965135
0.8317831783178318,0.34709352927551057
0.8318831883188319,0.347134369093
0.831983198319832,0.3471752186793693
0.8320832083208322,0.34721607806521315
0.8321832183218322,0.3472569472814167
0.8322832283228323,0.34729782635915674
0.8323832383238324,0.3473387153312906
0.8324832483248326,0.34737961423106756
0.8325832583258326,0.34742052309064736
0.8326832683268327,0.3474614419424863
0.8327832783278328,0.34750237081933905
0.832883288328833,0.347543309754318
0.832983298329833,0.34758425878271476
0.8330833083308331,0.34762521793920675
0.8331833183318332,0.34766618725785503
0.8332833283328334,0.34770716677302654
0.8333833383338334,0.34774815651939456
0.8334833483348335,0.3477891565321409
0.8335833583358336,0.34783016684879814
0.8336833683368338,0.34787118750567314
0.8337833783378338,0.3479122185388401
0.8338833883388339,0.34795325998454557
0.833983398339834,0.3479943118774869
0.8340834083408342,0.34803537424763104
0.8341834183418342,0.3480764471249133
0.8342834283428343,0.34811753053746086
0.8343834383438344,0.3481586245126209
0.8344834483448345,0.34819972907725594
0.8345834583458346,0.34824084425774166
0.8346834683468347,0.3482819700802507
0.8347834783478348,0.3483231065714237
0.8348834883488349,0.3483642537561054
0.834983498349835,0.3484054116584665
0.8350835083508351,0.34844658030217857
0.8351835183518352,0.3484877597104107
0.8352835283528353,0.3485289499060831
0.8353835383538354,0.34857015091231225
0.8354835483548355,0.3486113627506379
0.8355835583558356,0.3486525854419673
0.8356835683568357,0.3486938190066927
0.8357835783578358,0.34873506346468897
0.8358835883588359,0.34877631883549265
0.835983598359836,0.3488175851386309
0.8360836083608361,0.34885886239228203
0.8361836183618362,0.3489001506139991
0.8362836283628363,0.3489414498208041
0.8363836383638364,0.34898276002918555
0.8364836483648365,0.34902408125519263
0.8365836583658366,0.34906541351468406
0.8366836683668367,0.34910675682239756
0.8367836783678368,0.3491481111924381
0.8368836883688369,0.3491894766383632
0.836983698369837,0.3492308531731804
0.8370837083708371,0.34927224080937486
0.8371837183718372,0.34931363955904277
0.8372837283728373,0.3493550494333808
0.8373837383738374,0.34939647044294964
0.8374837483748375,0.34943790259774515
0.8375837583758377,0.34947934590719626
0.8376837683768377,0.34952080038016237
0.8377837783778378,0.34956226602489343
0.8378837883788379,0.34960374284891205
0.837983798379838,0.3496452308591352
0.8380838083808381,0.34968673006189777
0.8381838183818382,0.34972824046295026
0.8382838283828383,0.3497697620674555
0.8383838383838385,0.3498112948797912
0.8384838483848385,0.3498528389036174
0.8385838583858386,0.349894394142106
0.8386838683868387,0.3499359605977728
0.8387838783878389,0.34997753827280553
0.8388838883888389,0.350019127169869
0.838983898389839,0.35006072729439863
0.8390839083908391,0.3501023386516621
0.8391839183918393,0.350143961246897
0.8392839283928393,0.35018559508524144
0.8393839383938394,0.3502272401717276
0.8394839483948395,0.35026889651128096
0.8395839583958397,0.3503105641086976
0.8396839683968397,0.35035224296849016
0.8397839783978398,0.35039393309518696
0.8398839883988399,0.3504356344932469
0.8399839983998401,0.3504773471670194
0.8400840084008401,0.3505190711207443
0.8401840184018402,0.35056080635855147
0.8402840284028403,0.35060255288429126
0.8403840384038405,0.3506443107017025
0.8404840484048405,0.3506860798145458
0.8405840584058406,0.3507278602264695
0.8406840684068407,0.3507696519410091
0.8407840784078409,0.3508114549615865
0.8408840884088409,0.350853269291446
0.840984098409841,0.35089509493349746
0.8410841084108411,0.35093693189075503
0.8411841184118413,0.35097878016614653
0.8412841284128413,0.3510206397624836
0.8413841384138414,0.3510625106824614
0.8414841484148415,0.3511043929286557
0.8415841584158417,0.35114628650328394
0.8416841684168417,0.3511881914084844
0.8417841784178418,0.3512301076464452
0.8418841884188419,0.35127203521923483
0.8419841984198421,0.3513139741288017
0.8420842084208421,0.3513559243769732
0.8421842184218422,0.35139788596539573
0.8422842284228423,0.3514398588949574
0.8423842384238424,0.3514818431696782
0.8424842484248425,0.3515238387970352
0.8425842584258426,0.35156584578542965
0.8426842684268427,0.3516078641434218
0.8427842784278428,0.35164989387984097
0.8428842884288429,0.3516919350038393
0.842984298429843,0.3517339875249181
0.8430843084308431,0.35177605145279855
0.8431843184318432,0.35181812679747504
0.8432843284328433,0.3518602135692179
0.8433843384338434,0.35190231177857373
0.8434843484348435,0.3519444214363712
0.8435843584358436,0.3519865425538901
0.8436843684368437,0.35202867514267144
0.8437843784378438,0.352070819214457
0.843884388438844,0.3521129747812721
0.843984398439844,0.3521551418554271
0.8440844084408441,0.35219732044951846
0.8441844184418442,0.3522395105764571
0.8442844284428443,0.3522817122497201
0.8443844384438444,0.35232392548291364
0.8444844484448445,0.35236615028986473
0.8445844584458446,0.3524083866846932
0.8446844684468447,0.3524506346818138
0.8447844784478448,0.3524928942959361
0.8448844884488449,0.35253516554213643
0.844984498449845,0.35257744843613037
0.8450845084508452,0.3526197429936504
0.8451845184518452,0.35266204923067396
0.8452845284528453,0.35270436716348147
0.8453845384538454,0.3527466968086568
0.8454845484548456,0.35278903818309004
0.8455845584558456,0.3528313913040873
0.8456845684568457,0.3528737561896518
0.8457845784578458,0.3529161328577198
0.845884588458846,0.3529585213264864
0.845984598459846,0.35300092161445956
0.8460846084608461,0.35304333374046176
0.8461846184618462,0.35308575772363116
0.8462846284628464,0.3531281935835465
0.8463846384638464,0.35317064134056697
0.8464846484648465,0.3532131010149193
0.8465846584658466,0.35325557262708623
0.8466846684668468,0.35329805619787413
0.8467846784678468,0.35334055174841367
0.8468846884688469,0.3533830593001622
0.846984698469847,0.3534255788750036
0.8470847084708472,0.3534681104958349
0.8471847184718472,0.35351065418398475
0.8472847284728473,0.35355320996002815
0.8473847384738474,0.35359577784443275
0.8474847484748476,0.35363835785768655
0.8475847584758476,0.3536809500202796
0.8476847684768477,0.35372355435273367
0.8477847784778478,0.3537661708760392
0.847884788478848,0.35380879961085687
0.847984798479848,0.35385144057767054
0.8480848084808481,0.35389409379696507
0.8481848184818482,0.3539367592892268
0.8482848284828484,0.3539794370749432
0.8483848384838484,0.35402212717460235
0.8484848484848485,0.35406482960903907
0.8485848584858486,0.35410754439906145
0.8486848684868488,0.3541502715651489
0.8487848784878488,0.35419301112778145
0.8488848884888489,0.3542357631074399
0.848984898489849,0.3542785275246055
0.8490849084908492,0.35432130439976
0.8491849184918492,0.3543640937535149
0.8492849284928493,0.35440689560681415
0.8493849384938494,0.3544497099801713
0.8494849484948496,0.35449253689405735
0.8495849584958496,0.3545353763689439
0.8496849684968497,0.3545782284253021
0.8497849784978498,0.354621093083603
0.8498849884988499,0.35466397036432473
0.84998499849985,0.35470686028831905
0.8500850085008501,0.354749762876261
0.8501850185018502,0.3547926781486095
0.8502850285028503,0.3548356061258222
0.8503850385038504,0.35487854682835607
0.8504850485048505,0.35492150027666947
0.8505850585058506,0.35496446649121277
0.8506850685068507,0.3550074454924665
0.8507850785078508,0.3550504373010379
0.8508850885088509,0.35509344193697245
0.850985098509851,0.3551364594200862
0.8510851085108511,0.355179489770018
0.8511851185118512,0.35522253300622825
0.8512851285128513,0.3552655891479978
0.8513851385138514,0.35530865821442703
0.8514851485148515,0.3553517402245997
0.8515851585158516,0.3553948351975019
0.8516851685168517,0.35543794315164745
0.8517851785178518,0.3554810641053606
0.8518851885188519,0.35552419807678043
0.851985198519852,0.3555673450838594
0.8520852085208521,0.35561050514436193
0.8521852185218523,0.35565367827586375
0.8522852285228523,0.3556968644959332
0.8523852385238524,0.3557400638218957
0.8524852485248525,0.35578327627071243
0.8525852585258527,0.3558265018591507
0.8526852685268527,0.3558697406037841
0.8527852785278528,0.35591299252099123
0.8528852885288529,0.35595625762695393
0.852985298529853,0.3559995359376574
0.8530853085308531,0.3560428274690266
0.8531853185318532,0.35608613223672425
0.8532853285328533,0.35612945025609477
0.8533853385338535,0.35617278154228094
0.8534853485348535,0.3562161261102228
0.8535853585358536,0.35625948397465584
0.8536853685368537,0.35630285515011056
0.8537853785378539,0.3563462396509107
0.8538853885388539,0.35638963749124575
0.853985398539854,0.3564330486850782
0.8540854085408541,0.35647647324606596
0.8541854185418543,0.35651991118765675
0.8542854285428543,0.3565633625230853
0.8543854385438544,0.3566068272653736
0.8544854485448545,0.3566503054273287
0.8545854585458547,0.35669379702154164
0.8546854685468547,0.35673730206040494
0.8547854785478548,0.35678082055610216
0.8548854885488549,0.3568243525205357
0.8549854985498551,0.35686789796538365
0.8550855085508551,0.3569114569020323
0.8551855185518552,0.3569550293420134
0.8552855285528553,0.35699861529817734
0.8553855385538555,0.3570422147854673
0.8554855485548555,0.35708582781868414
0.8555855585558556,0.3571294544126437
0.8556855685568557,0.3571730945820002
0.8557855785578559,0.35721674834129835
0.8558855885588559,0.3572604157050125
0.855985598559856,0.35730409668754587
0.8560856085608561,0.35734779130323013
0.8561856185618563,0.3573914995663246
0.8562856285628563,0.35743522149101625
0.8563856385638564,0.3574789570914565
0.8564856485648565,0.35752270638176364
0.8565856585658567,0.35756646937589387
0.8566856685668567,0.35761024608772496
0.8567856785678568,0.35765403653106015
0.8568856885688569,0.35769784071962746
0.8569856985698571,0.35774165866707897
0.8570857085708571,0.3577854903869904
0.8571857185718572,0.3578293358928615
0.8572857285728573,0.35787319519815974
0.8573857385738574,0.357917068316263
0.8574857485748575,0.35796095526042404
0.8575857585758576,0.358004856043817
0.8576857685768577,0.35804877067953705
0.8577857785778578,0.3580926991805998
0.8578857885788579,0.35813664155994135
0.857985798579858,0.3581805978304162
0.8580858085808581,0.3582245680047994
0.8581858185818582,0.3582685520958132
0.8582858285828583,0.35831255011608176
0.8583858385838584,0.3583565620781202
0.8584858485848585,0.35840058799435437
0.8585858585858586,0.35844462787716147
0.8586858685868587,0.3584886817389733
0.8587858785878588,0.35853274959233944
0.858885888588859,0.3585768314499276
0.858985898589859,0.3586209273245222
0.8590859085908591,0.3586650372290534
0.8591859185918592,0.3587091611765854
0.8592859285928593,0.35875329918026955
0.8593859385938594,0.35879745125337653
0.8594859485948595,0.35884161740929754
0.8595859585958596,0.35888579766154394
0.8596859685968598,0.3589299920237484
0.8597859785978598,0.35897420050966594
0.8598859885988599,0.3590184231331735
0.85998599859986,0.3590626599082848
0.8600860086008602,0.3591069108491946
0.8601860186018602,0.35915117597016905
0.8602860286028603,0.35919545528559194
0.8603860386038604,0.3592397488099714
0.8604860486048606,0.35928405655794216
0.8605860586058606,0.3593283785442648
0.8606860686068607,0.3593727147838277
0.8607860786078608,0.35941706529164624
0.860886088608861,0.3594614300828649
0.860986098609861,0.35950580917280683
0.8610861086108611,0.3595502025769458
0.8611861186118612,0.3595946103108243
0.8612861286128614,0.3596390323901158
0.8613861386138614,0.3596834688306251
0.8614861486148615,0.35972791964828915
0.8615861586158616,0.3597723848591776
0.8616861686168618,0.35981686447949274
0.8617861786178618,0.3598613585255714
0.8618861886188619,0.35990586701388455
0.861986198619862,0.3599503899611146
0.8620862086208622,0.3599949273840721
0.8621862186218622,0.3600394792996447
0.8622862286228623,0.36008404572485736
0.8623862386238624,0.3601286266768725
0.8624862486248626,0.360173222172991
0.8625862586258626,0.36021783223065257
0.8626862686268627,0.3602624568674371
0.8627862786278628,0.3603070961010639
0.862886288628863,0.3603517499493943
0.862986298629863,0.36039641843048986
0.8630863086308631,0.36044110156259795
0.8631863186318632,0.36048579936401604
0.8632863286328634,0.360530511853184
0.8633863386338634,0.36057523904868666
0.8634863486348635,0.36061998096925296
0.8635863586358636,0.36066473763375817
0.8636863686368638,0.36070950906122395
0.8637863786378638,0.3607542952708183
0.8638863886388639,0.3607990962818581
0.863986398639864,0.3608439121138192
0.8640864086408642,0.360888742786445
0.8641864186418642,0.3609335883195432
0.8642864286428643,0.36097844873303625
0.8643864386438644,0.3610233240469972
0.8644864486448646,0.3610682142816519
0.8645864586458646,0.3611131194573787
0.8646864686468647,0.3611580395947092
0.8647864786478648,0.36120297471432955
0.8648864886488649,0.3612479248370805
0.864986498649865,0.3612928899839586
0.8650865086508651,0.36133787017613866
0.8651865186518652,0.3613828654350756
0.8652865286528653,0.36142787578227037
0.8653865386538654,0.36147290123935655
0.8654865486548655,0.36151794182812663
0.8655865586558656,0.36156299757053406
0.8656865686568657,0.3616080684886924
0.8657865786578658,0.36165315460487735
0.8658865886588659,0.36169825594152716
0.865986598659866,0.36174337252124256
0.8660866086608661,0.36178850436678894
0.8661866186618662,0.3618336515010999
0.8662866286628663,0.3618788139473905
0.8663866386638664,0.361923991729167
0.8664866486648665,0.36196918487109125
0.8665866586658666,0.3620143933979035
0.8666866686668667,0.36205961733424
0.8667866786678669,0.3621048567046176
0.8668866886688669,0.36215011153343357
0.866986698669867,0.3621953818449663
0.8670867086708671,0.362240667663374
0.8671867186718673,0.3622859690126938
0.8672867286728673,0.36233128591684133
0.8673867386738674,0.3623766183996255
0.8674867486748675,0.362421966484847
0.8675867586758677,0.36246733019607036
0.8676867686768677,0.36251270955670356
0.8677867786778678,0.36255810459002896
0.8678867886788679,0.36260351531920226
0.867986798679868,0.3626489417672513
0.8680868086808681,0.36269438395707604
0.8681868186818682,0.36273984191144754
0.8682868286828683,0.36278531565300626
0.8683868386838685,0.362830805204262
0.8684868486848685,0.3628763105875929
0.8685868586858686,0.36292183182524473
0.8686868686868687,0.36296736893940545
0.8687868786878689,0.3630129219520959
0.8688868886888689,0.3630584908851474
0.868986898689869,0.36310407576025533
0.8690869086908691,0.3631496765989774
0.8691869186918693,0.363195293422734
0.8692869286928693,0.36324092625280674
0.8693869386938694,0.36328657511033713
0.8694869486948695,0.36333224001632675
0.8695869586958697,0.3633779209916347
0.8696869686968697,0.3634236180569782
0.8697869786978698,0.36346933123293124
0.8698869886988699,0.3635150605399234
0.8699869986998701,0.36356080599828894
0.8700870087008701,0.36360656762818855
0.8701870187018702,0.3636523454496032
0.8702870287028703,0.36369813948236546
0.8703870387038705,0.3637439497461591
0.8704870487048705,0.36378977626051795
0.8705870587058706,0.36383561904482464
0.8706870687068707,0.3638814781183097
0.8707870787078709,0.36392735350005107
0.8708870887088709,0.3639732452089726
0.870987098709871,0.36401915326384315
0.8710871087108711,0.36406507768327584
0.8711871187118713,0.3641110184857263
0.8712871287128713,0.36415697568949584
0.8713871387138714,0.3642029493127515
0.8714871487148715,0.36424893937347247
0.8715871587158717,0.36429494588946787
0.8716871687168717,0.36434096887838574
0.8717871787178718,0.36438700835771065
0.8718871887188719,0.36443306434476336
0.8719871987198721,0.3644791368566994
0.8720872087208721,0.3645252259105078
0.8721872187218722,0.3645713315230109
0.8722872287228723,0.36461745371086296
0.8723872387238724,0.3646635924905478
0.8724872487248725,0.36470974787838023
0.8725872587258726,0.3647559198905023
0.8726872687268727,0.36480210854288403
0.8727872787278728,0.36484831385132327
0.8728872887288729,0.3648945358314416
0.872987298729873,0.36494077449867796
0.8730873087308731,0.36498702986829445
0.8731873187318732,0.3650333019553746
0.8732873287328733,0.3650795907748234
0.8733873387338734,0.3651258963413654
0.8734873487348735,0.36517221866954375
0.8735873587358736,0.36521855777371914
0.8736873687368737,0.36526491366806857
0.8737873787378738,0.36531128636658455
0.873887388738874,0.36535767588309387
0.873987398739874,0.36540408223105236
0.8740874087408741,0.365450505423046
0.8741874187418742,0.3654969454714362
0.8742874287428744,0.36554340238891075
0.8743874387438744,0.3655898761884268
0.8744874487448745,0.36563636688321444
0.8745874587458746,0.36568287448679515
0.8746874687468748,0.36572939901296914
0.8747874787478748,0.3657759404758161
0.8748874887488749,0.3658224988896974
0.874987498749875,0.36586907426925763
0.8750875087508752,0.3659156666294252
0.8751875187518752,0.3659622759854151
0.8752875287528753,0.36600890235273
0.8753875387538754,0.36605554574716154
0.8754875487548756,0.36610220618479256
0.8755875587558756,0.3661488836819983
0.8756875687568757,0.36619557825544813
0.8757875787578758,0.36624228992210694
0.875887588758876,0.3662890186992374
0.875987598759876,0.3663357646044007
0.8760876087608761,0.36638252765546014
0.8761876187618762,0.36642930787059397
0.8762876287628764,0.3664761052682807
0.8763876387638764,0.3665229198672995
0.8764876487648765,0.3665697516867375
0.8765876587658766,0.36661660074599056
0.8766876687668768,0.36666346706476466
0.8767876787678768,0.3667103506630783
0.8768876887688769,0.36675725156126443
0.876987698769877,0.36680416977997105
0.8770877087708772,0.36685110534016413
0.8771877187718772,0.3668980582631283
0.8772877287728773,0.3669450285704695
0.8773877387738774,0.3669920162841166
0.8774877487748776,0.3670390214263223
0.8775877587758776,0.3670860440196659
0.8776877687768777,0.3671330840870549
0.8777877787778778,0.3671801416517261
0.877887788778878,0.36722721673724856
0.877987798779878,0.3672743093675243
0.8780878087808781,0.36732141956679826
0.8781878187818782,0.3673685473596726
0.8782878287828784,0.36741569277108777
0.8783878387838784,0.367462855828837
0.8784878487848785,0.36751003656191106
0.8785878587858786,0.36755723499957055
0.8786878687868788,0.3676044511712816
0.8787878787878788,0.3676516851067229
0.8788878887888789,0.367698936835789
0.878987898789879,0.3677462063885888
0.8790879087908792,0.36779349379544835
0.8791879187918792,0.3678407990869113
0.8792879287928793,0.36788812229374035
0.8793879387938794,0.3679354634469178
0.8794879487948796,0.3679828225776476
0.8795879587958796,0.3680301997173556
0.8796879687968797,0.3680775948976914
0.8797879787978798,0.3681250081505285
0.87988798879888,0.368172439507967
0.87998799879988,0.3682198890023334
0.8800880088008801,0.368267356666182
0.8801880188018802,0.36831484253229696
0.8802880288028803,0.3683623466336926
0.8803880388038804,0.36840986900361833
0.8804880488048805,0.36845740967559265
0.8805880588058806,0.3685049686833393
0.8806880688068807,0.36855254606080656
0.8807880788078808,0.36860014184217943
0.8808880888088809,0.36864775606187977
0.880988098809881,0.3686953887545693
0.8810881088108811,0.36874303995514923
0.8811881188118812,0.36879070969876243
0.8812881288128813,0.36883839802085555
0.8813881388138814,0.36888610495675483
0.8814881488148815,0.3689338305396889
0.8815881588158816,0.368981574801645
0.8816881688168817,0.3690293377743906
0.8817881788178819,0.36907711948947275
0.8818881888188819,0.36912491997820496
0.881988198819882,0.3691727392716659
0.8820882088208821,0.3692205774006971
0.8821882188218823,0.36926843439590185
0.8822882288228823,0.3693163102876427
0.8823882388238824,0.36936420510604157
0.8824882488248825,0.3694121188809756
0.8825882588258827,0.36946005164207724
0.8826882688268827,0.3695080034187318
0.8827882788278828,0.3695559742400756
0.8828882888288829,0.36960396413499497
0.8829882988298831,0.369651973132123
0.8830883088308831,0.3697000012598398
0.8831883188318832,0.3697480485462688
0.8832883288328833,0.36979611501927573
0.8833883388338835,0.36984420070646773
0.8834883488348835,0.36989230563519737
0.8835883588358836,0.36994042983254954
0.8836883688368837,0.3699885733253389
0.8837883788378839,0.3700367361401134
0.8838883888388839,0.3700849183031527
0.883988398839884,0.37013311984046565
0.8840884088408841,0.37018134077778875
0.8841884188418843,0.370229581140584
0.8842884288428843,0.37027784095403693
0.8843884388438844,0.37032612024305567
0.8844884488448845,0.3703744190322673
0.8845884588458847,0.37042273734601694
0.8846884688468847,0.37047107520836603
0.8847884788478848,0.3705194326430895
0.8848884888488849,0.3705678096736746
0.8849884988498851,0.37061620632331854
0.8850885088508851,0.3706646226149256
0.8851885188518852,0.3707130585711074
0.8852885288528853,0.37076151421417824
0.8853885388538855,0.37080998956615474
0.8854885488548855,0.3708584846488814
0.8855885588558856,0.3709069994829856
0.8856885688568857,0.37095553408591037
0.8857885788578859,0.37100408847330596
0.8858885888588859,0.37105266266127557
0.885988598859886,0.37110125666618454
0.8860886088608861,0.3711498705046565
0.8861886188618863,0.37119850419357414
0.8862886288628863,0.371247157750082
0.8863886388638864,0.37129583119158716
0.8864886488648865,0.37134452453576067
0.8865886588658867,0.3713932378005402
0.8866886688668867,0.37144197100413
0.8867886788678868,0.37149072416500445
0.8868886888688869,0.37153949730190805
0.8869886988698871,0.37158829043385805
0.8870887088708871,0.3716371035801453
0.8871887188718872,0.37168593676033646
0.8872887288728873,0.3717347899942759
0.8873887388738875,0.371783663302086
0.8874887488748875,0.37183255670417087
0.8875887588758876,0.37188147022121565
0.8876887688768877,0.37193040387419046
0.8877887788778878,0.37197935768435075
0.8878887888788879,0.3720283316732391
0.887988798879888,0.3720773258626874
0.8880888088808881,0.3721263402748181
0.8881888188818882,0.3721753749320462
0.8882888288828883,0.3722244298570811
0.8883888388838884,0.37227350507292706
0.8884888488848885,0.3723226006028626
0.8885888588858886,0.3723717164710473
0.8886888688868887,0.37242085270753994
0.8887888788878888,0.37247000934527763
0.888888888888889,0.3725191864174025
0.888988898889889,0.37256838395740083
0.8890889088908891,0.3726176019991055
0.8891889188918892,0.3726668405766974
0.8892889288928894,0.3727160997247078
0.8893889388938894,0.3727653794780198
0.8894889488948895,0.3728146798718711
0.8895889588958896,0.37286400094185607
0.8896889688968898,0.37291334272392673
0.8897889788978898,0.3729627052543965
0.8898889888988899,0.3730120885699409
0.88998899889989,0.37306149270760014
0.8900890089008902,0.37311091770478205
0.8901890189018902,0.373160363599262
0.8902890289028903,0.3732098304291886
0.8903890389038904,0.373259318233082
0.8904890489048906,0.3733088270498386
0.8905890589058906,0.37335835691873276
0.8906890689068907,0.37340790787941835
0.8907890789078908,0.37345747997193207
0.890889088908891,0.37350707323669446
0.890989098909891,0.3735566877145128
0.8910891089108911,0.3736063234465839
0.8911891189118912,0.3736559804744953
0.8912891289128914,0.3737056588402288
0.8913891389138914,0.3737553585861612
0.8914891489148915,0.37380507975506844
0.8915891589158916,0.3738548223901269
0.8916891689168918,0.37390458653491565
0.8917891789178918,0.37395437223341976
0.8918891889188919,0.37400417953003184
0.891989198919892,0.37405400846955467
0.8920892089208922,0.3741038590972041
0.8921892189218922,0.37415373145861075
0.8922892289228923,0.3742036255998237
0.8923892389238924,0.37425354156731144
0.8924892489248926,0.3743034794079692
0.8925892589258926,0.3743534391691237
0.8926892689268927,0.3744034208977845
0.8927892789278928,0.3744534246382161
0.892889288928893,0.37450345043376837
0.892989298929893,0.37455349832746554
0.8930893089308931,0.3746035683619579
0.8931893189318932,0.37465366057951743
0.8932893289328934,0.37470377502203606
0.8933893389338934,0.3747539117310216
0.8934893489348935,0.37480407074759575
0.8935893589358936,0.37485425211249057
0.8936893689368938,0.37490445586604526
0.8937893789378938,0.3749546820482029
0.8938893889388939,0.3750049306985087
0.893989398939894,0.3750552018561049
0.8940894089408942,0.3751054955597294
0.8941894189418942,0.3751558118477111
0.8942894289428943,0.3752061507579679
0.8943894389438944,0.37525651232800294
0.8944894489448946,0.37530689659490096
0.8945894589458946,0.37535730359532604
0.8946894689468947,0.37540773336551714
0.8947894789478948,0.3754581859412857
0.894889488948895,0.3755086613580119
0.894989498949895,0.3755591596506414
0.8950895089508951,0.37560968085368185
0.8951895189518952,0.3756602250011992
0.8952895289528953,0.375710792126815
0.8953895389538954,0.3757613822637025
0.8954895489548955,0.37581199544465915
0.8955895589558956,0.3758626317013479
0.8956895689568957,0.37591329106236027
0.8957895789578958,0.37596397355535227
0.8958895889588959,0.3760146792081782
0.895989598959896,0.376065408048843
0.8960896089608961,0.3761161601054974
0.8961896189618962,0.3761669354064388
0.8962896289628963,0.3762177339801131
0.8963896389638965,0.37626855585511376
0.8964896489648965,0.3763194010601844
0.8965896589658966,0.3763702696242186
0.8966896689668967,0.37642116157626
0.8967896789678969,0.3764720769455023
0.8968896889688969,0.37652301576129305
0.896989698969897,0.376573978053134
0.8970897089708971,0.3766249638506814
0.8971897189718973,0.3766759731837463
0.8972897289728973,0.37672700608229615
0.8973897389738974,0.37677806257645513
0.8974897489748975,0.3768291426965051
0.8975897589758977,0.37688024647288665
0.8976897689768977,0.3769313739361999
0.8977897789778978,0.3769825251172052
0.8978897889788979,0.37703370004682424
0.8979897989798981,0.377084898756141
0.8980898089808981,0.37713612127640206
0.8981898189818982,0.3771873676390188
0.8982898289828983,0.3772386378755667
0.8983898389838985,0.3772899320177874
0.8984898489848985,0.37734125009758895
0.8985898589858986,0.3773925921470474
0.8986898689868987,0.3774439581984073
0.8987898789878989,0.37749534828408243
0.8988898889888989,0.377546762436657
0.898989898989899,0.3775982006888871
0.8990899089908991,0.3776496630737006
0.8991899189918993,0.377701149624199
0.8992899289928993,0.3777526603736578
0.8993899389938994,0.37780419535552806
0.8994899489948995,0.37785575460348225
0.8995899589958997,0.37790733815570776
0.8996899689968997,0.377958946056845
0.8997899789978998,0.37801057835209556
0.8998899889988999,0.3780622350871328
0.8999899989999001,0.3781139163081046
0.9000900090009001,0.37816562206163634
0.9001900190019002,0.3782173523948351
0.9002900290029003,0.37826910735529123
0.9003900390039005,0.378320886991083
0.9004900490049005,0.3783726913507788
0.9005900590059006,0.37842452048344094
0.9006900690069007,0.37847637443862836
0.9007900790079009,0.3785282532664002
0.9008900890089009,0.37858015701731906
0.900990099009901,0.37863208574245466
0.9010901090109011,0.378684039493386
0.9011901190119013,0.3787360183222064
0.9012901290129013,0.37878802228152525
0.9013901390139014,0.37884005142447313
0.9014901490149015,0.37889210580470334
0.9015901590159017,0.3789441854763644
0.9016901690169017,0.37899629049408246
0.9017901790179018,0.37904842091309093
0.9018901890189019,0.37910057678916487
0.9019901990199021,0.3791527581786194
0.9020902090209021,0.37920496513831503
0.9021902190219022,0.37925719772566063
0.9022902290229023,0.3793094559986207
0.9023902390239025,0.37936174001575745
0.9024902490249025,0.3794140498358594
0.9025902590259026,0.37946638551734024
0.9026902690269027,0.379518747118171
0.9027902790279028,0.3795711346958869
0.9028902890289029,0.3796235483075832
0.902990299029903,0.3796759880099113
0.9030903090309031,0.3797284538590748
0.9031903190319032,0.37978094591082506
0.9032903290329033,0.3798334642204466
0.9033903390339034,0.37988600884267254
0.9034903490349036,0.3799385798318557
0.9035903590359036,0.37999117724190606
0.9036903690369037,0.38004380112626057
0.9037903790379038,0.38009645153787947
0.903890389038904,0.38014912852924143
0.903990399039904,0.38020183215233916
0.9040904090409041,0.38025456245867534
0.9041904190419042,0.3803073194992581
0.9042904290429044,0.38036010332459624
0.9043904390439044,0.38041291398469423
0.9044904490449045,0.38046575152904905
0.9045904590459046,0.3805186160066439
0.9046904690469048,0.38057150746594465
0.9047904790479048,0.3806244259548895
0.9048904890489049,0.3806773715208254
0.904990499049905,0.38073034421062424
0.9050905090509052,0.38078334407064546
0.9051905190519052,0.3808363711467077
0.9052905290529053,0.3808894254840839
0.9053905390539054,0.38094250712749506
0.9054905490549056,0.38099561612110644
0.9055905590559056,0.38104875250852194
0.9056905690569057,0.3811019163327796
0.9057905790579058,0.3811551076363453
0.905890589058906,0.3812083264611093
0.905990599059906,0.3812615728483796
0.9060906090609061,0.3813148468388768
0.9061906190619062,0.38136814847273315
0.9062906290629064,0.3814214777896556
0.9063906390639064,0.38147483482905303
0.9064906490649065,0.3815282196300031
0.9065906590659066,0.38158163223124975
0.9066906690669068,0.3816350726711996
0.9067906790679068,0.3816885409879188
0.9068906890689069,0.38174203721912997
0.906990699069907,0.3817955614022079
0.9070907090709072,0.38184911357417817
0.9071907190719072,0.38190269377171165
0.9072907290729073,0.38195630203112313
0.9073907390739074,0.3820099383883686
0.9074907490749076,0.38206360287905566
0.9075907590759076,0.38211729553842244
0.9076907690769077,0.3821710164013356
0.9077907790779078,0.382224765502288
0.907890789078908,0.3822785428753952
0.907990799079908,0.3823323485543921
0.9080908090809081,0.38238618257262924
0.9081908190819082,0.38244004496306994
0.9082908290829084,0.3824939357582854
0.9083908390839084,0.3825478549904517
0.9084908490849085,0.3826018026913481
0.9085908590859086,0.3826557788924055
0.9086908690869088,0.3827097836246378
0.9087908790879088,0.38276381691861716
0.9088908890889089,0.3828178788045261
0.908990899089909,0.3828719693126671
0.9090909090909092,0.3829260884741538
0.9091909190919092,0.38298023632087347
0.9092909290929093,0.38303441288548673
0.9093909390939094,0.3830886182014353
0.9094909490949096,0.3831428523029468
0.9095909590959096,0.383197115225047
0.9096909690969097,0.38325140700356963
0.9097909790979098,0.3833057276751166
0.90989098909891,0.3833600772770988
0.90999099909991,0.3834144558477434
0.9100910091009101,0.3834688634261032
0.9101910191019102,0.38352330005206076
0.9102910291029104,0.383577765766337
0.9103910391039104,0.38363226061049643
0.9104910491049105,0.38368678462695455
0.9105910591059106,0.3837413378589698
0.9106910691069107,0.3837959203506035
0.9107910791079108,0.3838505321468254
0.9108910891089109,0.38390517329348767
0.910991099109911,0.38395984383732756
0.9110911091109111,0.38401454382597305
0.9111911191119112,0.3840692733079511
0.9112911291129113,0.3841240323326934
0.9113911391139115,0.3841788209505442
0.9114911491149115,0.3842336392127653
0.9115911591159116,0.38428848717140274
0.9116911691169117,0.3843433648794719
0.9117911791179119,0.3843982723910007
0.9118911891189119,0.3844532097609654
0.911991199119912,0.38450817704529844
0.9120912091209121,0.3845631743008957
0.9121912191219123,0.38461820158562443
0.9122912291229123,0.3846732589583299
0.9123912391239124,0.38472834647883813
0.9124912491249125,0.38478346420772763
0.9125912591259127,0.38483861220651094
0.9126912691269127,0.38489379053593964
0.9127912791279128,0.3849489992561603
0.9128912891289129,0.38500423842822523
0.9129912991299131,0.38505950811403383
0.9130913091309131,0.38511480837634166
0.9131913191319132,0.3851701392787648
0.9132913291329133,0.3852255008856908
0.9133913391339135,0.38528089326211956
0.9134913491349135,0.3853363164742229
0.9135913591359136,0.38539177058908897
0.9136913691369137,0.3854472556747011
0.9137913791379139,0.38550277179994524
0.9138913891389139,0.3855583190346164
0.913991399139914,0.38561389744942703
0.9140914091409141,0.3856695071159459
0.9141914191419143,0.38572514810625247
0.9142914291429143,0.38578082049371476
0.9143914391439144,0.3858365243527366
0.9144914491449145,0.38589225975867436
0.9145914591459147,0.385948026787845
0.9146914691469147,0.38600382551753365
0.9147914791479148,0.3860596560260015
0.9148914891489149,0.38611551839234715
0.9149914991499151,0.3861714126961803
0.9150915091509151,0.38622733901862916
0.9151915191519152,0.38628329744199197
0.9152915291529153,0.386339288047081
0.9153915391539155,0.3863953109109491
0.9154915491549155,0.3864513661100387
0.9155915591559156,0.38650745372078105
0.9156915691569157,0.3865635738191431
0.9157915791579159,0.38661972648106613
0.9158915891589159,0.3866759117827466
0.915991599159916,0.38673212980029686
0.9160916091609161,0.3867883806097411
0.9161916191619163,0.3868446642870152
0.9162916291629163,0.3869009809079632
0.9163916391639164,0.38695733054814196
0.9164916491649165,0.3870137132827215
0.9165916591659167,0.3870701291872484
0.9166916691669167,0.3871265783371951
0.9167916791679168,0.38718306080793274
0.916891689168917,0.38723957667472936
0.9169916991699171,0.3872961260127474
0.9170917091709171,0.3873527088968767
0.9171917191719172,0.38740932540157424
0.9172917291729173,0.38746597560165424
0.9173917391739175,0.38752265957185056
0.9174917491749175,0.38757937738678044
0.9175917591759176,0.3876361291209431
0.9176917691769177,0.38769291484871593
0.9177917791779179,0.3877497346441025
0.9178917891789179,0.38780658858083117
0.917991799179918,0.38786347673291405
0.9180918091809182,0.3879203991742384
0.9181918191819182,0.3879773559785587
0.9182918291829183,0.38803434721949465
0.9183918391839184,0.3880913729705075
0.9184918491849186,0.3881484333045028
0.9185918591859186,0.388205528294519
0.9186918691869187,0.38826265801362825
0.9187918791879188,0.38831982253475517
0.918891889188919,0.3883770219306735
0.918991899189919,0.3884342562740037
0.9190919091909191,0.3884915256370039
0.9191919191919192,0.38854883009161156
0.9192919291929194,0.3886061697099847
0.9193919391939194,0.38866354456412544
0.9194919491949195,0.38872095472586876
0.9195919591959196,0.3887784002668801
0.9196919691969198,0.3888358812585553
0.9197919791979198,0.3888933977718134
0.9198919891989199,0.3889509498777711
0.91999199919992,0.38900853764741
0.9200920092009202,0.38906616115152654
0.9201920192019202,0.38912382046073035
0.9202920292029203,0.38918151564537257
0.9203920392039204,0.38923924677531724
0.9204920492049206,0.3892970139205613
0.9205920592059206,0.38935481715096004
0.9206920692069207,0.3894126565361662
0.9207920792079208,0.38947053214562577
0.920892089208921,0.3895284440484962
0.920992099209921,0.3895863923134932
0.9210921092109211,0.3896443770094195
0.9211921192119212,0.38970239820489294
0.9212921292129214,0.3897604559680528
0.9213921392139214,0.3898185503714703
0.9214921492149215,0.3898766814982928
0.9215921592159216,0.38993484943305956
0.9216921692169218,0.3899930542607357
0.9217921792179218,0.39005129606617644
0.9218921892189219,0.39010957493411147
0.921992199219922,0.39016789094912074
0.9220922092209222,0.3902262441950334
0.9221922192219222,0.3902846347558928
0.9222922292229223,0.3903430627159207
0.9223922392239224,0.3904015281591979
0.9224922492249226,0.39046003116966155
0.9225922592259226,0.39051857183087635
0.9226922692269227,0.3905771502258386
0.9227922792279228,0.3906357664380222
0.922892289228923,0.39069442055078785
0.922992299229923,0.3907531126473369
0.9230923092309231,0.39081184281066433
0.9231923192319232,0.39087061112302574
0.9232923292329234,0.3909294176669512
0.9233923392339234,0.3909882625250053
0.9234923492349235,0.39104714577957655
0.9235923592359236,0.39110606751287386
0.9236923692369238,0.3911650278064813
0.9237923792379238,0.3912240267419045
0.9238923892389239,0.39128306440083105
0.923992399239924,0.3913421408647552
0.9240924092409242,0.39140125621497457
0.9241924192419242,0.391460410532288
0.9242924292429243,0.3915196038971783
0.9243924392439244,0.39157883639036634
0.9244924492449246,0.3916381080923647
0.9245924592459246,0.39169741908347155
0.9246924692469247,0.3917567694435271
0.9247924792479248,0.3918161592519975
0.924892489248925,0.391875588588547
0.924992499249925,0.391935057532615
0.9250925092509251,0.3919945661634073
0.9251925192519252,0.3920541145596569
0.9252925292529254,0.3921137027997776
0.9253925392539254,0.3921733309622873
0.9254925492549255,0.3922329991254568
0.9255925592559257,0.39229270736729976
0.9256925692569257,0.39235245576531075
0.9257925792579258,0.39241224439679734
0.9258925892589259,0.3924720733390299
0.925992599259926,0.39253194266900626
0.9260926092609261,0.39259185246343087
0.9261926192619262,0.3926518027984821
0.9262926292629263,0.3927117937502591
0.9263926392639265,0.39277182539467465
0.9264926492649265,0.3928318978073453
0.9265926592659266,0.39289201106353705
0.9266926692669267,0.39295216523808085
0.9267926792679269,0.39301236040571097
0.9268926892689269,0.39307259664086847
0.926992699269927,0.39313287401767544
0.9270927092709271,0.39319319260985974
0.9271927192719273,0.39325355249091354
0.9272927292729273,0.39331395373106387
0.9273927392739274,0.39337439639547006
0.9274927492749275,0.39343488054996095
0.9275927592759277,0.39349540626173124
0.9276927692769277,0.39355597359900174
0.9277927792779278,0.39361658263119786
0.9278927892789279,0.3936772334289944
0.9279927992799281,0.39373792606429436
0.9280928092809281,0.39379866061019386
0.9281928192819282,0.39385943714106636
0.9282928292829283,0.3939202557325841
0.9283928392839285,0.39398111646166034
0.9284928492849285,0.39404201940632066
0.9285928592859286,0.3941029646460688
0.9286928692869287,0.3941639522617723
0.9287928792879289,0.39422498233562264
0.9288928892889289,0.39428605495076263
0.928992899289929,0.39434717019195464
0.9290929092909291,0.3944083281454679
0.9291929192919293,0.39446952889898107
0.9292929292929293,0.39453077254104496
0.9293929392939294,0.3945920591617876
0.9294929492949295,0.39465338885309265
0.9295929592959297,0.3947147617083197
0.9296929692969297,0.39477617782173596
0.9297929792979298,0.39483763728896454
0.9298929892989299,0.39489914020772554
0.9299929992999301,0.3949606866772741
0.9300930093009301,0.39502227679782914
0.9301930193019302,0.39508391067072685
0.9302930293029303,0.39514558839974334
0.9303930393039305,0.3952073100902633
0.9304930493049305,0.3952690758486232
0.9305930593059306,0.3953308857806634
0.9306930693069307,0.3953927399915
0.9307930793079309,0.39545463858783825
0.9308930893089309,0.39551658167765225
0.930993099309931,0.39557856937019603
0.9310931093109311,0.3956406017778383
0.9311931193119313,0.3957026790149759
0.9312931293129313,0.39576480119704066
0.9313931393139314,0.39582696844094106
0.9314931493149315,0.39588918086697017
0.9315931593159317,0.39595143859751775
0.9316931693169317,0.3960137417555599
0.9317931793179318,0.3960760904661842
0.931893189318932,0.39613848485793157
0.9319931993199321,0.39620092506145116
0.9320932093209321,0.3962634112074006
0.9321932193219322,0.39632594342961885
0.9322932293229323,0.396388521865227
0.9323932393239325,0.396451146653264
0.9324932493249325,0.39651381793244345
0.9325932593259326,0.39657653584586244
0.9326932693269328,0.39663930053958
0.9327932793279329,0.3967021121609926
0.9328932893289329,0.39676497085672857
0.932993299329933,0.39682787676833375
0.9330933093309332,0.3968908300317577
0.9331933193319332,0.396953830782069
0.9332933293329333,0.3970168791550779
0.9333933393339334,0.39707997528884525
0.9334933493349336,0.3971431193218045
0.9335933593359336,0.3972063113907063
0.9336933693369337,0.39726955163484995
0.9337933793379338,0.39733284019483156
0.933893389338934,0.39739617721073717
0.933993399339934,0.39745956282208644
0.9340934093409341,0.3975229971713437
0.9341934193419342,0.39758648040157896
0.9342934293429344,0.39765001265408406
0.9343934393439344,0.3977135940723649
0.9344934493449345,0.3977772248016078
0.9345934593459346,0.3978409049865648
0.9346934693469348,0.39790463477118293
0.9347934793479348,0.3979684143025707
0.9348934893489349,0.3980322437284508
0.934993499349935,0.3980961231946274
0.9350935093509352,0.3981600528494515
0.9351935193519352,0.39822403284291524
0.9352935293529353,0.3982880633241091
0.9353935393539354,0.398352144442041
0.9354935493549356,0.3984162763488047
0.9355935593559356,0.39848045919668496
0.9356935693569357,0.3985446931361405
0.9357935793579358,0.3986089783209782
0.935893589358936,0.39867331490615304
0.935993599359936,0.39873770304452877
0.9360936093609361,0.3988021428932766
0.9361936193619362,0.3988666346200299
0.9362936293629364,0.39893117839235714
0.9363936393639364,0.3989957743760019
0.9364936493649365,0.39906042273914705
0.9365936593659366,0.3991251236483191
0.9366936693669368,0.3991898772667441
0.9367936793679368,0.39925468376027223
0.9368936893689369,0.3993195432939591
0.936993699369937,0.39938445602907147
0.9370937093709372,0.3994494221288214
0.9371937193719372,0.399514441756354
0.9372937293729373,0.3995795150712155
0.9373937393739374,0.3996446422338159
0.9374937493749376,0.39970982340507255
0.9375937593759376,0.399775058742812
0.9376937693769377,0.39984034840457616
0.9377937793779378,0.39990569254883224
0.937893789378938,0.3999710913315001
0.937993799379938,0.4000365449072717
0.9380938093809381,0.4001020534320046
0.9381938193819382,0.4001676170593371
0.9382938293829384,0.40023323594124427
0.9383938393839384,0.40029891024383196
0.9384938493849385,0.40036464014558487
0.9385938593859386,0.40043042582219784
0.9386938693869388,0.4004962674512649
0.9387938793879388,0.4005621652073167
0.9388938893889389,0.40062811926148956
0.938993899389939,0.40069412978651225
0.9390939093909392,0.40076019695212334
0.9391939193919392,0.4008263209248444
0.9392939293929393,0.4008925018723224
0.9393939393939394,0.4009587399591699
0.9394939493949396,0.4010250353471261
0.9395939593959396,0.40109138819851037
0.9396939693969397,0.40115779867250495
0.9397939793979398,0.40122426692586993
0.93989398939894,0.4012907931153202
0.93999399939994,0.40135737739433386
0.9400940094009401,0.4014240199144637
0.9401940194019403,0.4014907208264974
0.9402940294029404,0.40155748027801874
0.9403940394039404,0.4016242984150477
0.9404940494049405,0.40169117538210686
0.9405940594059407,0.40175811132079026
0.9406940694069407,0.40182510637112945
0.9407940794079408,0.4018921606710967
0.9408940894089409,0.401959274356176
0.940994099409941,0.40202644755990885
0.9410941094109411,0.4020936804135134
0.9411941194119412,0.40216097304613174
0.9412941294129413,0.40222832558433297
0.9413941394139415,0.4022957381497772
0.9414941494149415,0.4023632108544867
0.9415941594159416,0.4024307438085703
0.9416941694169417,0.4024983371246835
0.9417941794179419,0.40256599091602885
0.9418941894189419,0.4026337052963024
0.941994199419942,0.4027014803817776
0.9420942094209421,0.40276931628865975
0.9421942194219423,0.40283721313452736
0.9422942294229423,0.40290517103900136
0.9423942394239424,0.40297319012163957
0.9424942494249425,0.4030412705041444
0.9425942594259427,0.40310941230925545
0.9426942694269427,0.40317761566035165
0.9427942794279428,0.403245880683095
0.9428942894289429,0.4033142075035554
0.9429942994299431,0.4033825962492817
0.9430943094309431,0.4034510470495853
0.9431943194319432,0.40351956003430545
0.9432943294329433,0.4035881353352971
0.9433943394339435,0.403656773085412
0.9434943494349435,0.4037254734187401
0.9435943594359436,0.4037942364722542
0.9436943694369437,0.40386306238692776
0.9437943794379439,0.4039319513082313
0.9438943894389439,0.4040009033861345
0.943994399439944,0.4040699187755024
0.9440944094409441,0.4041389976349588
0.9441944194419443,0.4042081401289144
0.9442944294429443,0.40427734642571556
0.9443944394439444,0.4043466166984308
0.9444944494449445,0.4044159511262913
0.9445944594459447,0.4044853498910632
0.9446944694469447,0.4045548131821539
0.9447944794479448,0.4046243411921745
0.9448944894489449,0.40469393411903865
0.9449944994499451,0.40476359216778157
0.9450945094509451,0.40483331554489915
0.9451945194519452,0.4049031044666907
0.9452945294529453,0.40497295915102843
0.9453945394539455,0.40504287982309156
0.9454945494549455,0.4051128667147829
0.9455945594559456,0.4051829200593611
0.9456945694569457,0.40525304010186364
0.9457945794579459,0.40532322708652385
0.9458945894589459,0.4053934812686908
0.945994599459946,0.40546380290739237
0.9460946094609461,0.4055341922659606
0.9461946194619463,0.4056046496190712
0.9462946294629463,0.40567517523954677
0.9463946394639464,0.4057457694155031
0.9464946494649465,0.40581643243316856
0.9465946594659467,0.40588716458720914
0.9466946694669467,0.4059579661714961
0.9467946794679468,0.4060288374775274
0.946894689468947,0.406099778804034
0.9469946994699471,0.4061707904415908
0.9470947094709471,0.40624187269102585
0.9471947194719472,0.4063130258448612
0.9472947294729473,0.40638425020338775
0.9473947394739475,0.4064555460634519
0.9474947494749475,0.4065269137230993
0.9475947594759476,0.4065983534840668
0.9476947694769478,0.4066698656426788
0.9477947794779479,0.4067414505039302
0.9478947894789479,0.4068131083644844
0.947994799479948,0.4068848395307096
0.9480948094809482,0.40695664430128226
0.9481948194819483,0.4070285229824316
0.9482948294829483,0.4071004758761593
0.9483948394839484,0.4071725032874554
0.9484948494849486,0.40724460552559505
0.9485948594859486,0.4073167829099776
0.9486948694869487,0.40738903576488156
0.9487948794879488,0.4074613644027893
0.948894889488949,0.40753376913985007
0.948994899489949,0.4076062502792963
0.9490949094909491,0.40767880812776985
0.9491949194919492,0.4077514429796848
0.9492949294929494,0.4078241551312371
0.9493949394939494,0.4078969448680478
0.9494949494949495,0.4079698124752662
0.9495949594959496,0.4080427582294281
0.9496949694969498,0.4081157824042818
0.9497949794979498,0.40818888526675573
0.9498949894989499,0.40826206707901197
0.94999499949995,0.4083353280976863
0.9500950095009502,0.4084086685732817
0.9501950195019502,0.40848208875133324
0.9502950295029503,0.40855558887064763
0.9503950395039504,0.4086291691648988
0.9504950495049506,0.4087028298610302
0.9505950595059506,0.40877657118019844
0.9506950695069507,0.408850393337195
0.9507950795079508,0.40892429654008183
0.950895089508951,0.4089982809911178
0.950995099509951,0.4090723468847467
0.9510951095109511,0.40914649441024475
0.9511951195119512,0.40922072374904284
0.9512951295129514,0.40929503513105614
0.9513951395139514,0.40936942885301736
0.9514951495149515,0.40944390520481255
0.9515951595159516,0.4095184644727871
0.9516951695169518,0.4095931069335816
0.9517951795179518,0.40966783285908
0.9518951895189519,0.40974264251221626
0.951995199519952,0.4098175361499301
0.9520952095209522,0.4098925140208078
0.9521952195219522,0.40996757636642567
0.9522952295229523,0.4100427234202649
0.9523952395239524,0.41011795540822427
0.9524952495249526,0.41019327254777677
0.9525952595259526,0.41026867504892983
0.9526952695269527,0.4103441631121573
0.9527952795279528,0.41041973693133077
0.952895289528953,0.41049539668899376
0.952995299529953,0.4105711425624998
0.9530953095309531,0.41064697471579836
0.9531953195319532,0.4107228933049772
0.9532953295329534,0.41079889844565
0.9533953395339534,0.4108749902527165
0.9534953495349535,0.4109511688342013
0.9535953595359536,0.4110274343077627
0.9536953695369538,0.4111037867860431
0.9537953795379538,0.41118022638821766
0.9538953895389539,0.4112567532327567
0.953995399539954,0.41133336743964316
0.9540954095409542,0.41141006913349976
0.9541954195419542,0.4114868584356492
0.9542954295429543,0.41156373547595626
0.9543954395439544,0.4116407003785919
0.9544954495449546,0.41171775327731086
0.9545954595459546,0.4117948943008207
0.9546954695469547,0.4118721235852484
0.9547954795479549,0.41194944126568955
0.954895489548955,0.4120268474794528
0.954995499549955,0.41210434236859067
0.9550955095509551,0.41218192607225296
0.9551955195519553,0.41225959873801843
0.9552955295529554,0.4123373605091314
0.9553955395539554,0.4124152115366551
0.9554955495549555,0.4124931519703064
0.9555955595559557,0.4125711819629672
0.9556955695569558,0.4126493016720513
0.9557955795579558,0.41272751124085993
0.9558955895589559,0.412805810673462
0.955995599559956,0.41288419989195957
0.9560956095609561,0.41296267886139165
0.9561956195619562,0.4130412475732859
0.9562956295629563,0.4131199060477346
0.9563956395639565,0.41319865434554137
0.9564956495649565,0.413277492550949
0.9565956595659566,0.4133564207898804
0.9566956695669567,0.41343543921795806
0.9567956795679569,0.4135145480269378
0.9568956895689569,0.41359374744425265
0.956995699569957,0.4136730377331263
0.9570957095709571,0.4137524191933733
0.9571957195719573,0.413831892161512
0.9572957295729573,0.4139114570148261
0.9573957395739574,0.41399111416325063
0.9574957495749575,0.4140708640641361
0.9575957595759577,0.4141507072081442
0.9576957695769577,0.4142306441147712
0.9577957795779578,0.4143106753083651
0.9578957895789579,0.4143908013238012
0.9579957995799581,0.41447102273355746
0.9580958095809581,0.41455134013278894
0.9581958195819582,0.4146317541384918
0.9582958295829583,0.4147122654105505
0.9583958395839585,0.41479287462310455
0.9584958495849585,0.414873582483539
0.9585958595859586,0.4149543897387161
0.9586958695869587,0.4150352971480157
0.9587958795879589,0.4151163055168785
0.9588958895889589,0.4151974156790948
0.958995899589959,0.4152786284875301
0.9590959095909591,0.4153599448491088
0.9591959195919593,0.41544136568953316
0.9592959295929593,0.41552289196239056
0.9593959395939594,0.41560452467880454
0.9594959495949595,0.4156862648634432
0.9595959595959597,0.41576811357697313
0.9596959695969597,0.4158500719388017
0.9597959795979598,0.4159321410800277
0.9598959895989599,0.41601432217427564
0.9599959995999601,0.41609661645502904
0.9600960096009601,0.41617902516966965
0.9601960196019602,0.41626154980089897
0.9602960296029603,0.4163441922660618
0.9603960396039605,0.4164269544086105
0.9604960496049605,0.4165098380196459
0.9605960596059606,0.41659284485052944
0.9606960696069607,0.4166759765452701
0.9607960796079609,0.416759234684572
0.9608960896089609,0.4168426208018096
0.960996099609961,0.41692613632750697
0.9610961096109611,0.4170097826175971
0.9611961196119613,0.4170935609698583
0.9612961296129613,0.41717747258500254
0.9613961396139614,0.4172615185789673
0.9614961496149615,0.41734569999441284
0.9615961596159617,0.4174300177830253
0.9616961696169617,0.4175144728023337
0.9617961796179618,0.41759906582361556
0.961896189618962,0.4176837975319148
0.9619961996199621,0.4177686686138775
0.9620962096209621,0.41785367971868
0.9621962196219622,0.417938831401385
0.9622962296229624,0.4180241241161223
0.9623962396239625,0.4181095582200346
0.9624962496249625,0.4181951339696562
0.9625962596259626,0.41828085150683164
0.9626962696269628,0.4183667108707897
0.9627962796279629,0.4184527119948184
0.9628962896289629,0.4185388546965799
0.962996299629963,0.4186251386639054
0.9630963096309632,0.4187115634794545
0.9631963196319633,0.4187981286080181
0.9632963296329633,0.41888483338448634
0.9633963396339634,0.41897167699974946
0.9634963496349636,0.41905865853399304
0.9635963596359636,0.41914577693814664
0.9636963696369637,0.4192330311447288
0.9637963796379638,0.41932042052995866
0.963896389638964,0.41940794462131514
0.963996399639964,0.4194956029795618
0.9640964096409641,0.41958339519827775
0.9641964196419642,0.4196713208961983
0.9642964296429644,0.4197593797344792
0.9643964396439644,0.41984757141575246
0.9644964496449645,0.41993589567987516
0.9645964596459646,0.42002435230320684
0.9646964696469648,0.42011294109702113
0.9647964796479648,0.42020166192117203
0.9648964896489649,0.4202905146778431
0.964996499649965,0.42037949931174123
0.9650965096509652,0.4204686158097717
0.9651965196519652,0.42055786420222363
0.9652965296529653,0.42064724457016156
0.9653965396539654,0.42073675704182106
0.9654965496549656,0.4208264017934882
0.9655965596559656,0.4209161790504187
0.9656965696569657,0.42100608908769505
0.9657965796579658,0.4210961322344686
0.965896589658966,0.4211863088710717
0.965996599659966,0.4212766194248335
0.9660966096609661,0.42136706438606797
0.9661966196619662,0.4214576443160292
0.9662966296629664,0.4215483598495139
0.9663966396639664,0.4216392116947343
0.9664966496649665,0.42173020063503386
0.9665966596659666,0.4218213275306222
0.9666966696669668,0.4219125933203367
0.9667966796679668,0.4220039990241829
0.9668966896689669,0.4220955457475802
0.966996699669967,0.4221872346780474
0.9670967096709672,0.42227906708878954
0.9671967196719672,0.42237104434104167
0.9672967296729673,0.42246316788614013
0.9673967396739674,0.42255543926765554
0.9674967496749676,0.42264786012437094
0.9675967596759676,0.4227404321959005
0.9676967696769677,0.4228331573176113
0.9677967796779678,0.4229260374255747
0.967896789678968,0.42301907455980015
0.967996799679968,0.42311227086576936
0.9680968096809681,0.42320562865119976
0.9681968196819682,0.42329915061105167
0.9682968296829684,0.4233928395251289
0.9683968396839684,0.4234866981009858
0.9684968496849685,0.4235807289718886
0.9685968596859686,0.42367493469232875
0.9686968696869688,0.42376931773906157
0.9687968796879688,0.4238638805086779
0.9688968896889689,0.42395862531505585
0.968996899689969,0.4240535543866849
0.9690969096909692,0.4241486698638691
0.9691969196919692,0.4242439737958072
0.9692969296929693,0.42433946813754686
0.9693969396939695,0.4244351547468164
0.9694969496949696,0.42453103538073234
0.9695969596959696,0.4246271116924105
0.9696969696969697,0.4247233852133107
0.9697969796979699,0.4248198573321777
0.96989698969897,0.4249165293015597
0.96999699969997,0.4250134022342998
0.9700970097009701,0.42511047709887556
0.9701970197019703,0.42520775471461186
0.9702970297029704,0.4253052357467767
0.9703970397039704,0.42540292070156105
0.9704970497049705,0.42550080992095257
0.9705970597059707,0.4255989035775098
0.9706970697069708,0.4256972016690448
0.9707970797079708,0.4257957040132234
0.9708970897089709,0.4258944102420957
0.9709970997099711,0.42599331979656263
0.9710971097109711,0.4260924319191947
0.9711971197119712,0.42619174576884816
0.9712971297129713,0.4262912613111197
0.9713971397139715,0.42639097891770517
0.9714971497149715,0.42649089897719217
0.9715971597159716,0.42659102189655834
0.9716971697169717,0.42669134810176385
0.9717971797179719,0.4267918780383587
0.9718971897189719,0.4268926121720998
0.971997199719972,0.4269935509895837
0.9720972097209721,0.4270946949988894
0.9721972197219723,0.427196044730237
0.9722972297229723,0.4272976007366598
0.9723972397239724,0.42739936359474284
0.9724972497249725,0.42750133390549233
0.9725972597259727,0.42760351229460847
0.9726972697269727,0.427705899413394
0.9727972797279728,0.42780849593953746
0.9728972897289729,0.42791130257787763
0.9729972997299731,0.42801432006118606
0.9730973097309731,0.42811754915097866
0.9731973197319732,0.42822099064400576
0.9732973297329733,0.428324645388103
0.9733973397339735,0.4284285142868885
0.9734973497349735,0.42853259830131324
0.9735973597359736,0.4286368984513611
0.9736973697369737,0.4287414158176476
0.9737973797379739,0.4288461515430341
0.9738973897389739,0.4289511068346621
0.973997399739974,0.4290562829658457
0.9740974097409741,0.4291616812780025
0.9741974197419743,0.429267303182638
0.9742974297429743,0.42937315016339245
0.9743974397439744,0.42947922377773273
0.9744974497449745,0.4295855256581683
0.9745974597459747,0.42969205751660833
0.9746974697469747,0.42979882114592344
0.9747974797479748,0.4299058184222431
0.9748974897489749,0.430013051307422
0.9749974997499751,0.43012052184966854
0.9750975097509751,0.43022823184332676
0.9751975197519752,0.4303361824713303
0.9752975297529753,0.43044437491311816
0.9753975397539755,0.43055281041958343
0.9754975497549755,0.4306614903153497
0.9755975597559756,0.4307704160006813
0.9756975697569757,0.43087958895344064
0.9757975797579759,0.4309890107323243
0.9758975897589759,0.4310986829794457
0.975997599759976,0.43120860742279504
0.9760976097609761,0.43131878587621597
0.9761976197619763,0.4314292202456626
0.9762976297629763,0.43153991253205337
0.9763976397639764,0.43165086486061083
0.9764976497649765,0.43176207964306007
0.9765976597659767,0.4318735594270105
0.9766976697669767,0.4319853068109973
0.9767976797679768,0.4320973244406531
0.976897689768977,0.4322096150016648
0.9769976997699771,0.4323221812325699
0.9770977097709771,0.4324350259270449
0.9771977197719772,0.4325481519283483
0.9772977297729774,0.43266156212345996
0.9773977397739775,0.43277525946374257
0.9774977497749775,0.43288924695778985
0.9775977597759776,0.4330035276595755
0.9776977697769778,0.4331181046877003
0.9777977797779779,0.43323298122711384
0.9778977897789779,0.43334816051299413
0.977997799779978,0.4334636458452779
0.9780978097809782,0.43357944059911396
0.9781978197819783,0.43369554832273427
0.9782978297829783,0.4338119730564062
0.9783978397839784,0.4339287188384675
0.9784978497849786,0.43404578953447914
0.9785978597859786,0.43416318886516375
0.9786978697869787,0.43428092038716243
0.9787978797879788,0.43439898746929884
0.978897889788979,0.43451739331010064
0.978997899789979,0.43463614090866953
0.9790979097909791,0.43475523306270164
0.9791979197919792,0.43487467235846894
0.9792979297929794,0.4349944611608604
0.9793979397939794,0.43511460156960713
0.9794979497949795,0.43523509500890334
0.9795979597959796,0.4353559424217163
0.9796979697969798,0.43547714469049054
0.9797979797979798,0.43559870265043144
0.9798979897989799,0.43572061706074183
0.97999799979998,0.4358428886437082
0.9800980098009802,0.4359655180302071
0.9801980198019802,0.43608850581653963
0.9802980298029803,0.43621185249794864
0.9803980398039804,0.43633555853324535
0.9804980498049806,0.4364596242722737
0.9805980598059806,0.43658405010899654
0.9806980698069807,0.4367088370290955
0.9807980798079808,0.4368339865375322
0.980898089808981,0.4369595004254449
0.980998099809981,0.43708538080997145
0.9810981098109811,0.43721163013186537
0.9811981198119812,0.43733825117866043
0.9812981298129814,0.43746524709320617
0.9813981398139814,0.4375926213972779
0.9814981498149815,0.4377203779912711
0.9815981598159816,0.4378485211978472
0.9816981698169818,0.43797705574353807
0.9817981798179818,0.43810598681136254
0.9818981898189819,0.4382353200414105
0.981998199819982,0.43836506153740334
0.9820982098209822,0.4384952179376459
0.9821982198219822,0.438625796372058
0.9822982298229823,0.4387568045237768
0.9823982398239824,0.43888825067533055
0.9824982498249826,0.43902014366739406
0.9825982598259826,0.43915249361582664
0.9826982698269827,0.43928531409517635
0.9827982798279828,0.4394186192470252
0.982898289828983,0.4395524229388973
0.982998299829983,0.43968673876143965
0.9830983098309831,0.4398215799140917
0.9831983198319832,0.4399569592348213
0.9832983298329834,0.4400928893107611
0.9833983398339834,0.44022938277276064
0.9834983498349835,0.4403664515517735
0.9835983598359836,0.44050410663279677
0.9836983698369838,0.44064235798336276
0.9837983798379838,0.4407812144694973
0.9838983898389839,0.44092068376635607
0.983998399839984,0.4410607722830954
0.9840984098409842,0.4412014850699526
0.9841984198419842,0.44134282571980465
0.9842984298429843,0.4414847962624498
0.9843984398439845,0.4416273970544155
0.9844984498449846,0.4417706266809277
0.9845984598459846,0.44191448183833854
0.9846984698469847,0.44205895724865674
0.9847984798479849,0.44220404843208827
0.984898489848985,0.44234975443741376
0.984998499849985,0.44249607449057143
0.9850985098509851,0.44264300765183473
0.9851985198519853,0.4427905528119422
0.9852985298529854,0.44293870868820284
0.9853985398539854,0.44308747382063235
0.9854985498549855,0.4432368465681269
0.9855985598559857,0.44338682510468064
0.9856985698569858,0.4435374074135711
0.9857985798579858,0.4436885916760317
0.9858985898589859,0.44384037759967565
0.9859985998599861,0.4439927658108255
0.9860986098609862,0.444145757636708
0.9861986198619862,0.44429935515225516
0.9862986298629863,0.44445356122704854
0.9863986398639865,0.44460837957436994
0.9864986498649865,0.44476381480144406
0.9865986598659866,0.4449198724601798
0.9866986698669867,0.4450765591046995
0.9867986798679869,0.4452338823502782
0.9868986898689869,0.4453918509354733
0.986998699869987,0.44555047478549425
0.9870987098709871,0.4457097650734927
0.9871987198719873,0.4458697343085273
0.9872987298729873,0.44603039641070036
0.9873987398739874,0.4461917653149938
0.9874987498749875,0.44635385295989694
0.9875987598759877,0.4465166715004565
0.9876987698769877,0.44668023365946646
0.9877987798779878,0.4468445527412216
0.9878987898789879,0.44700964266789206
0.9879987998799881,0.44717551803423183
0.9880988098809881,0.44734219410803683
0.9881988198819882,0.44750968688342846
0.9882988298829883,0.4476780131433348
0.9883988398839885,0.4478471904446618
0.9884988498849885,0.4480172372352988
0.9885988598859886,0.4481881727754868
0.9886988698869887,0.4483600158079132
0.9887988798879889,0.4485327842239898
0.9888988898889889,0.4487064960213425
0.988998899889989,0.4488811693461938
0.9890989098909891,0.449056822466423
0.9891989198919893,0.44923347376551803
0.9892989298929893,0.4494111417353136
0.9893989398939894,0.4495898449378817
0.9894989498949895,0.44976960292437
0.9895989598959897,0.449950437616297
0.9896989698969897,0.4501323714923099
0.9897989798979898,0.4503154272582959
0.98989898989899,0.4504996278043262
0.9899989998999901,0.45068499620470603
0.9900990099009901,0.45087155570176146
0.9901990199019902,0.45105932967160517
0.9902990299029903,0.451248341598026
0.9903990399039905,0.4514386150454964
0.9904990499049905,0.45163017362353985
0.9905990599059906,0.4518230409468468
0.9906990699069907,0.4520172405907025
0.9907990799079909,0.45221279604118636
0.9908990899089909,0.45240973064041146
0.990999099909991,0.4526080675251414
0.9910991099109911,0.4528078296040783
0.9911991199119913,0.4530090425815957
0.9912991299129913,0.45321173672419945
0.9913991399139914,0.4534159425903721
0.9914991499149916,0.45362169150785747
0.9915991599159917,0.45382901589415353
0.9916991699169917,0.4540379493107785
0.9917991799179918,0.4542485265206799
0.991899189918992,0.45446078354508707
0.9919991999199921,0.45467475773358546
0.9920992099209921,0.4548904878353508
0.9921992199219922,0.45510801406395135
0.9922992299229924,0.455327378184665
0.9923992399239925,0.45554862359993376
0.9924992499249925,0.45577179542955637
0.9925992599259926,0.45599694062481694
0.9926992699269928,0.4562241080555235
0.9927992799279929,0.45645334863543946
0.9928992899289929,0.4566847156442392
0.992999299929993,0.45691826641441996
0.9930993099309932,0.45715405951004634
0.9931993199319933,0.45739215235128705
0.9932993299329933,0.457632600793586
0.9933993399339934,0.45787546074665264
0.9934993499349936,0.45812079149889
0.9935993599359937,0.45836865327525605
0.9936993699369937,0.4586191066520905
0.9937993799379938,0.4588722123618542
0.993899389938994,0.45912803106316724
0.993999399939994,0.45938662307122224
0.9940994099409941,0.45964804805216464
0.9941994199419942,0.4599123646694566
0.9942994299429944,0.4601796302108894
0.9943994399439944,0.4604499059726781
0.9944994499449945,0.46072326480097126
0.9945994599459946,0.4609997866126265
0.9946994699469948,0.4612795585282593
0.9947994799479948,0.46156267577249643
0.9948994899489949,0.4618492426981215
0.994999499949995,0.4621393739610076
0.9950995099509952,0.46243319586033066
0.9951995199519952,0.4627308478898481
0.9952995299529953,0.4630324845331522
0.9953995399539954,0.4633382773551607
0.9954995499549956,0.46364841651620897
0.9955995599559956,0.46396310915344824
0.9956995699569957,0.4642825796378588
0.9957995799579958,0.46460707155609143
0.995899589958996,0.4649368496748722
0.995999599959996,0.4652721974109944
0.9960996099609961,0.4656134141983917
0.9961996199619962,0.465960816090048
0.9962996299629964,0.4663147362980838
0.9963996399639964,0.4666755255171462
0.9964996499649965,0.4670435519533428
0.9965996599659966,0.4674192009088045
0.9966996699669968,0.467802873778211
0.9967996799679968,0.46819498624392436
0.9968996899689969,0.4685959653761471
0.996999699969997,0.4690062453089403
0.9970997099709972,0.46942628557645555
0.9971997199719972,0.4698566621523838
0.9972997299729973,0.4702980448998765
0.9973997399739974,0.47075117219664103
0.9974997499749976,0.471216857367785
0.9975997599759976,0.4716959985175041
0.9976997699769977,0.47218958981651954
0.9977997799779978,0.47269873445459365
0.997899789978998,0.4732246594463185
0.997999799979998,0.47376873242345025
0.9980998099809981,0.4743325086708281
0.9981998199819982,0.4749180294546736
0.9982998299829984,0.4755277979892758
0.9983998399839984,0.47616462200443915
0.9984998499849985,0.4768314526518213
0.9985998599859987,0.4775312079954688
0.9986998699869988,0.4782664408742023
0.9987998799879988,0.47903895237059096
0.9988998899889989,0.47985152251372426
0.998999899989999,0.48070857612908124
0.9990999099909992,0.4816156982556913
0.9991999199919992,0.4825803937164255
0.9992999299929993,0.4836140872778505
0.9993999399939995,0.48473215209845144
0.9994999499949996,0.48595424462608827
0.9995999599959996,0.4873053622768146
0.9996999699969997,0.48881126344479986
0.9997999799979999,0.49048947072937377
0.999899989999,0.4923665255819887
1.0,0.49444444444449986
